company,Title,Frequency,Link
Accenture,Bulb Switcher,100,https://leetcode.com/problems/bulb-switcher
Accenture,Happy Number,99,https://leetcode.com/problems/happy-number
Accenture,Two Sum,95.7,https://leetcode.com/problems/two-sum
Accenture,Climbing Stairs,92,https://leetcode.com/problems/climbing-stairs
Accenture,Best Time to Buy and Sell Stock,92,https://leetcode.com/problems/best-time-to-buy-and-sell-stock
Accenture,Palindrome Number,85.8,https://leetcode.com/problems/palindrome-number
Accenture,Rotate Array,84,https://leetcode.com/problems/rotate-array
Accenture,Roman to Integer,79.9,https://leetcode.com/problems/roman-to-integer
Accenture,Maximum Subarray,79.9,https://leetcode.com/problems/maximum-subarray
Accenture,Delete and Earn,79.9,https://leetcode.com/problems/delete-and-earn
Accenture,Sum of Values at Indices With K Set Bits,77.6,https://leetcode.com/problems/sum-of-values-at-indices-with-k-set-bits
Accenture,Find Subsequence of Length K With the Largest Sum,77.6,https://leetcode.com/problems/find-subsequence-of-length-k-with-the-largest-sum
Accenture,Maximum Area of Longest Diagonal Rectangle,77.6,https://leetcode.com/problems/maximum-area-of-longest-diagonal-rectangle
Accenture,Ant on the Boundary,77.6,https://leetcode.com/problems/ant-on-the-boundary
Accenture,Count Tested Devices After Test Operations,77.6,https://leetcode.com/problems/count-tested-devices-after-test-operations
Accenture,Permutation Difference between Two Strings,77.6,https://leetcode.com/problems/permutation-difference-between-two-strings
Accenture,Minimum Right Shifts to Sort the Array,77.6,https://leetcode.com/problems/minimum-right-shifts-to-sort-the-array
Accenture,Reverse Integer,75,https://leetcode.com/problems/reverse-integer
Accenture,Longest Palindromic Substring,75,https://leetcode.com/problems/longest-palindromic-substring
Accenture,Largest Number,75,https://leetcode.com/problems/largest-number
Accenture,Merge Sorted Array,75,https://leetcode.com/problems/merge-sorted-array
Accenture,Longest Common Prefix,75,https://leetcode.com/problems/longest-common-prefix
Accenture,Spiral Matrix,72.1,https://leetcode.com/problems/spiral-matrix
Accenture,Shortest Palindrome,68.9,https://leetcode.com/problems/shortest-palindrome
Accenture,Sort Integers by The Number of 1 Bits,68.9,https://leetcode.com/problems/sort-integers-by-the-number-of-1-bits
Accenture,Majority Element,68.9,https://leetcode.com/problems/majority-element
Accenture,Longest Substring Without Repeating Characters,68.9,https://leetcode.com/problems/longest-substring-without-repeating-characters
Accenture,3Sum,68.9,https://leetcode.com/problems/3sum
Accenture,Find Peak Element,68.9,https://leetcode.com/problems/find-peak-element
Accenture,Reverse Words in a String,68.9,https://leetcode.com/problems/reverse-words-in-a-string
Accenture,Perfect Squares,68.9,https://leetcode.com/problems/perfect-squares
Accenture,Integer Break,65.1,https://leetcode.com/problems/integer-break
Accenture,Valid Anagram,65.1,https://leetcode.com/problems/valid-anagram
Accenture,Valid Parentheses,65.1,https://leetcode.com/problems/valid-parentheses
Accenture,Plus One,60.7,https://leetcode.com/problems/plus-one
Accenture,Product of Array Except Self,60.7,https://leetcode.com/problems/product-of-array-except-self
Accenture,Container With Most Water,60.7,https://leetcode.com/problems/container-with-most-water
Accenture,Fibonacci Number,60.7,https://leetcode.com/problems/fibonacci-number
Accenture,Remove Duplicates from Sorted Array,60.7,https://leetcode.com/problems/remove-duplicates-from-sorted-array
Accenture,Add Two Numbers,60.7,https://leetcode.com/problems/add-two-numbers
Accenture,Assign Cookies,55.3,https://leetcode.com/problems/assign-cookies
Accenture,House Robber,55.3,https://leetcode.com/problems/house-robber
Accenture,Reverse Vowels of a String,55.3,https://leetcode.com/problems/reverse-vowels-of-a-string
Accenture,Find First and Last Position of Element in Sorted Array,55.3,https://leetcode.com/problems/find-first-and-last-position-of-element-in-sorted-array
Accenture,Longest Increasing Subsequence,55.3,https://leetcode.com/problems/longest-increasing-subsequence
Accenture,Coin Change,55.3,https://leetcode.com/problems/coin-change
Accenture,Nth Digit,55.3,https://leetcode.com/problems/nth-digit
Accenture,Candy,55.3,https://leetcode.com/problems/candy
Accenture,Count Primes,55.3,https://leetcode.com/problems/count-primes
Accenture,Merge Intervals,55.3,https://leetcode.com/problems/merge-intervals
Accenture,Koko Eating Bananas,55.3,https://leetcode.com/problems/koko-eating-bananas
Accenture,Pascal's Triangle,55.3,https://leetcode.com/problems/pascals-triangle
Accenture,Rotate Image,48.3,https://leetcode.com/problems/rotate-image
Accenture,Perfect Number,48.3,https://leetcode.com/problems/perfect-number
Accenture,Sort Array by Increasing Frequency,48.3,https://leetcode.com/problems/sort-array-by-increasing-frequency
Accenture,Find the Winner of the Circular Game,48.3,https://leetcode.com/problems/find-the-winner-of-the-circular-game
Accenture,Next Greater Element I,48.3,https://leetcode.com/problems/next-greater-element-i
Accenture,Valid Palindrome,48.3,https://leetcode.com/problems/valid-palindrome
Accenture,Edit Distance,48.3,https://leetcode.com/problems/edit-distance
Accenture,Next Permutation,48.3,https://leetcode.com/problems/next-permutation
Accenture,Reverse Linked List,48.3,https://leetcode.com/problems/reverse-linked-list
Accenture,Remove Element,48.3,https://leetcode.com/problems/remove-element
Accenture,Remove Duplicates from Sorted List,48.3,https://leetcode.com/problems/remove-duplicates-from-sorted-list
Accenture,Is Subsequence,48.3,https://leetcode.com/problems/is-subsequence
Accenture,Find the Index of the First Occurrence in a String,48.3,https://leetcode.com/problems/find-the-index-of-the-first-occurrence-in-a-string
Accenture,Peak Index in a Mountain Array,48.3,https://leetcode.com/problems/peak-index-in-a-mountain-array
Accenture,Max Consecutive Ones,48.3,https://leetcode.com/problems/max-consecutive-ones
Accenture,Unique Paths,48.3,https://leetcode.com/problems/unique-paths
Accenture,Contains Duplicate,48.3,https://leetcode.com/problems/contains-duplicate
Accenture,Majority Element II,48.3,https://leetcode.com/problems/majority-element-ii
Accenture,01 Matrix,38.7,https://leetcode.com/problems/01-matrix
Accenture,Average Value of Even Numbers That Are Divisible by Three,38.7,https://leetcode.com/problems/average-value-of-even-numbers-that-are-divisible-by-three
Accenture,Integer to Roman,38.7,https://leetcode.com/problems/integer-to-roman
Accenture,Single Number II,38.7,https://leetcode.com/problems/single-number-ii
Accenture,Daily Temperatures,38.7,https://leetcode.com/problems/daily-temperatures
Accenture,Search a 2D Matrix,38.7,https://leetcode.com/problems/search-a-2d-matrix
Accenture,Count Pairs Whose Sum is Less than Target,38.7,https://leetcode.com/problems/count-pairs-whose-sum-is-less-than-target
Accenture,Kth Largest Element in an Array,38.7,https://leetcode.com/problems/kth-largest-element-in-an-array
Accenture,Substrings of Size Three with Distinct Characters,38.7,https://leetcode.com/problems/substrings-of-size-three-with-distinct-characters
Accenture,Count Operations to Obtain Zero,38.7,https://leetcode.com/problems/count-operations-to-obtain-zero
Accenture,Number of Days Between Two Dates,38.7,https://leetcode.com/problems/number-of-days-between-two-dates
Accenture,Maximum Depth of Binary Tree,38.7,https://leetcode.com/problems/maximum-depth-of-binary-tree
Accenture,Excel Sheet Column Title,38.7,https://leetcode.com/problems/excel-sheet-column-title
Accenture,Second Highest Salary,38.7,https://leetcode.com/problems/second-highest-salary
Accenture,Sqrt(x),38.7,https://leetcode.com/problems/sqrtx
Accenture,Find Original Array From Doubled Array,38.7,https://leetcode.com/problems/find-original-array-from-doubled-array
Accenture,N-th Tribonacci Number,38.7,https://leetcode.com/problems/n-th-tribonacci-number
Accenture,Basic Calculator II,38.7,https://leetcode.com/problems/basic-calculator-ii
Accenture,"Pow(x, n)",38.7,https://leetcode.com/problems/powx-n
Accenture,Ugly Number II,38.7,https://leetcode.com/problems/ugly-number-ii
Accenture,Intersection of Two Linked Lists,38.7,https://leetcode.com/problems/intersection-of-two-linked-lists
Accenture,Group Anagrams,38.7,https://leetcode.com/problems/group-anagrams
Accenture,How Many Numbers Are Smaller Than the Current Number,38.7,https://leetcode.com/problems/how-many-numbers-are-smaller-than-the-current-number
Accenture,Palindromic Substrings,38.7,https://leetcode.com/problems/palindromic-substrings
Accenture,Min Cost Climbing Stairs,38.7,https://leetcode.com/problems/min-cost-climbing-stairs
Accenture,Truncate Sentence,38.7,https://leetcode.com/problems/truncate-sentence
Accenture,Median of Two Sorted Arrays,38.7,https://leetcode.com/problems/median-of-two-sorted-arrays
Accenture,Binary Search,38.7,https://leetcode.com/problems/binary-search
Accenture,Make The String Great,38.7,https://leetcode.com/problems/make-the-string-great
Accenture,Department Top Three Salaries,38.7,https://leetcode.com/problems/department-top-three-salaries
Accolite,Replace the Substring for Balanced String,100,https://leetcode.com/problems/replace-the-substring-for-balanced-string
Accolite,Merge Operations to Turn Array Into a Palindrome,87.5,https://leetcode.com/problems/merge-operations-to-turn-array-into-a-palindrome
Accolite,Two Sum,72.8,https://leetcode.com/problems/two-sum
Accolite,Climbing Stairs,72.8,https://leetcode.com/problems/climbing-stairs
Accolite,Longest Substring Without Repeating Characters,62,https://leetcode.com/problems/longest-substring-without-repeating-characters
Accolite,Binary Tree Right Side View,62,https://leetcode.com/problems/binary-tree-right-side-view
Accolite,Valid Parentheses,62,https://leetcode.com/problems/valid-parentheses
Accolite,Longest Palindromic Substring,62,https://leetcode.com/problems/longest-palindromic-substring
Accolite,Trapping Rain Water,53.4,https://leetcode.com/problems/trapping-rain-water
Accolite,Longest Common Prefix,53.4,https://leetcode.com/problems/longest-common-prefix
Accolite,Reverse Vowels of a String,53.4,https://leetcode.com/problems/reverse-vowels-of-a-string
Accolite,Search in Rotated Sorted Array,53.4,https://leetcode.com/problems/search-in-rotated-sorted-array
Accolite,Longest Common Subsequence,53.4,https://leetcode.com/problems/longest-common-subsequence
Accolite,Remove Duplicates from Sorted Array II,53.4,https://leetcode.com/problems/remove-duplicates-from-sorted-array-ii
Accolite,Container With Most Water,53.4,https://leetcode.com/problems/container-with-most-water
Accolite,Asteroid Collision,53.4,https://leetcode.com/problems/asteroid-collision
Accolite,Best Time to Buy and Sell Stock,53.4,https://leetcode.com/problems/best-time-to-buy-and-sell-stock
Acko,Fill Missing Data,100,https://leetcode.com/problems/fill-missing-data
Acko,Count All Valid Pickup and Delivery Options,100,https://leetcode.com/problems/count-all-valid-pickup-and-delivery-options
Acko,Parallel Courses III,89.3,https://leetcode.com/problems/parallel-courses-iii
Acko,Invalid Tweets,89.3,https://leetcode.com/problems/invalid-tweets
Activision,Reformat Phone Number,100,https://leetcode.com/problems/reformat-phone-number
Activision,Decode String,65.9,https://leetcode.com/problems/decode-string
Activision,Number of Divisible Triplet Sums,65.9,https://leetcode.com/problems/number-of-divisible-triplet-sums
Adobe,Two Sum,100,https://leetcode.com/problems/two-sum
Adobe,Longest Common Prefix,79,https://leetcode.com/problems/longest-common-prefix
Adobe,3Sum,78.6,https://leetcode.com/problems/3sum
Adobe,Median of Two Sorted Arrays,77,https://leetcode.com/problems/median-of-two-sorted-arrays
Adobe,Longest Substring Without Repeating Characters,75.7,https://leetcode.com/problems/longest-substring-without-repeating-characters
Adobe,Reverse Integer,74.3,https://leetcode.com/problems/reverse-integer
Adobe,Trapping Rain Water,72.2,https://leetcode.com/problems/trapping-rain-water
Adobe,Merge Sorted Array,71.6,https://leetcode.com/problems/merge-sorted-array
Adobe,Add Two Numbers,70.5,https://leetcode.com/problems/add-two-numbers
Adobe,Climbing Stairs,69.9,https://leetcode.com/problems/climbing-stairs
Adobe,Group Anagrams,68.6,https://leetcode.com/problems/group-anagrams
Adobe,Palindrome Number,68.6,https://leetcode.com/problems/palindrome-number
Adobe,Valid Parentheses,66.6,https://leetcode.com/problems/valid-parentheses
Adobe,Remove Duplicates from Sorted Array,64.3,https://leetcode.com/problems/remove-duplicates-from-sorted-array
Adobe,Container With Most Water,64.3,https://leetcode.com/problems/container-with-most-water
Adobe,Longest Palindromic Substring,64.3,https://leetcode.com/problems/longest-palindromic-substring
Adobe,Next Permutation,63.4,https://leetcode.com/problems/next-permutation
Adobe,Remove Element,63.4,https://leetcode.com/problems/remove-element
Adobe,Roman to Integer,62.6,https://leetcode.com/problems/roman-to-integer
Adobe,Spiral Matrix,62.6,https://leetcode.com/problems/spiral-matrix
Adobe,Merge Two Sorted Lists,61.7,https://leetcode.com/problems/merge-two-sorted-lists
Adobe,Set Matrix Zeroes,59.7,https://leetcode.com/problems/set-matrix-zeroes
Adobe,Jump Game,57.5,https://leetcode.com/problems/jump-game
Adobe,Plus One,57.5,https://leetcode.com/problems/plus-one
Adobe,Generate Parentheses,56.3,https://leetcode.com/problems/generate-parentheses
Adobe,Letter Combinations of a Phone Number,55.1,https://leetcode.com/problems/letter-combinations-of-a-phone-number
Adobe,Rotate Image,55.1,https://leetcode.com/problems/rotate-image
Adobe,Integer to Roman,53.7,https://leetcode.com/problems/integer-to-roman
Adobe,Merge Intervals,52.3,https://leetcode.com/problems/merge-intervals
Adobe,Permutations,52.3,https://leetcode.com/problems/permutations
Adobe,Find First and Last Position of Element in Sorted Array,52.3,https://leetcode.com/problems/find-first-and-last-position-of-element-in-sorted-array
Adobe,Remove Duplicates from Sorted Array II,50.7,https://leetcode.com/problems/remove-duplicates-from-sorted-array-ii
Adobe,Jump Game II,50.7,https://leetcode.com/problems/jump-game-ii
Adobe,Sqrt(x),50.7,https://leetcode.com/problems/sqrtx
Adobe,Sort Colors,49,https://leetcode.com/problems/sort-colors
Adobe,Combination Sum II,49,https://leetcode.com/problems/combination-sum-ii
Adobe,Unique Paths,49,https://leetcode.com/problems/unique-paths
Adobe,First Missing Positive,49,https://leetcode.com/problems/first-missing-positive
Adobe,Maximum Subarray,49,https://leetcode.com/problems/maximum-subarray
Adobe,Valid Sudoku,49,https://leetcode.com/problems/valid-sudoku
Adobe,Merge k Sorted Lists,49,https://leetcode.com/problems/merge-k-sorted-lists
Adobe,Search in Rotated Sorted Array,47.2,https://leetcode.com/problems/search-in-rotated-sorted-array
Adobe,"Pow(x, n)",47.2,https://leetcode.com/problems/powx-n
Adobe,Find the Index of the First Occurrence in a String,45.2,https://leetcode.com/problems/find-the-index-of-the-first-occurrence-in-a-string
Adobe,Subsets,45.2,https://leetcode.com/problems/subsets
Adobe,Search Insert Position,45.2,https://leetcode.com/problems/search-insert-position
Adobe,Construct Binary Tree from Preorder and Inorder Traversal,45.2,https://leetcode.com/problems/construct-binary-tree-from-preorder-and-inorder-traversal
Adobe,Divide Two Integers,45.2,https://leetcode.com/problems/divide-two-integers
Adobe,String to Integer (atoi),42.9,https://leetcode.com/problems/string-to-integer-atoi
Adobe,Reverse Nodes in k-Group,42.9,https://leetcode.com/problems/reverse-nodes-in-k-group
Adobe,Reverse Linked List II,42.9,https://leetcode.com/problems/reverse-linked-list-ii
Adobe,Binary Tree Zigzag Level Order Traversal,42.9,https://leetcode.com/problems/binary-tree-zigzag-level-order-traversal
Adobe,Length of Last Word,42.9,https://leetcode.com/problems/length-of-last-word
Adobe,Swap Nodes in Pairs,42.9,https://leetcode.com/problems/swap-nodes-in-pairs
Adobe,Minimum Window Substring,42.9,https://leetcode.com/problems/minimum-window-substring
Adobe,Largest Rectangle in Histogram,42.9,https://leetcode.com/problems/largest-rectangle-in-histogram
Adobe,Zigzag Conversion,40.3,https://leetcode.com/problems/zigzag-conversion
Adobe,4Sum,40.3,https://leetcode.com/problems/4sum
Adobe,3Sum Closest,40.3,https://leetcode.com/problems/3sum-closest
Adobe,Wildcard Matching,40.3,https://leetcode.com/problems/wildcard-matching
Adobe,Remove Nth Node From End of List,40.3,https://leetcode.com/problems/remove-nth-node-from-end-of-list
Adobe,Partition List,40.3,https://leetcode.com/problems/partition-list
Adobe,Binary Tree Inorder Traversal,37.3,https://leetcode.com/problems/binary-tree-inorder-traversal
Adobe,Insert Interval,37.3,https://leetcode.com/problems/insert-interval
Adobe,Symmetric Tree,37.3,https://leetcode.com/problems/symmetric-tree
Adobe,Sudoku Solver,37.3,https://leetcode.com/problems/sudoku-solver
Adobe,Text Justification,33.9,https://leetcode.com/problems/text-justification
Adobe,Add Binary,33.9,https://leetcode.com/problems/add-binary
Adobe,Decode Ways,33.9,https://leetcode.com/problems/decode-ways
Adobe,Longest Valid Parentheses,33.9,https://leetcode.com/problems/longest-valid-parentheses
Adobe,Same Tree,33.9,https://leetcode.com/problems/same-tree
Adobe,Balanced Binary Tree,33.9,https://leetcode.com/problems/balanced-binary-tree
Adobe,Word Search,33.9,https://leetcode.com/problems/word-search
Adobe,Search a 2D Matrix,33.9,https://leetcode.com/problems/search-a-2d-matrix
Adobe,Remove Duplicates from Sorted List,29.7,https://leetcode.com/problems/remove-duplicates-from-sorted-list
Adobe,Validate Binary Search Tree,29.7,https://leetcode.com/problems/validate-binary-search-tree
Adobe,Maximum Depth of Binary Tree,29.7,https://leetcode.com/problems/maximum-depth-of-binary-tree
Adobe,Search in Rotated Sorted Array II,29.7,https://leetcode.com/problems/search-in-rotated-sorted-array-ii
Adobe,Combinations,29.7,https://leetcode.com/problems/combinations
Adobe,Edit Distance,29.7,https://leetcode.com/problems/edit-distance
Adobe,Unique Paths II,29.7,https://leetcode.com/problems/unique-paths-ii
Adobe,Rotate List,29.7,https://leetcode.com/problems/rotate-list
Adobe,Permutation Sequence,29.7,https://leetcode.com/problems/permutation-sequence
Adobe,Spiral Matrix II,29.7,https://leetcode.com/problems/spiral-matrix-ii
Adobe,Substring with Concatenation of All Words,29.7,https://leetcode.com/problems/substring-with-concatenation-of-all-words
Adobe,Remove Duplicates from Sorted List II,24.4,https://leetcode.com/problems/remove-duplicates-from-sorted-list-ii
Adobe,Count and Say,24.4,https://leetcode.com/problems/count-and-say
Adobe,Restore IP Addresses,24.4,https://leetcode.com/problems/restore-ip-addresses
Adobe,N-Queens,24.4,https://leetcode.com/problems/n-queens
Adobe,Permutations II,24.4,https://leetcode.com/problems/permutations-ii
Adobe,Simplify Path,24.4,https://leetcode.com/problems/simplify-path
Adobe,Convert Sorted Array to Binary Search Tree,17.4,https://leetcode.com/problems/convert-sorted-array-to-binary-search-tree
Adobe,Construct Binary Tree from Inorder and Postorder Traversal,17.4,https://leetcode.com/problems/construct-binary-tree-from-inorder-and-postorder-traversal
Adobe,Combination Sum,17.4,https://leetcode.com/problems/combination-sum
Adobe,Binary Tree Level Order Traversal,17.4,https://leetcode.com/problems/binary-tree-level-order-traversal
Adobe,Unique Binary Search Trees,17.4,https://leetcode.com/problems/unique-binary-search-trees
Adobe,Subsets II,17.4,https://leetcode.com/problems/subsets-ii
Adobe,Maximal Rectangle,17.4,https://leetcode.com/problems/maximal-rectangle
Adobe,Multiply Strings,17.4,https://leetcode.com/problems/multiply-strings
Adobe,Minimum Depth of Binary Tree,17.4,https://leetcode.com/problems/minimum-depth-of-binary-tree
Affirm,Insert Delete GetRandom O(1),100,https://leetcode.com/problems/insert-delete-getrandom-o1
Affirm,Shortest Uncommon Substring in an Array,81,https://leetcode.com/problems/shortest-uncommon-substring-in-an-array
Affirm,Group Anagrams,76.6,https://leetcode.com/problems/group-anagrams
Affirm,Parse Lisp Expression,74.9,https://leetcode.com/problems/parse-lisp-expression
Affirm,Design Hit Counter,73,https://leetcode.com/problems/design-hit-counter
Affirm,Insert Delete GetRandom O(1) - Duplicates allowed,70.9,https://leetcode.com/problems/insert-delete-getrandom-o1-duplicates-allowed
Affirm,String Compression,68.4,https://leetcode.com/problems/string-compression
Affirm,Valid Anagram,65.6,https://leetcode.com/problems/valid-anagram
Affirm,Coin Change,58.3,https://leetcode.com/problems/coin-change
Affirm,String Compression III,45.8,https://leetcode.com/problems/string-compression-iii
Affirm,Number of Recent Calls,45.8,https://leetcode.com/problems/number-of-recent-calls
Agoda,3Sum,100,https://leetcode.com/problems/3sum
Agoda,Find the Child Who Has the Ball After K Seconds,95.5,https://leetcode.com/problems/find-the-child-who-has-the-ball-after-k-seconds
Agoda,Best Time to Buy and Sell Stock,95.5,https://leetcode.com/problems/best-time-to-buy-and-sell-stock
Agoda,Capacity To Ship Packages Within D Days,92.9,https://leetcode.com/problems/capacity-to-ship-packages-within-d-days
Agoda,Longest Substring Without Repeating Characters,90,https://leetcode.com/problems/longest-substring-without-repeating-characters
Agoda,Unique Paths II,82.9,https://leetcode.com/problems/unique-paths-ii
Agoda,Minimum Absolute Difference,82.9,https://leetcode.com/problems/minimum-absolute-difference
Agoda,Daily Temperatures,82.9,https://leetcode.com/problems/daily-temperatures
Agoda,House Robber,72.9,https://leetcode.com/problems/house-robber
Agoda,Minimum Window Substring,65.8,https://leetcode.com/problems/minimum-window-substring
Agoda,Coin Change,65.8,https://leetcode.com/problems/coin-change
Agoda,Triangle,65.8,https://leetcode.com/problems/triangle
Agoda,Backspace String Compare,65.8,https://leetcode.com/problems/backspace-string-compare
Agoda,Brick Wall,65.8,https://leetcode.com/problems/brick-wall
Agoda,Find Pivot Index,65.8,https://leetcode.com/problems/find-pivot-index
Agoda,Integer to Roman,65.8,https://leetcode.com/problems/integer-to-roman
Agoda,Two Sum,55.9,https://leetcode.com/problems/two-sum
Agoda,Insert Delete GetRandom O(1),55.9,https://leetcode.com/problems/insert-delete-getrandom-o1
Agoda,Subarray Product Less Than K,55.9,https://leetcode.com/problems/subarray-product-less-than-k
Agoda,Merge Sorted Array,55.9,https://leetcode.com/problems/merge-sorted-array
Agoda,Merge Intervals,55.9,https://leetcode.com/problems/merge-intervals
Agoda,Best Time to Buy and Sell Stock II,55.9,https://leetcode.com/problems/best-time-to-buy-and-sell-stock-ii
Agoda,Squares of a Sorted Array,55.9,https://leetcode.com/problems/squares-of-a-sorted-array
Agoda,Find the Smallest Divisor Given a Threshold,55.9,https://leetcode.com/problems/find-the-smallest-divisor-given-a-threshold
Agoda,Next Greater Element I,55.9,https://leetcode.com/problems/next-greater-element-i
Agoda,Reverse Substrings Between Each Pair of Parentheses,55.9,https://leetcode.com/problems/reverse-substrings-between-each-pair-of-parentheses
Agoda,Permutation in String,55.9,https://leetcode.com/problems/permutation-in-string
Agoda,Longest Palindromic Substring,55.9,https://leetcode.com/problems/longest-palindromic-substring
Agoda,Decode String,55.9,https://leetcode.com/problems/decode-string
Agoda,Lexicographically Smallest String After Substring Operation,55.9,https://leetcode.com/problems/lexicographically-smallest-string-after-substring-operation
Agoda,Jump Game II,55.9,https://leetcode.com/problems/jump-game-ii
Agoda,Move Zeroes,55.9,https://leetcode.com/problems/move-zeroes
Agoda,Sort Array by Increasing Frequency,55.9,https://leetcode.com/problems/sort-array-by-increasing-frequency
Agoda,Can Place Flowers,55.9,https://leetcode.com/problems/can-place-flowers
Agoda,Find Median from Data Stream,55.9,https://leetcode.com/problems/find-median-from-data-stream
Agoda,Kth Smallest Element in a BST,55.9,https://leetcode.com/problems/kth-smallest-element-in-a-bst
Agoda,Plus One,55.9,https://leetcode.com/problems/plus-one
Agoda,Group Anagrams,55.9,https://leetcode.com/problems/group-anagrams
Agoda,Valid Parentheses,55.9,https://leetcode.com/problems/valid-parentheses
Agoda,Eliminate Maximum Number of Monsters,55.9,https://leetcode.com/problems/eliminate-maximum-number-of-monsters
Airbnb,Text Justification,100,https://leetcode.com/problems/text-justification
Airbnb,Palindrome Pairs,94.5,https://leetcode.com/problems/palindrome-pairs
Airbnb,Maximum Profit in Job Scheduling,94.5,https://leetcode.com/problems/maximum-profit-in-job-scheduling
Airbnb,Flatten 2D Vector,89.9,https://leetcode.com/problems/flatten-2d-vector
Airbnb,Combination Sum,87.2,https://leetcode.com/problems/combination-sum
Airbnb,Smallest Common Region,84.1,https://leetcode.com/problems/smallest-common-region
Airbnb,Pour Water,82.9,https://leetcode.com/problems/pour-water
Airbnb,Cheapest Flights Within K Stops,80.4,https://leetcode.com/problems/cheapest-flights-within-k-stops
Airbnb,Trapping Rain Water,80.4,https://leetcode.com/problems/trapping-rain-water
Airbnb,Alien Dictionary,80.4,https://leetcode.com/problems/alien-dictionary
Airbnb,Sliding Puzzle,79,https://leetcode.com/problems/sliding-puzzle
Airbnb,Simple Bank System,74.3,https://leetcode.com/problems/simple-bank-system
Airbnb,Shortest Path to Get All Keys,74.3,https://leetcode.com/problems/shortest-path-to-get-all-keys
Airbnb,Minimum Window Substring,74.3,https://leetcode.com/problems/minimum-window-substring
Airbnb,Employee Free Time,74.3,https://leetcode.com/problems/employee-free-time
Airbnb,Add Two Numbers,72.4,https://leetcode.com/problems/add-two-numbers
Airbnb,Word Search II,72.4,https://leetcode.com/problems/word-search-ii
Airbnb,Maximum Candies You Can Get from Boxes,72.4,https://leetcode.com/problems/maximum-candies-you-can-get-from-boxes
Airbnb,Basic Calculator II,72.4,https://leetcode.com/problems/basic-calculator-ii
Airbnb,Contains Duplicate II,72.4,https://leetcode.com/problems/contains-duplicate-ii
Airbnb,Two Sum,72.4,https://leetcode.com/problems/two-sum
Airbnb,Intersection of Two Linked Lists,72.4,https://leetcode.com/problems/intersection-of-two-linked-lists
Airbnb,Contains Duplicate,70.4,https://leetcode.com/problems/contains-duplicate
Airbnb,Mini Parser,70.4,https://leetcode.com/problems/mini-parser
Airbnb,Regular Expression Matching,70.4,https://leetcode.com/problems/regular-expression-matching
Airbnb,Valid Parentheses,70.4,https://leetcode.com/problems/valid-parentheses
Airbnb,Pyramid Transition Matrix,70.4,https://leetcode.com/problems/pyramid-transition-matrix
Airbnb,Merge k Sorted Lists,70.4,https://leetcode.com/problems/merge-k-sorted-lists
Airbnb,IP to CIDR,70.4,https://leetcode.com/problems/ip-to-cidr
Airbnb,Strings Differ by One Character,70.4,https://leetcode.com/problems/strings-differ-by-one-character
Airbnb,Minimum Number of Vertices to Reach All Nodes,70.4,https://leetcode.com/problems/minimum-number-of-vertices-to-reach-all-nodes
Airbnb,Robot Bounded In Circle,70.4,https://leetcode.com/problems/robot-bounded-in-circle
Airbnb,Add Strings,70.4,https://leetcode.com/problems/add-strings
Airbnb,Minimize Rounding Error to Meet Target,70.4,https://leetcode.com/problems/minimize-rounding-error-to-meet-target
Airbnb,Minimum Number of Flips to Convert Binary Matrix to Zero Matrix,70.4,https://leetcode.com/problems/minimum-number-of-flips-to-convert-binary-matrix-to-zero-matrix
Airbnb,Number of Ways to Build House of Cards,70.4,https://leetcode.com/problems/number-of-ways-to-build-house-of-cards
Airbnb,Happy Number,70.4,https://leetcode.com/problems/happy-number
Airbnb,Convert to Base -2,70.4,https://leetcode.com/problems/convert-to-base-2
Airbnb,Design File System,70.4,https://leetcode.com/problems/design-file-system
Airbnb,Convert Sorted Array to Binary Search Tree,70.4,https://leetcode.com/problems/convert-sorted-array-to-binary-search-tree
Airbnb,Single Number,70.4,https://leetcode.com/problems/single-number
Airbnb,Reverse Bits,70.4,https://leetcode.com/problems/reverse-bits
Airbnb,House Robber,70.4,https://leetcode.com/problems/house-robber
Airbnb,Contains Duplicate III,70.4,https://leetcode.com/problems/contains-duplicate-iii
Airbnb,Maximal Square,70.4,https://leetcode.com/problems/maximal-square
Airbnb,Design Tic-Tac-Toe,59.5,https://leetcode.com/problems/design-tic-tac-toe
Airbnb,Subarray Product Less Than K,55.6,https://leetcode.com/problems/subarray-product-less-than-k
Airbnb,Shortest Uncommon Substring in an Array,55.6,https://leetcode.com/problems/shortest-uncommon-substring-in-an-array
Airbnb,Design Excel Sum Formula,50.8,https://leetcode.com/problems/design-excel-sum-formula
Airbnb,All O`one Data Structure,44.8,https://leetcode.com/problems/all-oone-data-structure
Airbnb,Merge Intervals,36.3,https://leetcode.com/problems/merge-intervals
Airbnb,Time Based Key-Value Store,36.3,https://leetcode.com/problems/time-based-key-value-store
Airbnb,Shortest Path in Binary Matrix,36.3,https://leetcode.com/problems/shortest-path-in-binary-matrix
Airbnb,Making A Large Island,36.3,https://leetcode.com/problems/making-a-large-island
Airbnb,Flatten Nested List Iterator,36.3,https://leetcode.com/problems/flatten-nested-list-iterator
Airbnb,Fraction to Recurring Decimal,36.3,https://leetcode.com/problems/fraction-to-recurring-decimal
Airbnb,Can Place Flowers,36.3,https://leetcode.com/problems/can-place-flowers
Airbnb,Coin Change,36.3,https://leetcode.com/problems/coin-change
Airbus SE,Find the Number of Good Pairs II,100,https://leetcode.com/problems/find-the-number-of-good-pairs-ii
Airbus SE,Find the Number of Good Pairs I,100,https://leetcode.com/problems/find-the-number-of-good-pairs-i
Airbus SE,Minimum Array Changes to Make Differences Equal,100,https://leetcode.com/problems/minimum-array-changes-to-make-differences-equal
Airbus SE,Longest Common Prefix,65.7,https://leetcode.com/problems/longest-common-prefix
Airbus SE,Two Sum,65.7,https://leetcode.com/problems/two-sum
Airtel,Find Polygon With the Largest Perimeter,100,https://leetcode.com/problems/find-polygon-with-the-largest-perimeter
Airtel,XOR Queries of a Subarray,97.9,https://leetcode.com/problems/xor-queries-of-a-subarray
Airtel,Longest Substring Without Repeating Characters,77.8,https://leetcode.com/problems/longest-substring-without-repeating-characters
Airtel,Generate Parentheses,62.5,https://leetcode.com/problems/generate-parentheses
Airtel,Best Time to Buy and Sell Stock,62.5,https://leetcode.com/problems/best-time-to-buy-and-sell-stock
Airtel,Find First and Last Position of Element in Sorted Array,62.5,https://leetcode.com/problems/find-first-and-last-position-of-element-in-sorted-array
Airwallex,Daily Temperatures,100,https://leetcode.com/problems/daily-temperatures
Akamai,N-Repeated Element in Size 2N Array,100,https://leetcode.com/problems/n-repeated-element-in-size-2n-array
Akamai,Best Time to Buy and Sell Stock,72.2,https://leetcode.com/problems/best-time-to-buy-and-sell-stock
Akamai,Two Sum,62.9,https://leetcode.com/problems/two-sum
Akamai,Median of Two Sorted Arrays,62.9,https://leetcode.com/problems/median-of-two-sorted-arrays
Akamai,Construct Binary Search Tree from Preorder Traversal,62.9,https://leetcode.com/problems/construct-binary-search-tree-from-preorder-traversal
Akamai,Longest Palindrome,62.9,https://leetcode.com/problems/longest-palindrome
Akamai,Pairs of Songs With Total Durations Divisible by 60,62.9,https://leetcode.com/problems/pairs-of-songs-with-total-durations-divisible-by-60
Akuna Capital,Delete and Earn,100,https://leetcode.com/problems/delete-and-earn
Akuna Capital,Minimum Initial Energy to Finish Tasks,100,https://leetcode.com/problems/minimum-initial-energy-to-finish-tasks
Akuna Capital,Dice Roll Simulation,97.6,https://leetcode.com/problems/dice-roll-simulation
Akuna Capital,Number of Operations to Make Network Connected,97.6,https://leetcode.com/problems/number-of-operations-to-make-network-connected
Akuna Capital,Map Sum Pairs,97.6,https://leetcode.com/problems/map-sum-pairs
Akuna Capital,Increasing Decreasing String,97.6,https://leetcode.com/problems/increasing-decreasing-string
Akuna Capital,Cherry Pickup,97.6,https://leetcode.com/problems/cherry-pickup
Akuna Capital,Network Delay Time,97.6,https://leetcode.com/problems/network-delay-time
Akuna Capital,Create Sorted Array through Instructions,97.6,https://leetcode.com/problems/create-sorted-array-through-instructions
Akuna Capital,Can Make Palindrome from Substring,97.6,https://leetcode.com/problems/can-make-palindrome-from-substring
Akuna Capital,Constrained Subsequence Sum,97.6,https://leetcode.com/problems/constrained-subsequence-sum
Akuna Capital,Reduce Array Size to The Half,97.6,https://leetcode.com/problems/reduce-array-size-to-the-half
Akuna Capital,Minimum Number of Taps to Open to Water a Garden,97.6,https://leetcode.com/problems/minimum-number-of-taps-to-open-to-water-a-garden
Akuna Capital,Number of Different Subsequences GCDs,97.6,https://leetcode.com/problems/number-of-different-subsequences-gcds
Akuna Capital,Count and Say,88.8,https://leetcode.com/problems/count-and-say
Akuna Capital,Minimum Processing Time,67.7,https://leetcode.com/problems/minimum-processing-time
Akuna Capital,Number of Islands,67.7,https://leetcode.com/problems/number-of-islands
Akuna Capital,Maximum Star Sum of a Graph,67.7,https://leetcode.com/problems/maximum-star-sum-of-a-graph
Akuna Capital,Distance to a Cycle in Undirected Graph,57.7,https://leetcode.com/problems/distance-to-a-cycle-in-undirected-graph
Akuna Capital,Flood Fill,57.7,https://leetcode.com/problems/flood-fill
Akuna Capital,Sort Array by Increasing Frequency,57.7,https://leetcode.com/problems/sort-array-by-increasing-frequency
Akuna Capital,Maximum Profit in Job Scheduling,57.7,https://leetcode.com/problems/maximum-profit-in-job-scheduling
Akuna Capital,Critical Connections in a Network,57.7,https://leetcode.com/problems/critical-connections-in-a-network
Alibaba,Split Array with Equal Sum,100,https://leetcode.com/problems/split-array-with-equal-sum
Alibaba,Split Concatenated Strings,100,https://leetcode.com/problems/split-concatenated-strings
Alibaba,Path Sum IV,100,https://leetcode.com/problems/path-sum-iv
Alibaba,Valid Parenthesis String,100,https://leetcode.com/problems/valid-parenthesis-string
Alibaba,Longest Substring Without Repeating Characters,63.7,https://leetcode.com/problems/longest-substring-without-repeating-characters
Altimetrik,Maximum Number of Pairs in Array,100,https://leetcode.com/problems/maximum-number-of-pairs-in-array
Altimetrik,Two Sum,80.4,https://leetcode.com/problems/two-sum
Altimetrik,3Sum,74.3,https://leetcode.com/problems/3sum
Altimetrik,Design a Food Rating System,65.6,https://leetcode.com/problems/design-a-food-rating-system
Amadeus,Watering Plants,100,https://leetcode.com/problems/watering-plants
Amadeus,Two Sum,87,https://leetcode.com/problems/two-sum
Amadeus,Water Bottles,70.8,https://leetcode.com/problems/water-bottles
Amadeus,Minimum Time to Complete Trips,70.8,https://leetcode.com/problems/minimum-time-to-complete-trips
Amazon,Two Sum,100,https://leetcode.com/problems/two-sum
Amazon,Trapping Rain Water,85.9,https://leetcode.com/problems/trapping-rain-water
Amazon,Longest Substring Without Repeating Characters,82.6,https://leetcode.com/problems/longest-substring-without-repeating-characters
Amazon,Merge Sorted Array,81.4,https://leetcode.com/problems/merge-sorted-array
Amazon,Group Anagrams,78.9,https://leetcode.com/problems/group-anagrams
Amazon,Add Two Numbers,77.9,https://leetcode.com/problems/add-two-numbers
Amazon,Valid Parentheses,77.7,https://leetcode.com/problems/valid-parentheses
Amazon,Longest Palindromic Substring,77.1,https://leetcode.com/problems/longest-palindromic-substring
Amazon,3Sum,76.7,https://leetcode.com/problems/3sum
Amazon,Merge Intervals,75.8,https://leetcode.com/problems/merge-intervals
Amazon,Median of Two Sorted Arrays,75.3,https://leetcode.com/problems/median-of-two-sorted-arrays
Amazon,Container With Most Water,75.1,https://leetcode.com/problems/container-with-most-water
Amazon,Merge k Sorted Lists,71.4,https://leetcode.com/problems/merge-k-sorted-lists
Amazon,Maximum Subarray,71.1,https://leetcode.com/problems/maximum-subarray
Amazon,Longest Common Prefix,70.8,https://leetcode.com/problems/longest-common-prefix
Amazon,Climbing Stairs,69.8,https://leetcode.com/problems/climbing-stairs
Amazon,Jump Game,69.8,https://leetcode.com/problems/jump-game
Amazon,Generate Parentheses,68.6,https://leetcode.com/problems/generate-parentheses
Amazon,Letter Combinations of a Phone Number,68.2,https://leetcode.com/problems/letter-combinations-of-a-phone-number
Amazon,Spiral Matrix,67.2,https://leetcode.com/problems/spiral-matrix
Amazon,Search in Rotated Sorted Array,67.1,https://leetcode.com/problems/search-in-rotated-sorted-array
Amazon,Palindrome Number,66.9,https://leetcode.com/problems/palindrome-number
Amazon,Roman to Integer,66.1,https://leetcode.com/problems/roman-to-integer
Amazon,Merge Two Sorted Lists,66,https://leetcode.com/problems/merge-two-sorted-lists
Amazon,Reverse Integer,65.3,https://leetcode.com/problems/reverse-integer
Amazon,Rotate Image,63.9,https://leetcode.com/problems/rotate-image
Amazon,Word Search,63.6,https://leetcode.com/problems/word-search
Amazon,Next Permutation,63.2,https://leetcode.com/problems/next-permutation
Amazon,Remove Duplicates from Sorted Array,62.9,https://leetcode.com/problems/remove-duplicates-from-sorted-array
Amazon,Largest Rectangle in Histogram,61.5,https://leetcode.com/problems/largest-rectangle-in-histogram
Amazon,Valid Sudoku,61.1,https://leetcode.com/problems/valid-sudoku
Amazon,Find First and Last Position of Element in Sorted Array,61.1,https://leetcode.com/problems/find-first-and-last-position-of-element-in-sorted-array
Amazon,First Missing Positive,59.1,https://leetcode.com/problems/first-missing-positive
Amazon,Jump Game II,59.1,https://leetcode.com/problems/jump-game-ii
Amazon,Subsets,58.9,https://leetcode.com/problems/subsets
Amazon,Set Matrix Zeroes,58.7,https://leetcode.com/problems/set-matrix-zeroes
Amazon,4Sum,57.6,https://leetcode.com/problems/4sum
Amazon,Reverse Nodes in k-Group,57.3,https://leetcode.com/problems/reverse-nodes-in-k-group
Amazon,"Pow(x, n)",57.3,https://leetcode.com/problems/powx-n
Amazon,Unique Paths,56.9,https://leetcode.com/problems/unique-paths
Amazon,Sort Colors,56.4,https://leetcode.com/problems/sort-colors
Amazon,Search a 2D Matrix,56.1,https://leetcode.com/problems/search-a-2d-matrix
Amazon,Regular Expression Matching,56.1,https://leetcode.com/problems/regular-expression-matching
Amazon,Minimum Window Substring,54.8,https://leetcode.com/problems/minimum-window-substring
Amazon,Remove Nth Node From End of List,54.8,https://leetcode.com/problems/remove-nth-node-from-end-of-list
Amazon,Validate Binary Search Tree,54,https://leetcode.com/problems/validate-binary-search-tree
Amazon,N-Queens,53.7,https://leetcode.com/problems/n-queens
Amazon,Zigzag Conversion,52.8,https://leetcode.com/problems/zigzag-conversion
Amazon,Combination Sum,52.8,https://leetcode.com/problems/combination-sum
Amazon,Remove Element,52.8,https://leetcode.com/problems/remove-element
Amazon,Find the Index of the First Occurrence in a String,52.8,https://leetcode.com/problems/find-the-index-of-the-first-occurrence-in-a-string
Amazon,Integer to Roman,52.2,https://leetcode.com/problems/integer-to-roman
Amazon,Sqrt(x),51.2,https://leetcode.com/problems/sqrtx
Amazon,Plus One,51.2,https://leetcode.com/problems/plus-one
Amazon,Permutations,50.2,https://leetcode.com/problems/permutations
Amazon,Search Insert Position,49.1,https://leetcode.com/problems/search-insert-position
Amazon,Longest Valid Parentheses,48.7,https://leetcode.com/problems/longest-valid-parentheses
Amazon,Reverse Linked List II,46.6,https://leetcode.com/problems/reverse-linked-list-ii
Amazon,String to Integer (atoi),46.6,https://leetcode.com/problems/string-to-integer-atoi
Amazon,Edit Distance,45.7,https://leetcode.com/problems/edit-distance
Amazon,Add Binary,45.7,https://leetcode.com/problems/add-binary
Amazon,Divide Two Integers,45.7,https://leetcode.com/problems/divide-two-integers
Amazon,Swap Nodes in Pairs,45.7,https://leetcode.com/problems/swap-nodes-in-pairs
Amazon,Simplify Path,45.3,https://leetcode.com/problems/simplify-path
Amazon,Decode Ways,45.3,https://leetcode.com/problems/decode-ways
Amazon,Minimum Path Sum,44.3,https://leetcode.com/problems/minimum-path-sum
Amazon,Remove Duplicates from Sorted Array II,44.3,https://leetcode.com/problems/remove-duplicates-from-sorted-array-ii
Amazon,Rotate List,43.8,https://leetcode.com/problems/rotate-list
Amazon,Subsets II,43.8,https://leetcode.com/problems/subsets-ii
Amazon,Combination Sum II,43.8,https://leetcode.com/problems/combination-sum-ii
Amazon,Same Tree,43.2,https://leetcode.com/problems/same-tree
Amazon,Length of Last Word,43.2,https://leetcode.com/problems/length-of-last-word
Amazon,3Sum Closest,42.7,https://leetcode.com/problems/3sum-closest
Amazon,Sudoku Solver,42.7,https://leetcode.com/problems/sudoku-solver
Amazon,Insert Interval,42.7,https://leetcode.com/problems/insert-interval
Amazon,Wildcard Matching,41.6,https://leetcode.com/problems/wildcard-matching
Amazon,Count and Say,40.4,https://leetcode.com/problems/count-and-say
Amazon,Search in Rotated Sorted Array II,39.7,https://leetcode.com/problems/search-in-rotated-sorted-array-ii
Amazon,Remove Duplicates from Sorted List,39.1,https://leetcode.com/problems/remove-duplicates-from-sorted-list
Amazon,Binary Tree Inorder Traversal,37.6,https://leetcode.com/problems/binary-tree-inorder-traversal
Amazon,Multiply Strings,37.6,https://leetcode.com/problems/multiply-strings
Amazon,Text Justification,36.9,https://leetcode.com/problems/text-justification
Amazon,Maximal Rectangle,36.1,https://leetcode.com/problems/maximal-rectangle
Amazon,Unique Binary Search Trees II,35.3,https://leetcode.com/problems/unique-binary-search-trees-ii
Amazon,Partition List,35.3,https://leetcode.com/problems/partition-list
Amazon,Unique Paths II,35.3,https://leetcode.com/problems/unique-paths-ii
Amazon,Permutation Sequence,34.4,https://leetcode.com/problems/permutation-sequence
Amazon,Substring with Concatenation of All Words,32.6,https://leetcode.com/problems/substring-with-concatenation-of-all-words
Amazon,Combinations,31.5,https://leetcode.com/problems/combinations
Amazon,Recover Binary Search Tree,30.5,https://leetcode.com/problems/recover-binary-search-tree
Amazon,Interleaving String,28.1,https://leetcode.com/problems/interleaving-string
Amazon,Permutations II,28.1,https://leetcode.com/problems/permutations-ii
Amazon,Gray Code,26.8,https://leetcode.com/problems/gray-code
Amazon,Unique Binary Search Trees,26.8,https://leetcode.com/problems/unique-binary-search-trees
Amazon,Spiral Matrix II,23.8,https://leetcode.com/problems/spiral-matrix-ii
Amazon,Restore IP Addresses,23.8,https://leetcode.com/problems/restore-ip-addresses
Amazon,Remove Duplicates from Sorted List II,22.1,https://leetcode.com/problems/remove-duplicates-from-sorted-list-ii
Amazon,Valid Number,20.3,https://leetcode.com/problems/valid-number
Amazon,N-Queens II,16,https://leetcode.com/problems/n-queens-ii
Amazon,Scramble String,13.4,https://leetcode.com/problems/scramble-string
AMD,Rotate Image,100,https://leetcode.com/problems/rotate-image
AMD,Spiral Matrix,100,https://leetcode.com/problems/spiral-matrix
AMD,Number of 1 Bits,100,https://leetcode.com/problems/number-of-1-bits
AMD,Two Sum,100,https://leetcode.com/problems/two-sum
AMD,Longest Substring Without Repeating Characters,87.5,https://leetcode.com/problems/longest-substring-without-repeating-characters
AMD,Climbing Stairs,87.5,https://leetcode.com/problems/climbing-stairs
AMD,Kth Largest Element in an Array,87.5,https://leetcode.com/problems/kth-largest-element-in-an-array
AMD,Subarray Sum Equals K,87.5,https://leetcode.com/problems/subarray-sum-equals-k
AMD,Roman to Integer,87.5,https://leetcode.com/problems/roman-to-integer
AMD,Merge Intervals,87.5,https://leetcode.com/problems/merge-intervals
AMD,3Sum,87.5,https://leetcode.com/problems/3sum
Amdocs,Number of Divisible Substrings,100,https://leetcode.com/problems/number-of-divisible-substrings
Amdocs,Design a 3D Binary Matrix with Efficient Layer Tracking,100,https://leetcode.com/problems/design-a-3d-binary-matrix-with-efficient-layer-tracking
Amdocs,Backspace String Compare,63.4,https://leetcode.com/problems/backspace-string-compare
Amdocs,Second Highest Salary,63.4,https://leetcode.com/problems/second-highest-salary
Amdocs,Build Array Where You Can Find The Maximum Exactly K Comparisons,63.4,https://leetcode.com/problems/build-array-where-you-can-find-the-maximum-exactly-k-comparisons
Amdocs,Generate Parentheses,63.4,https://leetcode.com/problems/generate-parentheses
Amdocs,Rotate String,63.4,https://leetcode.com/problems/rotate-string
American Express,Minimum Deletions to Make Character Frequencies Unique,100,https://leetcode.com/problems/minimum-deletions-to-make-character-frequencies-unique
American Express,Maximum Equal Frequency,97.9,https://leetcode.com/problems/maximum-equal-frequency
American Express,Percentage of Letter in String,95.5,https://leetcode.com/problems/percentage-of-letter-in-string
American Express,Minimum Number of Operations to Make Array XOR Equal to K,95.5,https://leetcode.com/problems/minimum-number-of-operations-to-make-array-xor-equal-to-k
American Express,Equal Sum Arrays With Minimum Number of Operations,95.5,https://leetcode.com/problems/equal-sum-arrays-with-minimum-number-of-operations
American Express,Find a Value of a Mysterious Function Closest to Target,95.5,https://leetcode.com/problems/find-a-value-of-a-mysterious-function-closest-to-target
American Express,Maximum XOR After Operations ,95.5,https://leetcode.com/problems/maximum-xor-after-operations
American Express,Divide an Array Into Subarrays With Minimum Cost II,95.5,https://leetcode.com/problems/divide-an-array-into-subarrays-with-minimum-cost-ii
American Express,Divide an Array Into Subarrays With Minimum Cost I,95.5,https://leetcode.com/problems/divide-an-array-into-subarrays-with-minimum-cost-i
American Express,Maximize the Topmost Element After K Moves,95.5,https://leetcode.com/problems/maximize-the-topmost-element-after-k-moves
American Express,Ugly Number III,95.5,https://leetcode.com/problems/ugly-number-iii
American Express,Two Sum,82.9,https://leetcode.com/problems/two-sum
American Express,3Sum,72.9,https://leetcode.com/problems/3sum
American Express,Valid Anagram,72.9,https://leetcode.com/problems/valid-anagram
American Express,Minimum Fuel Cost to Report to the Capital,65.8,https://leetcode.com/problems/minimum-fuel-cost-to-report-to-the-capital
American Express,Add Digits,65.8,https://leetcode.com/problems/add-digits
American Express,Valid Palindrome,65.8,https://leetcode.com/problems/valid-palindrome
American Express,Rotate Array,65.8,https://leetcode.com/problems/rotate-array
American Express,Best Time to Buy and Sell Stock,65.8,https://leetcode.com/problems/best-time-to-buy-and-sell-stock
American Express,Reconstruct a 2-Row Binary Matrix,55.9,https://leetcode.com/problems/reconstruct-a-2-row-binary-matrix
American Express,Trapping Rain Water,55.9,https://leetcode.com/problems/trapping-rain-water
American Express,Longest Substring Without Repeating Characters,55.9,https://leetcode.com/problems/longest-substring-without-repeating-characters
American Express,Permutations,55.9,https://leetcode.com/problems/permutations
Analytics quotient,The Number of Users That Are Eligible for Discount,100,https://leetcode.com/problems/the-number-of-users-that-are-eligible-for-discount
Analytics quotient,The Users That Are Eligible for Discount,100,https://leetcode.com/problems/the-users-that-are-eligible-for-discount
Anduril,Number of Islands,100,https://leetcode.com/problems/number-of-islands
Anduril,Maximum Number of Visible Points,92.9,https://leetcode.com/problems/maximum-number-of-visible-points
Anduril,Video Stitching,92.9,https://leetcode.com/problems/video-stitching
Anduril,Group Anagrams,88.3,https://leetcode.com/problems/group-anagrams
Anduril,Course Schedule,85.6,https://leetcode.com/problems/course-schedule
Anduril,Shortest Word Distance,85.6,https://leetcode.com/problems/shortest-word-distance
Anduril,Heaters,82.5,https://leetcode.com/problems/heaters
Anduril,Daily Temperatures,82.5,https://leetcode.com/problems/daily-temperatures
Anduril,Course Schedule II,79,https://leetcode.com/problems/course-schedule-ii
Anduril,Find Median from Data Stream,79,https://leetcode.com/problems/find-median-from-data-stream
Anduril,Search Suggestions System,74.8,https://leetcode.com/problems/search-suggestions-system
Anduril,Making A Large Island,69.7,https://leetcode.com/problems/making-a-large-island
Anduril,Merge Intervals,69.7,https://leetcode.com/problems/merge-intervals
Anduril,Flatten Binary Tree to Linked List,63.2,https://leetcode.com/problems/flatten-binary-tree-to-linked-list
Anduril,Shortest Word Distance II,63.2,https://leetcode.com/problems/shortest-word-distance-ii
Anduril,Basic Calculator II,63.2,https://leetcode.com/problems/basic-calculator-ii
Anduril,Flip Equivalent Binary Trees,63.2,https://leetcode.com/problems/flip-equivalent-binary-trees
Anduril,Merge k Sorted Lists,63.2,https://leetcode.com/problems/merge-k-sorted-lists
Anduril,Valid Parentheses,53.9,https://leetcode.com/problems/valid-parentheses
Anduril,Number of Distinct Islands,53.9,https://leetcode.com/problems/number-of-distinct-islands
Anduril,Rotting Oranges,53.9,https://leetcode.com/problems/rotting-oranges
Anduril,Minesweeper,53.9,https://leetcode.com/problems/minesweeper
Anduril,Move Zeroes,53.9,https://leetcode.com/problems/move-zeroes
Anduril,Spiral Matrix,53.9,https://leetcode.com/problems/spiral-matrix
Anduril,Time Based Key-Value Store,53.9,https://leetcode.com/problems/time-based-key-value-store
Anduril,Insert into a Sorted Circular Linked List,53.9,https://leetcode.com/problems/insert-into-a-sorted-circular-linked-list
Anduril,Find the Duplicate Number,53.9,https://leetcode.com/problems/find-the-duplicate-number
Anduril,Snakes and Ladders,53.9,https://leetcode.com/problems/snakes-and-ladders
Anduril,Search in Rotated Sorted Array,53.9,https://leetcode.com/problems/search-in-rotated-sorted-array
Anduril,Game of Life,53.9,https://leetcode.com/problems/game-of-life
Anduril,Basic Calculator,53.9,https://leetcode.com/problems/basic-calculator
Anduril,Race Car,53.9,https://leetcode.com/problems/race-car
Aon,Construct the Minimum Bitwise Array II,100,https://leetcode.com/problems/construct-the-minimum-bitwise-array-ii
Aon,Construct the Minimum Bitwise Array I,100,https://leetcode.com/problems/construct-the-minimum-bitwise-array-i
Aon,Classifying Triangles by Lengths,88.5,https://leetcode.com/problems/classifying-triangles-by-lengths
Aon,Minimize OR of Remaining Elements Using Operations,88.5,https://leetcode.com/problems/minimize-or-of-remaining-elements-using-operations
Apollo.io,Validate Stack Sequences,100,https://leetcode.com/problems/validate-stack-sequences
Apollo.io,Minimum Window Substring,100,https://leetcode.com/problems/minimum-window-substring
Apollo.io,Subarray Sum Equals K,93.2,https://leetcode.com/problems/subarray-sum-equals-k
Apollo.io,Evaluate Reverse Polish Notation,93.2,https://leetcode.com/problems/evaluate-reverse-polish-notation
AppDynamics,Maximum Number of Balls in a Box,100,https://leetcode.com/problems/maximum-number-of-balls-in-a-box
AppDynamics,Longest Substring with At Most K Distinct Characters,100,https://leetcode.com/problems/longest-substring-with-at-most-k-distinct-characters
AppFolio,Insert Delete GetRandom O(1),100,https://leetcode.com/problems/insert-delete-getrandom-o1
AppFolio,Shortest Path in a Grid with Obstacles Elimination,100,https://leetcode.com/problems/shortest-path-in-a-grid-with-obstacles-elimination
AppFolio,Logger Rate Limiter,100,https://leetcode.com/problems/logger-rate-limiter
AppFolio,LRU Cache,100,https://leetcode.com/problems/lru-cache
Apple,Two Sum,100,https://leetcode.com/problems/two-sum
Apple,Longest Substring Without Repeating Characters,78.3,https://leetcode.com/problems/longest-substring-without-repeating-characters
Apple,Longest Common Prefix,77.6,https://leetcode.com/problems/longest-common-prefix
Apple,Valid Parentheses,76.9,https://leetcode.com/problems/valid-parentheses
Apple,Median of Two Sorted Arrays,75.8,https://leetcode.com/problems/median-of-two-sorted-arrays
Apple,Merge Intervals,74.2,https://leetcode.com/problems/merge-intervals
Apple,Group Anagrams,74.2,https://leetcode.com/problems/group-anagrams
Apple,Merge Sorted Array,73.8,https://leetcode.com/problems/merge-sorted-array
Apple,Trapping Rain Water,73,https://leetcode.com/problems/trapping-rain-water
Apple,Reverse Integer,71.6,https://leetcode.com/problems/reverse-integer
Apple,Valid Sudoku,71.6,https://leetcode.com/problems/valid-sudoku
Apple,Climbing Stairs,70.1,https://leetcode.com/problems/climbing-stairs
Apple,Longest Palindromic Substring,68.5,https://leetcode.com/problems/longest-palindromic-substring
Apple,Palindrome Number,68,https://leetcode.com/problems/palindrome-number
Apple,Rotate Image,67.4,https://leetcode.com/problems/rotate-image
Apple,Spiral Matrix,67.4,https://leetcode.com/problems/spiral-matrix
Apple,Add Two Numbers,66.8,https://leetcode.com/problems/add-two-numbers
Apple,3Sum,66.8,https://leetcode.com/problems/3sum
Apple,Roman to Integer,66.2,https://leetcode.com/problems/roman-to-integer
Apple,Remove Duplicates from Sorted Array,65.5,https://leetcode.com/problems/remove-duplicates-from-sorted-array
Apple,Search in Rotated Sorted Array,64.2,https://leetcode.com/problems/search-in-rotated-sorted-array
Apple,Sqrt(x),63.5,https://leetcode.com/problems/sqrtx
Apple,Maximum Subarray,63.5,https://leetcode.com/problems/maximum-subarray
Apple,Merge Two Sorted Lists,62.7,https://leetcode.com/problems/merge-two-sorted-lists
Apple,Generate Parentheses,61.2,https://leetcode.com/problems/generate-parentheses
Apple,Merge k Sorted Lists,61.2,https://leetcode.com/problems/merge-k-sorted-lists
Apple,Container With Most Water,60.4,https://leetcode.com/problems/container-with-most-water
Apple,Find the Index of the First Occurrence in a String,58.6,https://leetcode.com/problems/find-the-index-of-the-first-occurrence-in-a-string
Apple,Remove Element,56.7,https://leetcode.com/problems/remove-element
Apple,Search Insert Position,55.6,https://leetcode.com/problems/search-insert-position
Apple,Letter Combinations of a Phone Number,55.6,https://leetcode.com/problems/letter-combinations-of-a-phone-number
Apple,Regular Expression Matching,53.3,https://leetcode.com/problems/regular-expression-matching
Apple,Remove Nth Node From End of List,53.3,https://leetcode.com/problems/remove-nth-node-from-end-of-list
Apple,Insert Interval,52.1,https://leetcode.com/problems/insert-interval
Apple,Largest Rectangle in Histogram,52.1,https://leetcode.com/problems/largest-rectangle-in-histogram
Apple,Add Binary,52.1,https://leetcode.com/problems/add-binary
Apple,Permutations,52.1,https://leetcode.com/problems/permutations
Apple,Maximum Depth of Binary Tree,52.1,https://leetcode.com/problems/maximum-depth-of-binary-tree
Apple,Binary Tree Level Order Traversal,52.1,https://leetcode.com/problems/binary-tree-level-order-traversal
Apple,Find First and Last Position of Element in Sorted Array,52.1,https://leetcode.com/problems/find-first-and-last-position-of-element-in-sorted-array
Apple,Next Permutation,50.8,https://leetcode.com/problems/next-permutation
Apple,Combination Sum,47.8,https://leetcode.com/problems/combination-sum
Apple,Sort Colors,47.8,https://leetcode.com/problems/sort-colors
Apple,Jump Game,47.8,https://leetcode.com/problems/jump-game
Apple,4Sum,46.1,https://leetcode.com/problems/4sum
Apple,Symmetric Tree,46.1,https://leetcode.com/problems/symmetric-tree
Apple,String to Integer (atoi),46.1,https://leetcode.com/problems/string-to-integer-atoi
Apple,Validate Binary Search Tree,46.1,https://leetcode.com/problems/validate-binary-search-tree
Apple,First Missing Positive,46.1,https://leetcode.com/problems/first-missing-positive
Apple,"Pow(x, n)",44.3,https://leetcode.com/problems/powx-n
Apple,Plus One,44.3,https://leetcode.com/problems/plus-one
Apple,Interleaving String,44.3,https://leetcode.com/problems/interleaving-string
Apple,Jump Game II,44.3,https://leetcode.com/problems/jump-game-ii
Apple,Word Search,42.2,https://leetcode.com/problems/word-search
Apple,Search a 2D Matrix,42.2,https://leetcode.com/problems/search-a-2d-matrix
Apple,Reverse Linked List II,42.2,https://leetcode.com/problems/reverse-linked-list-ii
Apple,Divide Two Integers,42.2,https://leetcode.com/problems/divide-two-integers
Apple,Binary Tree Inorder Traversal,42.2,https://leetcode.com/problems/binary-tree-inorder-traversal
Apple,Wildcard Matching,42.2,https://leetcode.com/problems/wildcard-matching
Apple,Balanced Binary Tree,40,https://leetcode.com/problems/balanced-binary-tree
Apple,Set Matrix Zeroes,40,https://leetcode.com/problems/set-matrix-zeroes
Apple,Count and Say,40,https://leetcode.com/problems/count-and-say
Apple,Remove Duplicates from Sorted List,37.4,https://leetcode.com/problems/remove-duplicates-from-sorted-list
Apple,N-Queens,37.4,https://leetcode.com/problems/n-queens
Apple,Swap Nodes in Pairs,37.4,https://leetcode.com/problems/swap-nodes-in-pairs
Apple,Text Justification,37.4,https://leetcode.com/problems/text-justification
Apple,Simplify Path,37.4,https://leetcode.com/problems/simplify-path
Apple,Subsets,37.4,https://leetcode.com/problems/subsets
Apple,Minimum Window Substring,37.4,https://leetcode.com/problems/minimum-window-substring
Apple,Zigzag Conversion,34.5,https://leetcode.com/problems/zigzag-conversion
Apple,Decode Ways,34.5,https://leetcode.com/problems/decode-ways
Apple,Minimum Path Sum,34.5,https://leetcode.com/problems/minimum-path-sum
Apple,Integer to Roman,34.5,https://leetcode.com/problems/integer-to-roman
Apple,Reverse Nodes in k-Group,34.5,https://leetcode.com/problems/reverse-nodes-in-k-group
Apple,Rotate List,34.5,https://leetcode.com/problems/rotate-list
Apple,Partition List,31.1,https://leetcode.com/problems/partition-list
Apple,Convert Sorted Array to Binary Search Tree,31.1,https://leetcode.com/problems/convert-sorted-array-to-binary-search-tree
Apple,Combinations,31.1,https://leetcode.com/problems/combinations
Apple,Edit Distance,27,https://leetcode.com/problems/edit-distance
Apple,Sudoku Solver,27,https://leetcode.com/problems/sudoku-solver
Apple,Same Tree,27,https://leetcode.com/problems/same-tree
Apple,Remove Duplicates from Sorted List II,27,https://leetcode.com/problems/remove-duplicates-from-sorted-list-ii
Apple,Length of Last Word,27,https://leetcode.com/problems/length-of-last-word
Apple,Restore IP Addresses,27,https://leetcode.com/problems/restore-ip-addresses
Apple,Unique Binary Search Trees II,27,https://leetcode.com/problems/unique-binary-search-trees-ii
Apple,Maximal Rectangle,21.9,https://leetcode.com/problems/maximal-rectangle
Apple,Construct Binary Tree from Preorder and Inorder Traversal,21.9,https://leetcode.com/problems/construct-binary-tree-from-preorder-and-inorder-traversal
Apple,Multiply Strings,21.9,https://leetcode.com/problems/multiply-strings
Apple,Permutations II,21.9,https://leetcode.com/problems/permutations-ii
Apple,3Sum Closest,21.9,https://leetcode.com/problems/3sum-closest
Apple,Unique Paths,21.9,https://leetcode.com/problems/unique-paths
Apple,Valid Number,21.9,https://leetcode.com/problems/valid-number
Apple,Substring with Concatenation of All Words,21.9,https://leetcode.com/problems/substring-with-concatenation-of-all-words
Apple,Remove Duplicates from Sorted Array II,15.2,https://leetcode.com/problems/remove-duplicates-from-sorted-array-ii
Apple,Search in Rotated Sorted Array II,15.2,https://leetcode.com/problems/search-in-rotated-sorted-array-ii
Apple,Unique Paths II,15.2,https://leetcode.com/problems/unique-paths-ii
Apple,Recover Binary Search Tree,15.2,https://leetcode.com/problems/recover-binary-search-tree
Apple,Unique Binary Search Trees,15.2,https://leetcode.com/problems/unique-binary-search-trees
Apple,Subsets II,15.2,https://leetcode.com/problems/subsets-ii
Apple,Flatten Binary Tree to Linked List,15.2,https://leetcode.com/problems/flatten-binary-tree-to-linked-list
Applied Intuition,Merge Intervals,100,https://leetcode.com/problems/merge-intervals
Applied Intuition,Minesweeper,96.9,https://leetcode.com/problems/minesweeper
Applied Intuition,Find Duplicate File in System,93.3,https://leetcode.com/problems/find-duplicate-file-in-system
Applied Intuition,Word Abbreviation,89,https://leetcode.com/problems/word-abbreviation
Applied Intuition,Best Meeting Point,89,https://leetcode.com/problems/best-meeting-point
Applied Intuition,Shortest Distance from All Buildings,89,https://leetcode.com/problems/shortest-distance-from-all-buildings
Applied Intuition,Find First and Last Position of Element in Sorted Array,77,https://leetcode.com/problems/find-first-and-last-position-of-element-in-sorted-array
Applied Intuition,Range Sum Query 2D - Immutable,67.5,https://leetcode.com/problems/range-sum-query-2d-immutable
Applied Intuition,Design Circular Queue,67.5,https://leetcode.com/problems/design-circular-queue
Applied Intuition,Cyclically Rotating a Grid,67.5,https://leetcode.com/problems/cyclically-rotating-a-grid
Applied Intuition,Maximum Number of Visible Points,67.5,https://leetcode.com/problems/maximum-number-of-visible-points
Applied Intuition,Design HashMap,67.5,https://leetcode.com/problems/design-hashmap
AQR Capital Management,Jump Game VI,100,https://leetcode.com/problems/jump-game-vi
AQR Capital Management,Missing Number,63.1,https://leetcode.com/problems/missing-number
AQR Capital Management,Best Time to Buy and Sell Stock,63.1,https://leetcode.com/problems/best-time-to-buy-and-sell-stock
Arcesium,Maximum Length of Subarray With Positive Product,100,https://leetcode.com/problems/maximum-length-of-subarray-with-positive-product
Arcesium,Cycle Length Queries in a Tree,100,https://leetcode.com/problems/cycle-length-queries-in-a-tree
Arcesium,Count Collisions on a Road,97.6,https://leetcode.com/problems/count-collisions-on-a-road
Arcesium,Maximize the Confusion of an Exam,97.6,https://leetcode.com/problems/maximize-the-confusion-of-an-exam
Arcesium,Number of People Aware of a Secret,97.6,https://leetcode.com/problems/number-of-people-aware-of-a-secret
Arcesium,Partition Array Into Two Arrays to Minimize Sum Difference,95,https://leetcode.com/problems/partition-array-into-two-arrays-to-minimize-sum-difference
Arcesium,House Robber,80.5,https://leetcode.com/problems/house-robber
Arcesium,Search in Rotated Sorted Array,74.9,https://leetcode.com/problems/search-in-rotated-sorted-array
Arcesium,Possible Bipartition,74.9,https://leetcode.com/problems/possible-bipartition
Arcesium,Stone Game VI,74.9,https://leetcode.com/problems/stone-game-vi
Arcesium,Binary Tree Maximum Path Sum,67.8,https://leetcode.com/problems/binary-tree-maximum-path-sum
Arcesium,Find the Count of Monotonic Pairs I,67.8,https://leetcode.com/problems/find-the-count-of-monotonic-pairs-i
Arcesium,Next Permutation,67.8,https://leetcode.com/problems/next-permutation
Arcesium,Best Time to Buy and Sell Stock IV,57.8,https://leetcode.com/problems/best-time-to-buy-and-sell-stock-iv
Arcesium,Minimum Insertion Steps to Make a String Palindrome,57.8,https://leetcode.com/problems/minimum-insertion-steps-to-make-a-string-palindrome
Arcesium,Edit Distance,57.8,https://leetcode.com/problems/edit-distance
Arcesium,Maximum Product Subarray,57.8,https://leetcode.com/problems/maximum-product-subarray
Arcesium,Surrounded Regions,57.8,https://leetcode.com/problems/surrounded-regions
Arcesium,Sort Colors,57.8,https://leetcode.com/problems/sort-colors
Arcesium,"Pow(x, n)",57.8,https://leetcode.com/problems/powx-n
Arista Networks,Restore IP Addresses,100,https://leetcode.com/problems/restore-ip-addresses
Arista Networks,Construct String With Repeat Limit,100,https://leetcode.com/problems/construct-string-with-repeat-limit
Arista Networks,Find the Town Judge,97.6,https://leetcode.com/problems/find-the-town-judge
Arista Networks,Reverse Nodes in k-Group,94.9,https://leetcode.com/problems/reverse-nodes-in-k-group
Arista Networks,Reverse Linked List II,94.9,https://leetcode.com/problems/reverse-linked-list-ii
Arista Networks,Reorder List,88.6,https://leetcode.com/problems/reorder-list
Arista Networks,Contains Duplicate II,80.2,https://leetcode.com/problems/contains-duplicate-ii
Arista Networks,Inorder Successor in BST II,80.2,https://leetcode.com/problems/inorder-successor-in-bst-ii
Arista Networks,Rotated Digits,80.2,https://leetcode.com/problems/rotated-digits
Arista Networks,Remove Linked List Elements,74.5,https://leetcode.com/problems/remove-linked-list-elements
Arista Networks,Inorder Successor in BST,74.5,https://leetcode.com/problems/inorder-successor-in-bst
Arista Networks,Search in Rotated Sorted Array,74.5,https://leetcode.com/problems/search-in-rotated-sorted-array
Arista Networks,LRU Cache,74.5,https://leetcode.com/problems/lru-cache
Arista Networks,Maximum Depth of Binary Tree,67.3,https://leetcode.com/problems/maximum-depth-of-binary-tree
Arista Networks,Binary Tree Maximum Path Sum,67.3,https://leetcode.com/problems/binary-tree-maximum-path-sum
Arista Networks,Moving Average from Data Stream,67.3,https://leetcode.com/problems/moving-average-from-data-stream
Arista Networks,Merge Two Sorted Lists,67.3,https://leetcode.com/problems/merge-two-sorted-lists
Arista Networks,Missing Element in Sorted Array,67.3,https://leetcode.com/problems/missing-element-in-sorted-array
Arista Networks,Maximum Units on a Truck,67.3,https://leetcode.com/problems/maximum-units-on-a-truck
Arista Networks,Course Schedule II,67.3,https://leetcode.com/problems/course-schedule-ii
Arista Networks,Missing Number,67.3,https://leetcode.com/problems/missing-number
Arista Networks,Search a 2D Matrix,57.2,https://leetcode.com/problems/search-a-2d-matrix
Arista Networks,Path Sum II,57.2,https://leetcode.com/problems/path-sum-ii
Arista Networks,Kth Missing Positive Number,57.2,https://leetcode.com/problems/kth-missing-positive-number
Arista Networks,Integer to Roman,57.2,https://leetcode.com/problems/integer-to-roman
Arista Networks,Top K Frequent Elements,57.2,https://leetcode.com/problems/top-k-frequent-elements
Arista Networks,Longest Common Subsequence,57.2,https://leetcode.com/problems/longest-common-subsequence
Arista Networks,Remove All Occurrences of a Substring,57.2,https://leetcode.com/problems/remove-all-occurrences-of-a-substring
Arista Networks,Merge In Between Linked Lists,57.2,https://leetcode.com/problems/merge-in-between-linked-lists
Arista Networks,Contains Duplicate,57.2,https://leetcode.com/problems/contains-duplicate
Arista Networks,Validate Binary Search Tree,57.2,https://leetcode.com/problems/validate-binary-search-tree
Arista Networks,Palindromic Substrings,57.2,https://leetcode.com/problems/palindromic-substrings
Arista Networks,Find the Winner of the Circular Game,57.2,https://leetcode.com/problems/find-the-winner-of-the-circular-game
Arista Networks,Kth Largest Element in a Stream,57.2,https://leetcode.com/problems/kth-largest-element-in-a-stream
Arista Networks,Flatten a Multilevel Doubly Linked List,57.2,https://leetcode.com/problems/flatten-a-multilevel-doubly-linked-list
Arista Networks,Implement Trie (Prefix Tree),57.2,https://leetcode.com/problems/implement-trie-prefix-tree
Arista Networks,Best Time to Buy and Sell Stock,57.2,https://leetcode.com/problems/best-time-to-buy-and-sell-stock
Arista Networks,Word Search,57.2,https://leetcode.com/problems/word-search
Asana,Product of Array Except Self,100,https://leetcode.com/problems/product-of-array-except-self
Asana,Maximum Repeating Substring,83.5,https://leetcode.com/problems/maximum-repeating-substring
Asana,K Closest Points to Origin,79.5,https://leetcode.com/problems/k-closest-points-to-origin
athenahealth,The Number of Rich Customers,100,https://leetcode.com/problems/the-number-of-rich-customers
athenahealth,Group Anagrams,79.6,https://leetcode.com/problems/group-anagrams
athenahealth,Best Time to Buy and Sell Stock,73.2,https://leetcode.com/problems/best-time-to-buy-and-sell-stock
athenahealth,Merge Intervals,73.2,https://leetcode.com/problems/merge-intervals
athenahealth,Two Sum,64.2,https://leetcode.com/problems/two-sum
athenahealth,Unique Paths II,64.2,https://leetcode.com/problems/unique-paths-ii
athenahealth,Merge Sorted Array,64.2,https://leetcode.com/problems/merge-sorted-array
athenahealth,First Missing Positive,64.2,https://leetcode.com/problems/first-missing-positive
athenahealth,Longest Substring Without Repeating Characters,64.2,https://leetcode.com/problems/longest-substring-without-repeating-characters
athenahealth,Longest Palindromic Substring,64.2,https://leetcode.com/problems/longest-palindromic-substring
athenahealth,Exclusive Time of Functions,64.2,https://leetcode.com/problems/exclusive-time-of-functions
Atlassian,Rank Teams by Votes,100,https://leetcode.com/problems/rank-teams-by-votes
Atlassian,Design Snake Game,88.4,https://leetcode.com/problems/design-snake-game
Atlassian,Stock Price Fluctuation ,86.6,https://leetcode.com/problems/stock-price-fluctuation
Atlassian,All O`one Data Structure,77.2,https://leetcode.com/problems/all-oone-data-structure
Atlassian,High-Access Employees,71.2,https://leetcode.com/problems/high-access-employees
Atlassian,Logger Rate Limiter,71.2,https://leetcode.com/problems/logger-rate-limiter
Atlassian,Merge Intervals,61.9,https://leetcode.com/problems/merge-intervals
Atlassian,Maximum Good Subarray Sum,58.7,https://leetcode.com/problems/maximum-good-subarray-sum
Atlassian,Minimum Cost to Convert String I,58.7,https://leetcode.com/problems/minimum-cost-to-convert-string-i
Atlassian,Minimum Cost to Convert String II,58.7,https://leetcode.com/problems/minimum-cost-to-convert-string-ii
Atlassian,Maximum Square Area by Removing Fences From a Field,58.7,https://leetcode.com/problems/maximum-square-area-by-removing-fences-from-a-field
Atlassian,Meeting Rooms II,58.7,https://leetcode.com/problems/meeting-rooms-ii
Atlassian,Maximum Area of Longest Diagonal Rectangle,58.7,https://leetcode.com/problems/maximum-area-of-longest-diagonal-rectangle
Atlassian,Number of Possible Sets of Closing Branches,58.7,https://leetcode.com/problems/number-of-possible-sets-of-closing-branches
Atlassian,Verbal Arithmetic Puzzle,58.7,https://leetcode.com/problems/verbal-arithmetic-puzzle
Atlassian,Cherry Pickup,58.7,https://leetcode.com/problems/cherry-pickup
Atlassian,Smallest Missing Non-negative Integer After Operations,58.7,https://leetcode.com/problems/smallest-missing-non-negative-integer-after-operations
Atlassian,Make Lexicographically Smallest Array by Swapping Elements,58.7,https://leetcode.com/problems/make-lexicographically-smallest-array-by-swapping-elements
Atlassian,Minimum Time to Visit a Cell In a Grid,58.7,https://leetcode.com/problems/minimum-time-to-visit-a-cell-in-a-grid
Atlassian,Find the Width of Columns of a Grid,58.7,https://leetcode.com/problems/find-the-width-of-columns-of-a-grid
Atlassian,Group Anagrams,56.8,https://leetcode.com/problems/group-anagrams
Atlassian,Text Justification,56.8,https://leetcode.com/problems/text-justification
Atlassian,Design File System,56.8,https://leetcode.com/problems/design-file-system
Atlassian,Longest String Chain,56.8,https://leetcode.com/problems/longest-string-chain
Atlassian,Longest Increasing Subsequence,54.6,https://leetcode.com/problems/longest-increasing-subsequence
Atlassian,Lowest Common Ancestor of a Binary Tree,54.6,https://leetcode.com/problems/lowest-common-ancestor-of-a-binary-tree
Atlassian,Majority Element II,52.2,https://leetcode.com/problems/majority-element-ii
Atlassian,Koko Eating Bananas,49.5,https://leetcode.com/problems/koko-eating-bananas
Atlassian,Best Time to Buy and Sell Stock,49.5,https://leetcode.com/problems/best-time-to-buy-and-sell-stock
Atlassian,Can Place Flowers,46.2,https://leetcode.com/problems/can-place-flowers
Atlassian,String Transformation,46.2,https://leetcode.com/problems/string-transformation
Atlassian,Online Election,46.2,https://leetcode.com/problems/online-election
Atlassian,The Time When the Network Becomes Idle,46.2,https://leetcode.com/problems/the-time-when-the-network-becomes-idle
Atlassian,Top K Frequent Elements,46.2,https://leetcode.com/problems/top-k-frequent-elements
Atlassian,Word Search,42.2,https://leetcode.com/problems/word-search
Atlassian,Longest Consecutive Sequence,42.2,https://leetcode.com/problems/longest-consecutive-sequence
Atlassian,Russian Doll Envelopes,42.2,https://leetcode.com/problems/russian-doll-envelopes
Atlassian,Two Sum,42.2,https://leetcode.com/problems/two-sum
Atlassian,Longest Substring Without Repeating Characters,42.2,https://leetcode.com/problems/longest-substring-without-repeating-characters
Atlassian,Count Vowels Permutation,37.1,https://leetcode.com/problems/count-vowels-permutation
Atlassian,Integer to Roman,37.1,https://leetcode.com/problems/integer-to-roman
Atlassian,Nth Highest Salary,37.1,https://leetcode.com/problems/nth-highest-salary
Atlassian,Pairs of Songs With Total Durations Divisible by 60,37.1,https://leetcode.com/problems/pairs-of-songs-with-total-durations-divisible-by-60
Atlassian,Merge Sorted Array,37.1,https://leetcode.com/problems/merge-sorted-array
Atlassian,Crawler Log Folder,37.1,https://leetcode.com/problems/crawler-log-folder
Atlassian,Jump Game II,37.1,https://leetcode.com/problems/jump-game-ii
Atlassian,Boats to Save People,37.1,https://leetcode.com/problems/boats-to-save-people
Atlassian,Design Tic-Tac-Toe,37.1,https://leetcode.com/problems/design-tic-tac-toe
Atlassian,Maximum Number of Occurrences of a Substring,37.1,https://leetcode.com/problems/maximum-number-of-occurrences-of-a-substring
Atlassian,Search Suggestions System,30,https://leetcode.com/problems/search-suggestions-system
Atlassian,Kth Largest Element in a Stream,30,https://leetcode.com/problems/kth-largest-element-in-a-stream
Atlassian,Design a Food Rating System,30,https://leetcode.com/problems/design-a-food-rating-system
Atlassian,Maximum Subarray,30,https://leetcode.com/problems/maximum-subarray
Atlassian,Lowest Common Ancestor of a Binary Tree III,30,https://leetcode.com/problems/lowest-common-ancestor-of-a-binary-tree-iii
Atlassian,Find First and Last Position of Element in Sorted Array,30,https://leetcode.com/problems/find-first-and-last-position-of-element-in-sorted-array
Atlassian,Find Words That Can Be Formed by Characters,30,https://leetcode.com/problems/find-words-that-can-be-formed-by-characters
Atlassian,Count Vowel Strings in Ranges,30,https://leetcode.com/problems/count-vowel-strings-in-ranges
Atlassian,Container With Most Water,30,https://leetcode.com/problems/container-with-most-water
Atlassian,Design Add and Search Words Data Structure,30,https://leetcode.com/problems/design-add-and-search-words-data-structure
Atlassian,Assign Cookies,30,https://leetcode.com/problems/assign-cookies
Atlassian,3Sum,30,https://leetcode.com/problems/3sum
Atlassian,Trapping Rain Water,30,https://leetcode.com/problems/trapping-rain-water
Atlassian,Design Hit Counter,30,https://leetcode.com/problems/design-hit-counter
Atlassian,Unique Paths II,30,https://leetcode.com/problems/unique-paths-ii
Atlassian,Maximum Path Quality of a Graph,30,https://leetcode.com/problems/maximum-path-quality-of-a-graph
Atlassian,Tallest Billboard,30,https://leetcode.com/problems/tallest-billboard
Atlassian,Add Two Integers,30,https://leetcode.com/problems/add-two-integers
Atlassian,Find K Closest Elements,30,https://leetcode.com/problems/find-k-closest-elements
Atlassian,Number of Digit One,30,https://leetcode.com/problems/number-of-digit-one
Atlassian,Valid Anagram,30,https://leetcode.com/problems/valid-anagram
Atlassian,Single Element in a Sorted Array,30,https://leetcode.com/problems/single-element-in-a-sorted-array
Atlassian,Coin Change,30,https://leetcode.com/problems/coin-change
Atlassian,Last Day Where You Can Still Cross,30,https://leetcode.com/problems/last-day-where-you-can-still-cross
Attentive,Remove All Adjacent Duplicates in String II,100,https://leetcode.com/problems/remove-all-adjacent-duplicates-in-string-ii
Attentive,Parse Lisp Expression,93.2,https://leetcode.com/problems/parse-lisp-expression
Attentive,Valid Palindrome II,73.6,https://leetcode.com/problems/valid-palindrome-ii
Attentive,Find Pivot Index,63.9,https://leetcode.com/problems/find-pivot-index
Attentive,Valid Sudoku,56.2,https://leetcode.com/problems/valid-sudoku
Attentive,Integer to English Words,56.2,https://leetcode.com/problems/integer-to-english-words
Attentive,Evaluate Reverse Polish Notation,56.2,https://leetcode.com/problems/evaluate-reverse-polish-notation
Attentive,Top K Frequent Words,56.2,https://leetcode.com/problems/top-k-frequent-words
Attentive,Find First and Last Position of Element in Sorted Array,56.2,https://leetcode.com/problems/find-first-and-last-position-of-element-in-sorted-array
Audible,Missing Number In Arithmetic Progression,100,https://leetcode.com/problems/missing-number-in-arithmetic-progression
Audible,Minimum Absolute Difference,100,https://leetcode.com/problems/minimum-absolute-difference
Audible,Leetflex Banned Accounts,100,https://leetcode.com/problems/leetflex-banned-accounts
Aurora,LRU Cache,100,https://leetcode.com/problems/lru-cache
Aurora,Number of Distinct Islands,74.6,https://leetcode.com/problems/number-of-distinct-islands
Aurora,Diameter of Binary Tree,74.6,https://leetcode.com/problems/diameter-of-binary-tree
Aurora,Word Search II,74.6,https://leetcode.com/problems/word-search-ii
Autodesk,Number of Subarrays That Match a Pattern I,100,https://leetcode.com/problems/number-of-subarrays-that-match-a-pattern-i
Autodesk,Number of Changing Keys,97.9,https://leetcode.com/problems/number-of-changing-keys
Autodesk,Distribute Elements Into Two Arrays I,95.5,https://leetcode.com/problems/distribute-elements-into-two-arrays-i
Autodesk,Distribute Elements Into Two Arrays II,95.5,https://leetcode.com/problems/distribute-elements-into-two-arrays-ii
Autodesk,Number of Subarrays That Match a Pattern II,95.5,https://leetcode.com/problems/number-of-subarrays-that-match-a-pattern-ii
Autodesk,Count Prefix and Suffix Pairs II,95.5,https://leetcode.com/problems/count-prefix-and-suffix-pairs-ii
Autodesk,Count Prefix and Suffix Pairs I,95.5,https://leetcode.com/problems/count-prefix-and-suffix-pairs-i
Autodesk,Group Anagrams,73.1,https://leetcode.com/problems/group-anagrams
Autodesk,Sliding Window Maximum,73.1,https://leetcode.com/problems/sliding-window-maximum
Autodesk,Search in Rotated Sorted Array,66.1,https://leetcode.com/problems/search-in-rotated-sorted-array
Autodesk,Maximum Subarray,66.1,https://leetcode.com/problems/maximum-subarray
Autodesk,Valid Parentheses,66.1,https://leetcode.com/problems/valid-parentheses
Autodesk,Combination Sum,66.1,https://leetcode.com/problems/combination-sum
Autodesk,Reverse Nodes in k-Group,56.3,https://leetcode.com/problems/reverse-nodes-in-k-group
Autodesk,Median of Two Sorted Arrays,56.3,https://leetcode.com/problems/median-of-two-sorted-arrays
Autodesk,Longest Increasing Subsequence,56.3,https://leetcode.com/problems/longest-increasing-subsequence
Autodesk,Linked List Cycle,56.3,https://leetcode.com/problems/linked-list-cycle
Autodesk,Sort Colors,56.3,https://leetcode.com/problems/sort-colors
Autodesk,Letter Combinations of a Phone Number,56.3,https://leetcode.com/problems/letter-combinations-of-a-phone-number
Autodesk,Longest Palindromic Substring,56.3,https://leetcode.com/problems/longest-palindromic-substring
Autodesk,3Sum,56.3,https://leetcode.com/problems/3sum
Autodesk,Elimination Game,56.3,https://leetcode.com/problems/elimination-game
Autodesk,Set Matrix Zeroes,56.3,https://leetcode.com/problems/set-matrix-zeroes
Autodesk,Valid Sudoku,56.3,https://leetcode.com/problems/valid-sudoku
Autodesk,Minimum Size Subarray Sum,56.3,https://leetcode.com/problems/minimum-size-subarray-sum
Autodesk,Koko Eating Bananas,56.3,https://leetcode.com/problems/koko-eating-bananas
Autodesk,Majority Element,56.3,https://leetcode.com/problems/majority-element
Autodesk,Restore IP Addresses,56.3,https://leetcode.com/problems/restore-ip-addresses
Autodesk,Block Placement Queries,56.3,https://leetcode.com/problems/block-placement-queries
Autodesk,Product of Array Except Self,56.3,https://leetcode.com/problems/product-of-array-except-self
Autodesk,LRU Cache,56.3,https://leetcode.com/problems/lru-cache
Avalara,Abbreviating the Product of a Range,100,https://leetcode.com/problems/abbreviating-the-product-of-a-range
Avalara,Integer to English Words,67,https://leetcode.com/problems/integer-to-english-words
Avito,Top K Frequent Elements,100,https://leetcode.com/problems/top-k-frequent-elements
Avito,Add Two Numbers,82.8,https://leetcode.com/problems/add-two-numbers
Avito,Add Strings,75,https://leetcode.com/problems/add-strings
Avito,Generate Parentheses,61.6,https://leetcode.com/problems/generate-parentheses
Avito,Merge Sorted Array,61.6,https://leetcode.com/problems/merge-sorted-array
Avito,Add to Array-Form of Integer,53.8,https://leetcode.com/problems/add-to-array-form-of-integer
Avito,Two Sum,53.8,https://leetcode.com/problems/two-sum
Avito,Sum of Subarray Minimums,53.8,https://leetcode.com/problems/sum-of-subarray-minimums
Avito,Kth Largest Element in an Array,53.8,https://leetcode.com/problems/kth-largest-element-in-an-array
Axon,Time Based Key-Value Store,100,https://leetcode.com/problems/time-based-key-value-store
Axon,Insert Delete GetRandom O(1),91.4,https://leetcode.com/problems/insert-delete-getrandom-o1
Axon,Number of Islands,70.6,https://leetcode.com/problems/number-of-islands
Axon,Valid Palindrome,70.6,https://leetcode.com/problems/valid-palindrome
Axon,Roman to Integer,62,https://leetcode.com/problems/roman-to-integer
Axon,Edit Distance,62,https://leetcode.com/problems/edit-distance
Axon,K Closest Points to Origin,62,https://leetcode.com/problems/k-closest-points-to-origin
Baidu,Arithmetic Slices II - Subsequence,100,https://leetcode.com/problems/arithmetic-slices-ii-subsequence
Baidu,Binary Tree Maximum Path Sum,97.8,https://leetcode.com/problems/binary-tree-maximum-path-sum
Baidu,Longest Substring with At Least K Repeating Characters,97.8,https://leetcode.com/problems/longest-substring-with-at-least-k-repeating-characters
Baidu,Integer Replacement,97.8,https://leetcode.com/problems/integer-replacement
Baidu,Split Array Largest Sum,97.8,https://leetcode.com/problems/split-array-largest-sum
Baidu,Arithmetic Slices,97.8,https://leetcode.com/problems/arithmetic-slices
Baidu,Zuma Game,97.8,https://leetcode.com/problems/zuma-game
Baidu,Out of Boundary Paths,97.8,https://leetcode.com/problems/out-of-boundary-paths
Baidu,Design In-Memory File System,97.8,https://leetcode.com/problems/design-in-memory-file-system
Baidu,Length of Longest Fibonacci Subsequence,97.8,https://leetcode.com/problems/length-of-longest-fibonacci-subsequence
Bank of America,Valid Parentheses,100,https://leetcode.com/problems/valid-parentheses
Bank of America,Best Time to Buy and Sell Stock,100,https://leetcode.com/problems/best-time-to-buy-and-sell-stock
Bank of America,Valid Palindrome,88.8,https://leetcode.com/problems/valid-palindrome
Barclays,Mark Elements on Array by Performing Queries,100,https://leetcode.com/problems/mark-elements-on-array-by-performing-queries
Barclays,Furthest Point From Origin,100,https://leetcode.com/problems/furthest-point-from-origin
Barclays,Count Submatrices with Top-Left Element and Sum Less Than k,100,https://leetcode.com/problems/count-submatrices-with-top-left-element-and-sum-less-than-k
Barclays,Double Modular Exponentiation,100,https://leetcode.com/problems/double-modular-exponentiation
Barclays,Lexicographically Smallest Generated String,77.9,https://leetcode.com/problems/lexicographically-smallest-generated-string
Barclays,Maximum Employees to Be Invited to a Meeting,71,https://leetcode.com/problems/maximum-employees-to-be-invited-to-a-meeting
Barclays,Number of Islands,71,https://leetcode.com/problems/number-of-islands
Barclays,Valid Parentheses,71,https://leetcode.com/problems/valid-parentheses
Barclays,Two Sum,71,https://leetcode.com/problems/two-sum
Barclays,Minimum Number of Refueling Stops,71,https://leetcode.com/problems/minimum-number-of-refueling-stops
Barclays,3Sum,71,https://leetcode.com/problems/3sum
Barclays,Isomorphic Strings,71,https://leetcode.com/problems/isomorphic-strings
Barclays,Merge Sorted Array,61.2,https://leetcode.com/problems/merge-sorted-array
Barclays,Maximum Subarray,61.2,https://leetcode.com/problems/maximum-subarray
Barclays,Palindrome Linked List,61.2,https://leetcode.com/problems/palindrome-linked-list
Barclays,Lexicographical Numbers,61.2,https://leetcode.com/problems/lexicographical-numbers
Barclays,Permutations,61.2,https://leetcode.com/problems/permutations
Barclays,Climbing Stairs,61.2,https://leetcode.com/problems/climbing-stairs
Bentley Systems,Largest Palindromic Number,100,https://leetcode.com/problems/largest-palindromic-number
Bentley Systems,Best Time to Buy and Sell Stock,100,https://leetcode.com/problems/best-time-to-buy-and-sell-stock
BharatPe,Maximal Square,100,https://leetcode.com/problems/maximal-square
BharatPe,Car Fleet,93.4,https://leetcode.com/problems/car-fleet
BILL Holdings,Number of Islands,100,https://leetcode.com/problems/number-of-islands
BitGo,Check if an Original String Exists Given Two Encoded Strings,100,https://leetcode.com/problems/check-if-an-original-string-exists-given-two-encoded-strings
BitGo,Gas Station,88.6,https://leetcode.com/problems/gas-station
BitGo,Number of Islands,79.6,https://leetcode.com/problems/number-of-islands
BitGo,Zigzag Conversion,73.2,https://leetcode.com/problems/zigzag-conversion
BitGo,Longest Substring with At Most K Distinct Characters,73.2,https://leetcode.com/problems/longest-substring-with-at-most-k-distinct-characters
BitGo,Bus Routes,73.2,https://leetcode.com/problems/bus-routes
BitGo,LRU Cache,73.2,https://leetcode.com/problems/lru-cache
BitGo,Game of Life,64.1,https://leetcode.com/problems/game-of-life
BitGo,Trapping Rain Water,64.1,https://leetcode.com/problems/trapping-rain-water
BitGo,Lowest Common Ancestor of a Binary Tree,64.1,https://leetcode.com/problems/lowest-common-ancestor-of-a-binary-tree
BlackRock,Happy Number,100,https://leetcode.com/problems/happy-number
BlackRock,Valid Parentheses,94,https://leetcode.com/problems/valid-parentheses
BlackRock,Evaluate Division,82.3,https://leetcode.com/problems/evaluate-division
BlackRock,Find the Maximum Sum of Node Values,73.2,https://leetcode.com/problems/find-the-maximum-sum-of-node-values
BlackRock,Pairs of Songs With Total Durations Divisible by 60,71.4,https://leetcode.com/problems/pairs-of-songs-with-total-durations-divisible-by-60
BlackRock,Maximum Subtree of the Same Color,71.4,https://leetcode.com/problems/maximum-subtree-of-the-same-color
BlackRock,Group Anagrams,58.6,https://leetcode.com/problems/group-anagrams
BlackRock,Best Time to Buy and Sell Stock,58.6,https://leetcode.com/problems/best-time-to-buy-and-sell-stock
BlackRock,Path with Maximum Probability,49.2,https://leetcode.com/problems/path-with-maximum-probability
BlackRock,Maximum Profit From Trading Stocks,49.2,https://leetcode.com/problems/maximum-profit-from-trading-stocks
BlackRock,Number of Islands,41.7,https://leetcode.com/problems/number-of-islands
BlackRock,Valid Anagram,41.7,https://leetcode.com/problems/valid-anagram
BlackRock,Coin Change,41.7,https://leetcode.com/problems/coin-change
BlackRock,Generate Parentheses,41.7,https://leetcode.com/problems/generate-parentheses
BlackRock,Maximize Greatness of an Array,41.7,https://leetcode.com/problems/maximize-greatness-of-an-array
BlackRock,Boundary of Binary Tree,41.7,https://leetcode.com/problems/boundary-of-binary-tree
BlackRock,Longest Palindromic Substring,41.7,https://leetcode.com/problems/longest-palindromic-substring
BlackStone,Two Sum,100,https://leetcode.com/problems/two-sum
BlackStone,Make The String Great,100,https://leetcode.com/problems/make-the-string-great
blinkit,Avoid Flood in The City,100,https://leetcode.com/problems/avoid-flood-in-the-city
blinkit,Single Element in a Sorted Array,100,https://leetcode.com/problems/single-element-in-a-sorted-array
Blizzard,Valid Parenthesis String,100,https://leetcode.com/problems/valid-parenthesis-string
Blizzard,Best Time to Buy and Sell Stock,100,https://leetcode.com/problems/best-time-to-buy-and-sell-stock
Block,Rotating the Box,100,https://leetcode.com/problems/rotating-the-box
Block,Available Captures for Rook,97.8,https://leetcode.com/problems/available-captures-for-rook
Block,Squirrel Simulation,97.8,https://leetcode.com/problems/squirrel-simulation
Block,Walking Robot Simulation II,97.8,https://leetcode.com/problems/walking-robot-simulation-ii
Block,Word Break,97.8,https://leetcode.com/problems/word-break
Block,Falling Squares,97.8,https://leetcode.com/problems/falling-squares
Block,Number of Black Blocks,97.8,https://leetcode.com/problems/number-of-black-blocks
Block,Count Nice Pairs in an Array,97.8,https://leetcode.com/problems/count-nice-pairs-in-an-array
Block,Pancake Sorting,97.8,https://leetcode.com/problems/pancake-sorting
Block,Design a Text Editor,76.2,https://leetcode.com/problems/design-a-text-editor
Block,Implement Trie (Prefix Tree),69.5,https://leetcode.com/problems/implement-trie-prefix-tree
Block,Integer to English Words,60,https://leetcode.com/problems/integer-to-english-words
Block,The Maze,60,https://leetcode.com/problems/the-maze
Block,Word Search II,60,https://leetcode.com/problems/word-search-ii
Bloomberg,Two Sum,100,https://leetcode.com/problems/two-sum
Bloomberg,Merge Intervals,85.7,https://leetcode.com/problems/merge-intervals
Bloomberg,Add Two Numbers,85.7,https://leetcode.com/problems/add-two-numbers
Bloomberg,Longest Substring Without Repeating Characters,83.9,https://leetcode.com/problems/longest-substring-without-repeating-characters
Bloomberg,Valid Parentheses,83.1,https://leetcode.com/problems/valid-parentheses
Bloomberg,Merge Sorted Array,81.4,https://leetcode.com/problems/merge-sorted-array
Bloomberg,Trapping Rain Water,79.1,https://leetcode.com/problems/trapping-rain-water
Bloomberg,3Sum,78.8,https://leetcode.com/problems/3sum
Bloomberg,Median of Two Sorted Arrays,77.4,https://leetcode.com/problems/median-of-two-sorted-arrays
Bloomberg,Longest Palindromic Substring,77.2,https://leetcode.com/problems/longest-palindromic-substring
Bloomberg,Maximum Subarray,75.1,https://leetcode.com/problems/maximum-subarray
Bloomberg,Remove Duplicates from Sorted Array,75.1,https://leetcode.com/problems/remove-duplicates-from-sorted-array
Bloomberg,Longest Common Prefix,74.8,https://leetcode.com/problems/longest-common-prefix
Bloomberg,Palindrome Number,74.5,https://leetcode.com/problems/palindrome-number
Bloomberg,Word Search,74.2,https://leetcode.com/problems/word-search
Bloomberg,Roman to Integer,73.6,https://leetcode.com/problems/roman-to-integer
Bloomberg,Reverse Integer,72.7,https://leetcode.com/problems/reverse-integer
Bloomberg,Container With Most Water,72.1,https://leetcode.com/problems/container-with-most-water
Bloomberg,Search in Rotated Sorted Array,70.7,https://leetcode.com/problems/search-in-rotated-sorted-array
Bloomberg,Subsets,70,https://leetcode.com/problems/subsets
Bloomberg,Merge Two Sorted Lists,69.6,https://leetcode.com/problems/merge-two-sorted-lists
Bloomberg,Next Permutation,68.1,https://leetcode.com/problems/next-permutation
Bloomberg,Validate Binary Search Tree,67.3,https://leetcode.com/problems/validate-binary-search-tree
Bloomberg,Generate Parentheses,66.9,https://leetcode.com/problems/generate-parentheses
Bloomberg,Group Anagrams,66.9,https://leetcode.com/problems/group-anagrams
Bloomberg,Rotate Image,65.6,https://leetcode.com/problems/rotate-image
Bloomberg,"Pow(x, n)",64.6,https://leetcode.com/problems/powx-n
Bloomberg,Climbing Stairs,64.2,https://leetcode.com/problems/climbing-stairs
Bloomberg,Remove Element,63.7,https://leetcode.com/problems/remove-element
Bloomberg,Jump Game,62.1,https://leetcode.com/problems/jump-game
Bloomberg,Sqrt(x),61.6,https://leetcode.com/problems/sqrtx
Bloomberg,Binary Tree Level Order Traversal,61,https://leetcode.com/problems/binary-tree-level-order-traversal
Bloomberg,Merge k Sorted Lists,59.8,https://leetcode.com/problems/merge-k-sorted-lists
Bloomberg,Find the Index of the First Occurrence in a String,59.8,https://leetcode.com/problems/find-the-index-of-the-first-occurrence-in-a-string
Bloomberg,Unique Paths,59.8,https://leetcode.com/problems/unique-paths
Bloomberg,Find First and Last Position of Element in Sorted Array,59.8,https://leetcode.com/problems/find-first-and-last-position-of-element-in-sorted-array
Bloomberg,Spiral Matrix,57.9,https://leetcode.com/problems/spiral-matrix
Bloomberg,Set Matrix Zeroes,57.2,https://leetcode.com/problems/set-matrix-zeroes
Bloomberg,4Sum,57.2,https://leetcode.com/problems/4sum
Bloomberg,String to Integer (atoi),57.2,https://leetcode.com/problems/string-to-integer-atoi
Bloomberg,Swap Nodes in Pairs,55,https://leetcode.com/problems/swap-nodes-in-pairs
Bloomberg,3Sum Closest,55,https://leetcode.com/problems/3sum-closest
Bloomberg,Search Insert Position,54.2,https://leetcode.com/problems/search-insert-position
Bloomberg,Binary Tree Zigzag Level Order Traversal,53.4,https://leetcode.com/problems/binary-tree-zigzag-level-order-traversal
Bloomberg,Jump Game II,53.4,https://leetcode.com/problems/jump-game-ii
Bloomberg,Permutations,53.4,https://leetcode.com/problems/permutations
Bloomberg,Search a 2D Matrix,52.6,https://leetcode.com/problems/search-a-2d-matrix
Bloomberg,Sort Colors,52.6,https://leetcode.com/problems/sort-colors
Bloomberg,Construct Binary Tree from Preorder and Inorder Traversal,52.6,https://leetcode.com/problems/construct-binary-tree-from-preorder-and-inorder-traversal
Bloomberg,Combination Sum,52.6,https://leetcode.com/problems/combination-sum
Bloomberg,Reverse Nodes in k-Group,51.6,https://leetcode.com/problems/reverse-nodes-in-k-group
Bloomberg,Add Binary,51.6,https://leetcode.com/problems/add-binary
Bloomberg,Regular Expression Matching,51.6,https://leetcode.com/problems/regular-expression-matching
Bloomberg,Same Tree,50.7,https://leetcode.com/problems/same-tree
Bloomberg,Letter Combinations of a Phone Number,50.7,https://leetcode.com/problems/letter-combinations-of-a-phone-number
Bloomberg,Symmetric Tree,50.7,https://leetcode.com/problems/symmetric-tree
Bloomberg,Zigzag Conversion,49.7,https://leetcode.com/problems/zigzag-conversion
Bloomberg,Maximum Depth of Binary Tree,48.7,https://leetcode.com/problems/maximum-depth-of-binary-tree
Bloomberg,Valid Sudoku,48.7,https://leetcode.com/problems/valid-sudoku
Bloomberg,Plus One,48.7,https://leetcode.com/problems/plus-one
Bloomberg,Remove Nth Node From End of List,47.6,https://leetcode.com/problems/remove-nth-node-from-end-of-list
Bloomberg,Largest Rectangle in Histogram,47.6,https://leetcode.com/problems/largest-rectangle-in-histogram
Bloomberg,Remove Duplicates from Sorted List,47.6,https://leetcode.com/problems/remove-duplicates-from-sorted-list
Bloomberg,Rotate List,47.6,https://leetcode.com/problems/rotate-list
Bloomberg,Combination Sum II,46.4,https://leetcode.com/problems/combination-sum-ii
Bloomberg,Sudoku Solver,46.4,https://leetcode.com/problems/sudoku-solver
Bloomberg,First Missing Positive,46.4,https://leetcode.com/problems/first-missing-positive
Bloomberg,Remove Duplicates from Sorted Array II,45.1,https://leetcode.com/problems/remove-duplicates-from-sorted-array-ii
Bloomberg,Divide Two Integers,45.1,https://leetcode.com/problems/divide-two-integers
Bloomberg,Integer to Roman,45.1,https://leetcode.com/problems/integer-to-roman
Bloomberg,Unique Paths II,45.1,https://leetcode.com/problems/unique-paths-ii
Bloomberg,Length of Last Word,45.1,https://leetcode.com/problems/length-of-last-word
Bloomberg,Subsets II,43.8,https://leetcode.com/problems/subsets-ii
Bloomberg,Wildcard Matching,43.8,https://leetcode.com/problems/wildcard-matching
Bloomberg,Edit Distance,42.4,https://leetcode.com/problems/edit-distance
Bloomberg,N-Queens,42.4,https://leetcode.com/problems/n-queens
Bloomberg,Reverse Linked List II,40.8,https://leetcode.com/problems/reverse-linked-list-ii
Bloomberg,Remove Duplicates from Sorted List II,40.8,https://leetcode.com/problems/remove-duplicates-from-sorted-list-ii
Bloomberg,Longest Valid Parentheses,39.2,https://leetcode.com/problems/longest-valid-parentheses
Bloomberg,Simplify Path,39.2,https://leetcode.com/problems/simplify-path
Bloomberg,Insert Interval,39.2,https://leetcode.com/problems/insert-interval
Bloomberg,Partition List,35.4,https://leetcode.com/problems/partition-list
Bloomberg,Permutations II,35.4,https://leetcode.com/problems/permutations-ii
Bloomberg,Multiply Strings,35.4,https://leetcode.com/problems/multiply-strings
Bloomberg,Minimum Window Substring,35.4,https://leetcode.com/problems/minimum-window-substring
Bloomberg,Maximal Rectangle,33.1,https://leetcode.com/problems/maximal-rectangle
Bloomberg,Binary Tree Inorder Traversal,33.1,https://leetcode.com/problems/binary-tree-inorder-traversal
Bloomberg,Text Justification,30.6,https://leetcode.com/problems/text-justification
Bloomberg,Search in Rotated Sorted Array II,30.6,https://leetcode.com/problems/search-in-rotated-sorted-array-ii
Bloomberg,Count and Say,27.8,https://leetcode.com/problems/count-and-say
Bloomberg,Minimum Path Sum,27.8,https://leetcode.com/problems/minimum-path-sum
Bloomberg,Recover Binary Search Tree,27.8,https://leetcode.com/problems/recover-binary-search-tree
Bloomberg,Combinations,27.8,https://leetcode.com/problems/combinations
Bloomberg,Substring with Concatenation of All Words,24.5,https://leetcode.com/problems/substring-with-concatenation-of-all-words
Bloomberg,Decode Ways,24.5,https://leetcode.com/problems/decode-ways
Bloomberg,Unique Binary Search Trees II,20.6,https://leetcode.com/problems/unique-binary-search-trees-ii
Bloomberg,N-Queens II,20.6,https://leetcode.com/problems/n-queens-ii
Bloomberg,Unique Binary Search Trees,20.6,https://leetcode.com/problems/unique-binary-search-trees
Bloomberg,Gray Code,15.8,https://leetcode.com/problems/gray-code
Bloomberg,Spiral Matrix II,10.1,https://leetcode.com/problems/spiral-matrix-ii
BNY Mellon,Count Visited Nodes in a Directed Graph,100,https://leetcode.com/problems/count-visited-nodes-in-a-directed-graph
BNY Mellon,Maximum Area of a Piece of Cake After Horizontal and Vertical Cuts,97.7,https://leetcode.com/problems/maximum-area-of-a-piece-of-cake-after-horizontal-and-vertical-cuts
BNY Mellon,Sum of Distances,97.7,https://leetcode.com/problems/sum-of-distances
BNY Mellon,Minimize Length of Array Using Operations,97.7,https://leetcode.com/problems/minimize-length-of-array-using-operations
BNY Mellon,Minimum Number of Taps to Open to Water a Garden,75.5,https://leetcode.com/problems/minimum-number-of-taps-to-open-to-water-a-garden
BNY Mellon,Group Anagrams,75.5,https://leetcode.com/problems/group-anagrams
BNY Mellon,Palindromic Substrings,68.6,https://leetcode.com/problems/palindromic-substrings
BNY Mellon,Minimum Number of Groups to Create a Valid Assignment,68.6,https://leetcode.com/problems/minimum-number-of-groups-to-create-a-valid-assignment
BNY Mellon,Gas Station,68.6,https://leetcode.com/problems/gas-station
BNY Mellon,Car Fleet,58.8,https://leetcode.com/problems/car-fleet
BNY Mellon,Total Cost to Hire K Workers,58.8,https://leetcode.com/problems/total-cost-to-hire-k-workers
BNY Mellon,3Sum,58.8,https://leetcode.com/problems/3sum
BNY Mellon,Find the Count of Monotonic Pairs II,58.8,https://leetcode.com/problems/find-the-count-of-monotonic-pairs-ii
BNY Mellon,Count Vowel Substrings of a String,58.8,https://leetcode.com/problems/count-vowel-substrings-of-a-string
BNY Mellon,Two Sum,58.8,https://leetcode.com/problems/two-sum
BNY Mellon,Move Zeroes,58.8,https://leetcode.com/problems/move-zeroes
BNY Mellon,Longest Substring Without Repeating Characters,58.8,https://leetcode.com/problems/longest-substring-without-repeating-characters
BNY Mellon,Best Time to Buy and Sell Stock,58.8,https://leetcode.com/problems/best-time-to-buy-and-sell-stock
BNY Mellon,Reverse Words in a String III,58.8,https://leetcode.com/problems/reverse-words-in-a-string-iii
BNY Mellon,Roman to Integer,58.8,https://leetcode.com/problems/roman-to-integer
BNY Mellon,Longest Palindromic Substring,58.8,https://leetcode.com/problems/longest-palindromic-substring
Bolt,Best Time to Buy and Sell Stock,100,https://leetcode.com/problems/best-time-to-buy-and-sell-stock
Bolt,Check if All Characters Have Equal Number of Occurrences,94.6,https://leetcode.com/problems/check-if-all-characters-have-equal-number-of-occurrences
Bolt,Find All Anagrams in a String,80.5,https://leetcode.com/problems/find-all-anagrams-in-a-string
Bolt,Two Sum,70,https://leetcode.com/problems/two-sum
Bolt,Best Time to Buy and Sell Stock III,70,https://leetcode.com/problems/best-time-to-buy-and-sell-stock-iii
Bolt,Valid Parentheses,61.7,https://leetcode.com/problems/valid-parentheses
Bolt,Climbing Stairs,61.7,https://leetcode.com/problems/climbing-stairs
Booking.com,Reward Top K Students,100,https://leetcode.com/problems/reward-top-k-students
Booking.com,Delete Duplicate Folders in System,87.5,https://leetcode.com/problems/delete-duplicate-folders-in-system
Booking.com,Sliding Window Maximum,87.5,https://leetcode.com/problems/sliding-window-maximum
Booking.com,Coloring A Border,85.5,https://leetcode.com/problems/coloring-a-border
Booking.com,Two Out of Three,85.5,https://leetcode.com/problems/two-out-of-three
Booking.com,K Highest Ranked Items Within a Price Range,85.5,https://leetcode.com/problems/k-highest-ranked-items-within-a-price-range
Booking.com,Order Two Columns Independently,85.5,https://leetcode.com/problems/order-two-columns-independently
Booking.com,Reconstruct Itinerary,74.9,https://leetcode.com/problems/reconstruct-itinerary
Booking.com,Maximal Square,66.4,https://leetcode.com/problems/maximal-square
Booking.com,Integer to Roman,66.4,https://leetcode.com/problems/integer-to-roman
Booking.com,Backspace String Compare,60.5,https://leetcode.com/problems/backspace-string-compare
Booking.com,Permutations,60.5,https://leetcode.com/problems/permutations
Booking.com,Number of Islands,52,https://leetcode.com/problems/number-of-islands
Booking.com,Valid Parentheses,52,https://leetcode.com/problems/valid-parentheses
Booking.com,LRU Cache,52,https://leetcode.com/problems/lru-cache
Booking.com,Roman to Integer,52,https://leetcode.com/problems/roman-to-integer
Bosch,3Sum,100,https://leetcode.com/problems/3sum
Bosch,Middle of the Linked List,88.9,https://leetcode.com/problems/middle-of-the-linked-list
Box,Number of 1 Bits,100,https://leetcode.com/problems/number-of-1-bits
Box,Top K Frequent Words,92.6,https://leetcode.com/problems/top-k-frequent-words
Box,Word Ladder,77,https://leetcode.com/problems/word-ladder
Box,Kth Largest Element in a Stream,66.8,https://leetcode.com/problems/kth-largest-element-in-a-stream
Box,Event Emitter,58.8,https://leetcode.com/problems/event-emitter
Box,Redundant Connection,58.8,https://leetcode.com/problems/redundant-connection
BP,Group Anagrams,100,https://leetcode.com/problems/group-anagrams
BP,Longest Common Subsequence,92.9,https://leetcode.com/problems/longest-common-subsequence
BP,LRU Cache,82.8,https://leetcode.com/problems/lru-cache
BP,Diagonal Traverse II,82.8,https://leetcode.com/problems/diagonal-traverse-ii
Braze,Valid Parentheses,100,https://leetcode.com/problems/valid-parentheses
Braze,Two Sum,90.3,https://leetcode.com/problems/two-sum
Braze,Candy Crush,90.3,https://leetcode.com/problems/candy-crush
Bridgewater Associates,Count Strictly Increasing Subarrays,100,https://leetcode.com/problems/count-strictly-increasing-subarrays
Bridgewater Associates,Knight Dialer,86.4,https://leetcode.com/problems/knight-dialer
ByteDance,LRU Cache,100,https://leetcode.com/problems/lru-cache
ByteDance,Smallest Subsequence of Distinct Characters,89.5,https://leetcode.com/problems/smallest-subsequence-of-distinct-characters
ByteDance,Remove Duplicate Letters,87.2,https://leetcode.com/problems/remove-duplicate-letters
ByteDance,First Day Where You Have Been in All the Rooms,87.2,https://leetcode.com/problems/first-day-where-you-have-been-in-all-the-rooms
ByteDance,Number of Islands,84.6,https://leetcode.com/problems/number-of-islands
ByteDance,Course Schedule,78.6,https://leetcode.com/problems/course-schedule
ByteDance,Longest Substring Without Repeating Characters,74.9,https://leetcode.com/problems/longest-substring-without-repeating-characters
ByteDance,Combination Sum,74.9,https://leetcode.com/problems/combination-sum
ByteDance,Basic Calculator II,70.5,https://leetcode.com/problems/basic-calculator-ii
ByteDance,Kth Largest Element in an Array,70.5,https://leetcode.com/problems/kth-largest-element-in-an-array
ByteDance,Regular Expression Matching,70.5,https://leetcode.com/problems/regular-expression-matching
ByteDance,Two Sum,65.1,https://leetcode.com/problems/two-sum
ByteDance,Shortest Distance from All Buildings,65.1,https://leetcode.com/problems/shortest-distance-from-all-buildings
ByteDance,House Robber II,65.1,https://leetcode.com/problems/house-robber-ii
ByteDance,House Robber,65.1,https://leetcode.com/problems/house-robber
ByteDance,Longest Consecutive Sequence,65.1,https://leetcode.com/problems/longest-consecutive-sequence
ByteDance,Merge Intervals,65.1,https://leetcode.com/problems/merge-intervals
ByteDance,Trapping Rain Water,65.1,https://leetcode.com/problems/trapping-rain-water
ByteDance,Search in Rotated Sorted Array,65.1,https://leetcode.com/problems/search-in-rotated-sorted-array
ByteDance,Longest Common Subsequence,58.2,https://leetcode.com/problems/longest-common-subsequence
ByteDance,Rotting Oranges,58.2,https://leetcode.com/problems/rotting-oranges
ByteDance,Best Time to Buy and Sell Stock,58.2,https://leetcode.com/problems/best-time-to-buy-and-sell-stock
ByteDance,Top K Frequent Elements,58.2,https://leetcode.com/problems/top-k-frequent-elements
ByteDance,Add Two Numbers,58.2,https://leetcode.com/problems/add-two-numbers
ByteDance,Maximal Square,58.2,https://leetcode.com/problems/maximal-square
ByteDance,Combination Sum II,58.2,https://leetcode.com/problems/combination-sum-ii
ByteDance,Basic Calculator,58.2,https://leetcode.com/problems/basic-calculator
ByteDance,Insert Delete GetRandom O(1),58.2,https://leetcode.com/problems/insert-delete-getrandom-o1
ByteDance,Subarray Sum Equals K,58.2,https://leetcode.com/problems/subarray-sum-equals-k
ByteDance,Sum Game,58.2,https://leetcode.com/problems/sum-game
ByteDance,Number of Good Leaf Nodes Pairs,58.2,https://leetcode.com/problems/number-of-good-leaf-nodes-pairs
ByteDance,Sort List,58.2,https://leetcode.com/problems/sort-list
ByteDance,Delete Operation for Two Strings,58.2,https://leetcode.com/problems/delete-operation-for-two-strings
ByteDance,Open the Lock,48.5,https://leetcode.com/problems/open-the-lock
ByteDance,Container With Most Water,48.5,https://leetcode.com/problems/container-with-most-water
ByteDance,Binary Tree Zigzag Level Order Traversal,48.5,https://leetcode.com/problems/binary-tree-zigzag-level-order-traversal
ByteDance,Trapping Rain Water II,48.5,https://leetcode.com/problems/trapping-rain-water-ii
ByteDance,"Pow(x, n)",48.5,https://leetcode.com/problems/powx-n
ByteDance,Next Permutation,48.5,https://leetcode.com/problems/next-permutation
ByteDance,Compare Version Numbers,48.5,https://leetcode.com/problems/compare-version-numbers
ByteDance,Design Memory Allocator,48.5,https://leetcode.com/problems/design-memory-allocator
ByteDance,Search a 2D Matrix II,48.5,https://leetcode.com/problems/search-a-2d-matrix-ii
ByteDance,Merge Sorted Array,48.5,https://leetcode.com/problems/merge-sorted-array
ByteDance,Peak Index in a Mountain Array,48.5,https://leetcode.com/problems/peak-index-in-a-mountain-array
ByteDance,Subsets,48.5,https://leetcode.com/problems/subsets
ByteDance,Longest Repeating Character Replacement,48.5,https://leetcode.com/problems/longest-repeating-character-replacement
ByteDance,Merge k Sorted Lists,48.5,https://leetcode.com/problems/merge-k-sorted-lists
ByteDance,Unique Paths,48.5,https://leetcode.com/problems/unique-paths
ByteDance,Minimum Window Substring,48.5,https://leetcode.com/problems/minimum-window-substring
ByteDance,Sum of Distances in Tree,48.5,https://leetcode.com/problems/sum-of-distances-in-tree
ByteDance,Longest Palindromic Substring,48.5,https://leetcode.com/problems/longest-palindromic-substring
ByteDance,Reverse Linked List,48.5,https://leetcode.com/problems/reverse-linked-list
ByteDance,Minimum Area Rectangle,48.5,https://leetcode.com/problems/minimum-area-rectangle
ByteDance,Add to Array-Form of Integer,48.5,https://leetcode.com/problems/add-to-array-form-of-integer
ByteDance,Course Schedule II,48.5,https://leetcode.com/problems/course-schedule-ii
ByteDance,H-Index,48.5,https://leetcode.com/problems/h-index
ByteDance,Decode String,48.5,https://leetcode.com/problems/decode-string
ByteDance,Find All Good Indices,48.5,https://leetcode.com/problems/find-all-good-indices
ByteDance,Degree of an Array,48.5,https://leetcode.com/problems/degree-of-an-array
ByteDance,Climbing Stairs,48.5,https://leetcode.com/problems/climbing-stairs
ByteDance,Count Binary Substrings,48.5,https://leetcode.com/problems/count-binary-substrings
ByteDance,Maximum Value at a Given Index in a Bounded Array,48.5,https://leetcode.com/problems/maximum-value-at-a-given-index-in-a-bounded-array
ByteDance,Partition to K Equal Sum Subsets,48.5,https://leetcode.com/problems/partition-to-k-equal-sum-subsets
ByteDance,Remove Zero Sum Consecutive Nodes from Linked List,48.5,https://leetcode.com/problems/remove-zero-sum-consecutive-nodes-from-linked-list
Cadence,Sudoku Solver,100,https://leetcode.com/problems/sudoku-solver
Cadence,Island Perimeter,100,https://leetcode.com/problems/island-perimeter
Cadence,Merge Intervals,100,https://leetcode.com/problems/merge-intervals
Cadence,Two Sum,100,https://leetcode.com/problems/two-sum
Cadence,Valid Palindrome,100,https://leetcode.com/problems/valid-palindrome
Cadence,3Sum,100,https://leetcode.com/problems/3sum
Canonical,Divide a String Into Groups of Size k,100,https://leetcode.com/problems/divide-a-string-into-groups-of-size-k
Canonical,Evaluate Reverse Polish Notation,79.6,https://leetcode.com/problems/evaluate-reverse-polish-notation
Canonical,Merge Sorted Array,65.6,https://leetcode.com/problems/merge-sorted-array
Capgemini,Two Sum,100,https://leetcode.com/problems/two-sum
Capgemini,Number of Unique Subjects Taught by Each Teacher,95.7,https://leetcode.com/problems/number-of-unique-subjects-taught-by-each-teacher
Capgemini,Reverse Degree of a String,95.7,https://leetcode.com/problems/reverse-degree-of-a-string
Capgemini,Remove Duplicates from Sorted Array,83.5,https://leetcode.com/problems/remove-duplicates-from-sorted-array
Capgemini,Count Elements With Maximum Frequency,79.2,https://leetcode.com/problems/count-elements-with-maximum-frequency
Capgemini,Best Time to Buy and Sell Stock,73.9,https://leetcode.com/problems/best-time-to-buy-and-sell-stock
Capgemini,Add Two Numbers,67.1,https://leetcode.com/problems/add-two-numbers
Capgemini,Longest Common Prefix,67.1,https://leetcode.com/problems/longest-common-prefix
Capgemini,Palindrome Number,67.1,https://leetcode.com/problems/palindrome-number
Capgemini,Rotate Array,57.5,https://leetcode.com/problems/rotate-array
Capgemini,Find First and Last Position of Element in Sorted Array,57.5,https://leetcode.com/problems/find-first-and-last-position-of-element-in-sorted-array
Capgemini,Subarray Sum Equals K,57.5,https://leetcode.com/problems/subarray-sum-equals-k
Capgemini,Balanced Binary Tree,57.5,https://leetcode.com/problems/balanced-binary-tree
Capgemini,Longest Substring Without Repeating Characters,57.5,https://leetcode.com/problems/longest-substring-without-repeating-characters
Capgemini,Trapping Rain Water,57.5,https://leetcode.com/problems/trapping-rain-water
Capgemini,Move Zeroes,57.5,https://leetcode.com/problems/move-zeroes
Capgemini,Valid Anagram,57.5,https://leetcode.com/problems/valid-anagram
Capgemini,Fibonacci Number,57.5,https://leetcode.com/problems/fibonacci-number
Capgemini,Exchange Seats,57.5,https://leetcode.com/problems/exchange-seats
Capgemini,Median of Two Sorted Arrays,57.5,https://leetcode.com/problems/median-of-two-sorted-arrays
Capgemini,Longest Happy String,57.5,https://leetcode.com/problems/longest-happy-string
Capgemini,Valid Palindrome,57.5,https://leetcode.com/problems/valid-palindrome
Capgemini,Reverse Words in a String,57.5,https://leetcode.com/problems/reverse-words-in-a-string
Capgemini,Nth Highest Salary,57.5,https://leetcode.com/problems/nth-highest-salary
Capgemini,Coin Change,57.5,https://leetcode.com/problems/coin-change
Capital One,Simple Bank System,100,https://leetcode.com/problems/simple-bank-system
Capital One,Spiral Matrix,92.8,https://leetcode.com/problems/spiral-matrix
Capital One,Block Placement Queries,92,https://leetcode.com/problems/block-placement-queries
Capital One,Text Justification,82.9,https://leetcode.com/problems/text-justification
Capital One,Minimum Operations to Write the Letter Y on a Grid,81.6,https://leetcode.com/problems/minimum-operations-to-write-the-letter-y-on-a-grid
Capital One,Candy Crush,75.3,https://leetcode.com/problems/candy-crush
Capital One,Count Alternating Subarrays,75.3,https://leetcode.com/problems/count-alternating-subarrays
Capital One,Rotate Image,73.4,https://leetcode.com/problems/rotate-image
Capital One,Four Divisors,73.4,https://leetcode.com/problems/four-divisors
Capital One,Simplify Path,71.2,https://leetcode.com/problems/simplify-path
Capital One,Count Operations to Obtain Zero,71.2,https://leetcode.com/problems/count-operations-to-obtain-zero
Capital One,Longest Continuous Subarray With Absolute Diff Less Than or Equal to Limit,68.9,https://leetcode.com/problems/longest-continuous-subarray-with-absolute-diff-less-than-or-equal-to-limit
Capital One,Split Message Based on Limit,68.9,https://leetcode.com/problems/split-message-based-on-limit
Capital One,Rotating the Box,66.1,https://leetcode.com/problems/rotating-the-box
Capital One,Number of Black Blocks,63,https://leetcode.com/problems/number-of-black-blocks
Capital One,Best Time to Buy and Sell Stock,59.3,https://leetcode.com/problems/best-time-to-buy-and-sell-stock
Capital One,Number of Flowers in Full Bloom,59.3,https://leetcode.com/problems/number-of-flowers-in-full-bloom
Capital One,Find the Length of the Longest Common Prefix,59.3,https://leetcode.com/problems/find-the-length-of-the-longest-common-prefix
Capital One,Count Prefix and Suffix Pairs II,59.3,https://leetcode.com/problems/count-prefix-and-suffix-pairs-ii
Capital One,Remove Boxes,59.3,https://leetcode.com/problems/remove-boxes
Capital One,Largest Rectangle in Histogram,59.3,https://leetcode.com/problems/largest-rectangle-in-histogram
Capital One,Coin Change,54.8,https://leetcode.com/problems/coin-change
Capital One,Design File System,54.8,https://leetcode.com/problems/design-file-system
Capital One,Word Search,54.8,https://leetcode.com/problems/word-search
Capital One,Number of Subarrays That Match a Pattern I,54.8,https://leetcode.com/problems/number-of-subarrays-that-match-a-pattern-i
Capital One,Palindrome Number,54.8,https://leetcode.com/problems/palindrome-number
Capital One,Add Strings,49,https://leetcode.com/problems/add-strings
Capital One,Merge Intervals,49,https://leetcode.com/problems/merge-intervals
Capital One,Number of Islands,49,https://leetcode.com/problems/number-of-islands
Capital One,Add Two Numbers,49,https://leetcode.com/problems/add-two-numbers
Capital One,Binary Tree Paths,49,https://leetcode.com/problems/binary-tree-paths
Capital One,Non-overlapping Intervals,49,https://leetcode.com/problems/non-overlapping-intervals
Capital One,Word Search II,49,https://leetcode.com/problems/word-search-ii
Capital One,Meeting Rooms II,40.8,https://leetcode.com/problems/meeting-rooms-ii
Capital One,Rotate Array,40.8,https://leetcode.com/problems/rotate-array
Capital One,Minimum Absolute Difference Between Elements With Constraint,40.8,https://leetcode.com/problems/minimum-absolute-difference-between-elements-with-constraint
Capital One,Reverse Nodes in k-Group,40.8,https://leetcode.com/problems/reverse-nodes-in-k-group
Capital One,K-diff Pairs in an Array,40.8,https://leetcode.com/problems/k-diff-pairs-in-an-array
Capital One,Number of Adjacent Elements With the Same Color,40.8,https://leetcode.com/problems/number-of-adjacent-elements-with-the-same-color
Capital One,Best Time to Buy and Sell Stock II,40.8,https://leetcode.com/problems/best-time-to-buy-and-sell-stock-ii
Capital One,Count Prefix and Suffix Pairs I,40.8,https://leetcode.com/problems/count-prefix-and-suffix-pairs-i
Capital One,Valid Parentheses,40.8,https://leetcode.com/problems/valid-parentheses
Capital One,Merge Two Sorted Lists,40.8,https://leetcode.com/problems/merge-two-sorted-lists
Capital One,Get Biggest Three Rhombus Sums in a Grid,40.8,https://leetcode.com/problems/get-biggest-three-rhombus-sums-in-a-grid
Capital One,Roman to Integer,40.8,https://leetcode.com/problems/roman-to-integer
Capital One,Find Servers That Handled Most Number of Requests,40.8,https://leetcode.com/problems/find-servers-that-handled-most-number-of-requests
Capital One,LRU Cache,40.8,https://leetcode.com/problems/lru-cache
Careem,Two Sum,100,https://leetcode.com/problems/two-sum
Careem,3Sum,89.3,https://leetcode.com/problems/3sum
Careem,Design Hit Counter,89.3,https://leetcode.com/problems/design-hit-counter
CARS24,Time Based Key-Value Store,100,https://leetcode.com/problems/time-based-key-value-store
CARS24,Online Election,94.5,https://leetcode.com/problems/online-election
CARS24,Rabbits in Forest,87.4,https://leetcode.com/problems/rabbits-in-forest
CARS24,Open the Lock,87.4,https://leetcode.com/problems/open-the-lock
CARS24,Bulls and Cows,77.3,https://leetcode.com/problems/bulls-and-cows
CARS24,Counter,77.3,https://leetcode.com/problems/counter
CARS24,House Robber,77.3,https://leetcode.com/problems/house-robber
CARS24,Merge Intervals,77.3,https://leetcode.com/problems/merge-intervals
carwale,Find Mirror Score of a String,100,https://leetcode.com/problems/find-mirror-score-of-a-string
carwale,Zigzag Conversion,74,https://leetcode.com/problems/zigzag-conversion
carwale,Trapping Rain Water,74,https://leetcode.com/problems/trapping-rain-water
carwale,Best Time to Buy and Sell Stock,65.2,https://leetcode.com/problems/best-time-to-buy-and-sell-stock
carwale,Minimum Time Difference,65.2,https://leetcode.com/problems/minimum-time-difference
Cashfree,House Robber IV,100,https://leetcode.com/problems/house-robber-iv
Cashfree,Maximum Erasure Value,100,https://leetcode.com/problems/maximum-erasure-value
Cashfree,Non-decreasing Array,66.3,https://leetcode.com/problems/non-decreasing-array
CEDCOSS,Longest Palindromic Substring,100,https://leetcode.com/problems/longest-palindromic-substring
CEDCOSS,Longest Common Prefix,83.4,https://leetcode.com/problems/longest-common-prefix
CEDCOSS,Move Zeroes,83.4,https://leetcode.com/problems/move-zeroes
CEDCOSS,Product of Array Except Self,83.4,https://leetcode.com/problems/product-of-array-except-self
Celigo,Reformat Date,100,https://leetcode.com/problems/reformat-date
Celigo,First Missing Positive,100,https://leetcode.com/problems/first-missing-positive
Chewy,Top K Frequent Elements,100,https://leetcode.com/problems/top-k-frequent-elements
Chewy,Design Tic-Tac-Toe,100,https://leetcode.com/problems/design-tic-tac-toe
Chewy,Robot Bounded In Circle,100,https://leetcode.com/problems/robot-bounded-in-circle
Chewy,Backspace String Compare,88.9,https://leetcode.com/problems/backspace-string-compare
Chewy,Two Sum,88.9,https://leetcode.com/problems/two-sum
Chewy,LRU Cache,88.9,https://leetcode.com/problems/lru-cache
Chime,Detonate the Maximum Bombs,100,https://leetcode.com/problems/detonate-the-maximum-bombs
Chime,Letter Combinations of a Phone Number,66.5,https://leetcode.com/problems/letter-combinations-of-a-phone-number
ciena,Active Users,100,https://leetcode.com/problems/active-users
ciena,Number of Unique Flavors After Sharing K Candies,100,https://leetcode.com/problems/number-of-unique-flavors-after-sharing-k-candies
Circle,Simple Bank System,100,https://leetcode.com/problems/simple-bank-system
Circle,Design In-Memory File System,90.6,https://leetcode.com/problems/design-in-memory-file-system
Cisco,Longest Palindromic Substring,100,https://leetcode.com/problems/longest-palindromic-substring
Cisco,Predict the Winner,98.1,https://leetcode.com/problems/predict-the-winner
Cisco,House Robber,98.1,https://leetcode.com/problems/house-robber
Cisco,Lucky Numbers in a Matrix,84.8,https://leetcode.com/problems/lucky-numbers-in-a-matrix
Cisco,Rotate Image,84.8,https://leetcode.com/problems/rotate-image
Cisco,Spiral Matrix,84.1,https://leetcode.com/problems/spiral-matrix
Cisco,Fizz Buzz,69.8,https://leetcode.com/problems/fizz-buzz
Cisco,LRU Cache,66.8,https://leetcode.com/problems/lru-cache
Cisco,Snakes and Ladders,66.8,https://leetcode.com/problems/snakes-and-ladders
Cisco,Number of Valid Words in a Sentence,66.8,https://leetcode.com/problems/number-of-valid-words-in-a-sentence
Cisco,Find Third Transaction,65.1,https://leetcode.com/problems/find-third-transaction
Cisco,Maximum Difference Between Increasing Elements,65.1,https://leetcode.com/problems/maximum-difference-between-increasing-elements
Cisco,Merge Intervals,65.1,https://leetcode.com/problems/merge-intervals
Cisco,Maximum Subarray,63.2,https://leetcode.com/problems/maximum-subarray
Cisco,Implement Router,63.2,https://leetcode.com/problems/implement-router
Cisco,Find the Largest Area of Square Inside Two Rectangles,63.2,https://leetcode.com/problems/find-the-largest-area-of-square-inside-two-rectangles
Cisco,Minimum Cost to Make Array Equal,63.2,https://leetcode.com/problems/minimum-cost-to-make-array-equal
Cisco,Word Search II,63.2,https://leetcode.com/problems/word-search-ii
Cisco,Number of Equal Count Substrings,63.2,https://leetcode.com/problems/number-of-equal-count-substrings
Cisco,Sum of k-Mirror Numbers,63.2,https://leetcode.com/problems/sum-of-k-mirror-numbers
Cisco,Check if Binary String Has at Most One Segment of Ones,63.2,https://leetcode.com/problems/check-if-binary-string-has-at-most-one-segment-of-ones
Cisco,Max Points on a Line,58.9,https://leetcode.com/problems/max-points-on-a-line
Cisco,Happy Number,58.9,https://leetcode.com/problems/happy-number
Cisco,Stone Game,58.9,https://leetcode.com/problems/stone-game
Cisco,Two Sum,58.9,https://leetcode.com/problems/two-sum
Cisco,Cherry Pickup,56.3,https://leetcode.com/problems/cherry-pickup
Cisco,Valid Parentheses,56.3,https://leetcode.com/problems/valid-parentheses
Cisco,Trapping Rain Water,56.3,https://leetcode.com/problems/trapping-rain-water
Cisco,Longest Substring Without Repeating Characters,53.2,https://leetcode.com/problems/longest-substring-without-repeating-characters
Cisco,Linked List Cycle,49.7,https://leetcode.com/problems/linked-list-cycle
Cisco,Decode String,49.7,https://leetcode.com/problems/decode-string
Cisco,Best Time to Buy and Sell Stock,49.7,https://leetcode.com/problems/best-time-to-buy-and-sell-stock
Cisco,Remove Boxes,49.7,https://leetcode.com/problems/remove-boxes
Cisco,Merge Sorted Array,49.7,https://leetcode.com/problems/merge-sorted-array
Cisco,Strange Printer,45.3,https://leetcode.com/problems/strange-printer
Cisco,Longest Consecutive Sequence,45.3,https://leetcode.com/problems/longest-consecutive-sequence
Cisco,Letter Combinations of a Phone Number,45.3,https://leetcode.com/problems/letter-combinations-of-a-phone-number
Cisco,Move Zeroes,45.3,https://leetcode.com/problems/move-zeroes
Cisco,3Sum,45.3,https://leetcode.com/problems/3sum
Cisco,Reverse Linked List,45.3,https://leetcode.com/problems/reverse-linked-list
Cisco,Number of Islands,45.3,https://leetcode.com/problems/number-of-islands
Cisco,Search a 2D Matrix,45.3,https://leetcode.com/problems/search-a-2d-matrix
Cisco,Word Search,39.8,https://leetcode.com/problems/word-search
Cisco,Gas Station,39.8,https://leetcode.com/problems/gas-station
Cisco,Remove Duplicates from Sorted Array,39.8,https://leetcode.com/problems/remove-duplicates-from-sorted-array
Cisco,Meeting Rooms II,39.8,https://leetcode.com/problems/meeting-rooms-ii
Cisco,Valid Palindrome,39.8,https://leetcode.com/problems/valid-palindrome
Cisco,Permutation in String,39.8,https://leetcode.com/problems/permutation-in-string
Cisco,Merge k Sorted Lists,39.8,https://leetcode.com/problems/merge-k-sorted-lists
Cisco,Group Anagrams,39.8,https://leetcode.com/problems/group-anagrams
Cisco,Single Number,39.8,https://leetcode.com/problems/single-number
Cisco,Find Servers That Handled Most Number of Requests,39.8,https://leetcode.com/problems/find-servers-that-handled-most-number-of-requests
Cisco,Insert Delete GetRandom O(1),39.8,https://leetcode.com/problems/insert-delete-getrandom-o1
Cisco,Validate IP Address,39.8,https://leetcode.com/problems/validate-ip-address
Cisco,Top K Frequent Elements,39.8,https://leetcode.com/problems/top-k-frequent-elements
Cisco,Add Two Numbers,39.8,https://leetcode.com/problems/add-two-numbers
Cisco,Expressive Words,39.8,https://leetcode.com/problems/expressive-words
Cisco,Edit Distance,32,https://leetcode.com/problems/edit-distance
Cisco,Subarray Sum Equals K,32,https://leetcode.com/problems/subarray-sum-equals-k
Cisco,Rising Temperature,32,https://leetcode.com/problems/rising-temperature
Cisco,Can Place Flowers,32,https://leetcode.com/problems/can-place-flowers
Cisco,Kth Smallest Element in a BST,32,https://leetcode.com/problems/kth-smallest-element-in-a-bst
Cisco,Missing Number,32,https://leetcode.com/problems/missing-number
Cisco,Find Minimum in Rotated Sorted Array,32,https://leetcode.com/problems/find-minimum-in-rotated-sorted-array
Cisco,Unique Paths,32,https://leetcode.com/problems/unique-paths
Cisco,Zigzag Conversion,32,https://leetcode.com/problems/zigzag-conversion
Cisco,Permutations,32,https://leetcode.com/problems/permutations
Cisco,Sliding Window Maximum,32,https://leetcode.com/problems/sliding-window-maximum
Cisco,Compare Version Numbers,32,https://leetcode.com/problems/compare-version-numbers
Cisco,Largest Rectangle in Histogram,32,https://leetcode.com/problems/largest-rectangle-in-histogram
Cisco,Longest Palindromic Subsequence,32,https://leetcode.com/problems/longest-palindromic-subsequence
Cisco,Min Stack,32,https://leetcode.com/problems/min-stack
Cisco,Restore IP Addresses,32,https://leetcode.com/problems/restore-ip-addresses
Cisco,Reverse Words in a String,32,https://leetcode.com/problems/reverse-words-in-a-string
Cisco,Pascal's Triangle,32,https://leetcode.com/problems/pascals-triangle
Cisco,Jump Game,32,https://leetcode.com/problems/jump-game
Cisco,Count of Integers,32,https://leetcode.com/problems/count-of-integers
Cisco,Climbing Stairs,32,https://leetcode.com/problems/climbing-stairs
Cisco,Palindromic Substrings,32,https://leetcode.com/problems/palindromic-substrings
Cisco,Design Browser History,32,https://leetcode.com/problems/design-browser-history
Cisco,Maximum Product of Two Elements in an Array,32,https://leetcode.com/problems/maximum-product-of-two-elements-in-an-array
Cisco,Beautiful Arrangement,32,https://leetcode.com/problems/beautiful-arrangement
Cisco,Remove K Digits,32,https://leetcode.com/problems/remove-k-digits
Cisco,Product of Array Except Self,32,https://leetcode.com/problems/product-of-array-except-self
Cisco,Number of 1 Bits,32,https://leetcode.com/problems/number-of-1-bits
Cisco,Unique Paths II,32,https://leetcode.com/problems/unique-paths-ii
Cisco,Two Sum IV - Input is a BST,32,https://leetcode.com/problems/two-sum-iv-input-is-a-bst
Citadel,Longest Non-decreasing Subarray From Two Arrays,100,https://leetcode.com/problems/longest-non-decreasing-subarray-from-two-arrays
Citadel,Binary Tree Maximum Path Sum,98.7,https://leetcode.com/problems/binary-tree-maximum-path-sum
Citadel,Delete and Earn,93.4,https://leetcode.com/problems/delete-and-earn
Citadel,Minimum Knight Moves,93.4,https://leetcode.com/problems/minimum-knight-moves
Citadel,Palindromic Substrings,86.5,https://leetcode.com/problems/palindromic-substrings
Citadel,Sliding Window Maximum,85.3,https://leetcode.com/problems/sliding-window-maximum
Citadel,Count Palindromic Subsequences,81.3,https://leetcode.com/problems/count-palindromic-subsequences
Citadel,Minimum Equal Sum of Two Arrays After Replacing Zeros,79.8,https://leetcode.com/problems/minimum-equal-sum-of-two-arrays-after-replacing-zeros
Citadel,LFU Cache,79.8,https://leetcode.com/problems/lfu-cache
Citadel,Minimum Operations to Make Numbers Non-positive,78.1,https://leetcode.com/problems/minimum-operations-to-make-numbers-non-positive
Citadel,Number of Good Binary Strings,76.4,https://leetcode.com/problems/number-of-good-binary-strings
Citadel,Maximum Total Damage With Spell Casting,76.4,https://leetcode.com/problems/maximum-total-damage-with-spell-casting
Citadel,Maximum Length of Repeated Subarray,74.4,https://leetcode.com/problems/maximum-length-of-repeated-subarray
Citadel,LRU Cache,74.4,https://leetcode.com/problems/lru-cache
Citadel,Minimum Costs Using the Train Line,74.4,https://leetcode.com/problems/minimum-costs-using-the-train-line
Citadel,Best Position for a Service Centre,74.4,https://leetcode.com/problems/best-position-for-a-service-centre
Citadel,Evaluate Division,72.3,https://leetcode.com/problems/evaluate-division
Citadel,First Completely Painted Row or Column,72.3,https://leetcode.com/problems/first-completely-painted-row-or-column
Citadel,Longest String Chain,70,https://leetcode.com/problems/longest-string-chain
Citadel,Merge Intervals,70,https://leetcode.com/problems/merge-intervals
Citadel,Best Time to Buy and Sell Stock,67.4,https://leetcode.com/problems/best-time-to-buy-and-sell-stock
Citadel,Serialize and Deserialize Binary Tree,67.4,https://leetcode.com/problems/serialize-and-deserialize-binary-tree
Citadel,Find the Duplicate Number,67.4,https://leetcode.com/problems/find-the-duplicate-number
Citadel,Evaluate Reverse Polish Notation,64.5,https://leetcode.com/problems/evaluate-reverse-polish-notation
Citadel,Insert Delete GetRandom O(1),64.5,https://leetcode.com/problems/insert-delete-getrandom-o1
Citadel,Sudoku Solver,61.1,https://leetcode.com/problems/sudoku-solver
Citadel,Length of Longest Subarray With at Most K Frequency,61.1,https://leetcode.com/problems/length-of-longest-subarray-with-at-most-k-frequency
Citadel,Parallel Courses III,61.1,https://leetcode.com/problems/parallel-courses-iii
Citadel,Number of Islands,61.1,https://leetcode.com/problems/number-of-islands
Citadel,Couples Holding Hands,57.1,https://leetcode.com/problems/couples-holding-hands
Citadel,Find Median from Data Stream,57.1,https://leetcode.com/problems/find-median-from-data-stream
Citadel,Group Anagrams,57.1,https://leetcode.com/problems/group-anagrams
Citadel,Validate Binary Search Tree,57.1,https://leetcode.com/problems/validate-binary-search-tree
Citadel,Meeting Scheduler,57.1,https://leetcode.com/problems/meeting-scheduler
Citadel,Employee Free Time,57.1,https://leetcode.com/problems/employee-free-time
Citadel,Merge k Sorted Lists,57.1,https://leetcode.com/problems/merge-k-sorted-lists
Citadel,Permutations,57.1,https://leetcode.com/problems/permutations
Citadel,Robot Room Cleaner,57.1,https://leetcode.com/problems/robot-room-cleaner
Citadel,Binary Tree Zigzag Level Order Traversal,52.2,https://leetcode.com/problems/binary-tree-zigzag-level-order-traversal
Citadel,Design Search Autocomplete System,52.2,https://leetcode.com/problems/design-search-autocomplete-system
Citadel,N-Queens,52.2,https://leetcode.com/problems/n-queens
Citadel,Fizz Buzz,52.2,https://leetcode.com/problems/fizz-buzz
Citadel,Best Time to Buy and Sell Stock II,52.2,https://leetcode.com/problems/best-time-to-buy-and-sell-stock-ii
Citadel,Regular Expression Matching,52.2,https://leetcode.com/problems/regular-expression-matching
Citadel,Best Time to Buy and Sell Stock III,52.2,https://leetcode.com/problems/best-time-to-buy-and-sell-stock-iii
Citadel,Search Suggestions System,52.2,https://leetcode.com/problems/search-suggestions-system
Citadel,Combination Sum,52.2,https://leetcode.com/problems/combination-sum
Citadel,Design Circular Queue,52.2,https://leetcode.com/problems/design-circular-queue
Citadel,Trapping Rain Water,52.2,https://leetcode.com/problems/trapping-rain-water
Citadel,Word Search,45.9,https://leetcode.com/problems/word-search
Citadel,Design Excel Sum Formula,45.9,https://leetcode.com/problems/design-excel-sum-formula
Citadel,Climbing Stairs,45.9,https://leetcode.com/problems/climbing-stairs
Citadel,Letter Combinations of a Phone Number,45.9,https://leetcode.com/problems/letter-combinations-of-a-phone-number
Citadel,Sqrt(x),45.9,https://leetcode.com/problems/sqrtx
Citadel,Implement Trie (Prefix Tree),45.9,https://leetcode.com/problems/implement-trie-prefix-tree
Citadel,Moving Average from Data Stream,45.9,https://leetcode.com/problems/moving-average-from-data-stream
Citadel,Sort Items by Groups Respecting Dependencies,45.9,https://leetcode.com/problems/sort-items-by-groups-respecting-dependencies
Citadel,Design Front Middle Back Queue,45.9,https://leetcode.com/problems/design-front-middle-back-queue
Citadel,Median of Two Sorted Arrays,45.9,https://leetcode.com/problems/median-of-two-sorted-arrays
Citadel,Find Servers That Handled Most Number of Requests,45.9,https://leetcode.com/problems/find-servers-that-handled-most-number-of-requests
Citadel,Longest Increasing Path in a Matrix,45.9,https://leetcode.com/problems/longest-increasing-path-in-a-matrix
Citadel,House Robber,45.9,https://leetcode.com/problems/house-robber
Citadel,Maximal Square,45.9,https://leetcode.com/problems/maximal-square
Citadel,3Sum,45.9,https://leetcode.com/problems/3sum
Citadel,Perfect Squares,45.9,https://leetcode.com/problems/perfect-squares
Citadel,Minimum Height Trees,45.9,https://leetcode.com/problems/minimum-height-trees
Citadel,Alien Dictionary,45.9,https://leetcode.com/problems/alien-dictionary
Citadel,Count Ways To Build Good Strings,45.9,https://leetcode.com/problems/count-ways-to-build-good-strings
Citadel,Transform to Chessboard,45.9,https://leetcode.com/problems/transform-to-chessboard
Citadel,Best Time to Buy and Sell Stock with Transaction Fee,37.1,https://leetcode.com/problems/best-time-to-buy-and-sell-stock-with-transaction-fee
Citadel,Open the Lock,37.1,https://leetcode.com/problems/open-the-lock
Citadel,Koko Eating Bananas,37.1,https://leetcode.com/problems/koko-eating-bananas
Citadel,Populating Next Right Pointers in Each Node II,37.1,https://leetcode.com/problems/populating-next-right-pointers-in-each-node-ii
Citadel,Max Points on a Line,37.1,https://leetcode.com/problems/max-points-on-a-line
Citadel,Integer to Roman,37.1,https://leetcode.com/problems/integer-to-roman
Citadel,Permutations II,37.1,https://leetcode.com/problems/permutations-ii
Citadel,"Pow(x, n)",37.1,https://leetcode.com/problems/powx-n
Citadel,Simplify Path,37.1,https://leetcode.com/problems/simplify-path
Citadel,Container With Most Water,37.1,https://leetcode.com/problems/container-with-most-water
Citadel,Rotting Oranges,37.1,https://leetcode.com/problems/rotting-oranges
Citadel,Longest Increasing Subsequence,37.1,https://leetcode.com/problems/longest-increasing-subsequence
Citadel,Rank Transform of a Matrix,37.1,https://leetcode.com/problems/rank-transform-of-a-matrix
Citadel,Paint House,37.1,https://leetcode.com/problems/paint-house
Citadel,Subarray Sums Divisible by K,37.1,https://leetcode.com/problems/subarray-sums-divisible-by-k
Citadel,Search a 2D Matrix II,37.1,https://leetcode.com/problems/search-a-2d-matrix-ii
Citadel,Best Time to Buy and Sell Stock IV,37.1,https://leetcode.com/problems/best-time-to-buy-and-sell-stock-iv
Citadel,Insert Delete GetRandom O(1) - Duplicates allowed,37.1,https://leetcode.com/problems/insert-delete-getrandom-o1-duplicates-allowed
Citadel,Word Ladder II,37.1,https://leetcode.com/problems/word-ladder-ii
Citadel,Bus Routes,37.1,https://leetcode.com/problems/bus-routes
Citadel,Course Schedule,37.1,https://leetcode.com/problems/course-schedule
Citadel,Reorganize String,37.1,https://leetcode.com/problems/reorganize-string
Citadel,Longest Common Subsequence,37.1,https://leetcode.com/problems/longest-common-subsequence
Citadel,Egg Drop With 2 Eggs and N Floors,37.1,https://leetcode.com/problems/egg-drop-with-2-eggs-and-n-floors
Citadel,Course Schedule II,37.1,https://leetcode.com/problems/course-schedule-ii
Citadel,Populating Next Right Pointers in Each Node,37.1,https://leetcode.com/problems/populating-next-right-pointers-in-each-node
Citadel,Knight Probability in Chessboard,37.1,https://leetcode.com/problems/knight-probability-in-chessboard
Citadel,Asteroid Collision,37.1,https://leetcode.com/problems/asteroid-collision
Citadel,The Skyline Problem,37.1,https://leetcode.com/problems/the-skyline-problem
Citadel,Basic Calculator,37.1,https://leetcode.com/problems/basic-calculator
Citadel,Count Number of Maximum Bitwise-OR Subsets,37.1,https://leetcode.com/problems/count-number-of-maximum-bitwise-or-subsets
Citigroup,Find Pivot Index,100,https://leetcode.com/problems/find-pivot-index
Citigroup,Number of Visible People in a Queue,100,https://leetcode.com/problems/number-of-visible-people-in-a-queue
Citigroup,Best Time to Buy and Sell Stock,100,https://leetcode.com/problems/best-time-to-buy-and-sell-stock
Citrix,Find All Groups of Farmland,100,https://leetcode.com/problems/find-all-groups-of-farmland
Citrix,Check if Strings Can be Made Equal With Operations II,100,https://leetcode.com/problems/check-if-strings-can-be-made-equal-with-operations-ii
Citrix,Check if Strings Can be Made Equal With Operations I,100,https://leetcode.com/problems/check-if-strings-can-be-made-equal-with-operations-i
Citrix,Maximum Performance of a Team,100,https://leetcode.com/problems/maximum-performance-of-a-team
Citrix,Remove Nth Node From End of List,63.7,https://leetcode.com/problems/remove-nth-node-from-end-of-list
Citrix,Pairs of Songs With Total Durations Divisible by 60,63.7,https://leetcode.com/problems/pairs-of-songs-with-total-durations-divisible-by-60
Citrix,LRU Cache,63.7,https://leetcode.com/problems/lru-cache
Clari,Create Binary Tree From Descriptions,100,https://leetcode.com/problems/create-binary-tree-from-descriptions
Clari,Group Employees of the Same Salary,100,https://leetcode.com/problems/group-employees-of-the-same-salary
Clari,Unique Binary Search Trees,81.1,https://leetcode.com/problems/unique-binary-search-trees
Cleartrip,Word Break,100,https://leetcode.com/problems/word-break
Cleartrip,House Robber,100,https://leetcode.com/problems/house-robber
Cleartrip,Minimum Cost to Make at Least One Valid Path in a Grid,100,https://leetcode.com/problems/minimum-cost-to-make-at-least-one-valid-path-in-a-grid
Cleartrip,Rabbits in Forest,100,https://leetcode.com/problems/rabbits-in-forest
Cloudera,Complement of Base 10 Integer,100,https://leetcode.com/problems/complement-of-base-10-integer
Cloudera,Number Complement,100,https://leetcode.com/problems/number-complement
Cloudera,Best Time to Buy and Sell Stock,73.9,https://leetcode.com/problems/best-time-to-buy-and-sell-stock
Cloudera,Cheapest Flights Within K Stops,65.2,https://leetcode.com/problems/cheapest-flights-within-k-stops
Cloudera,Lexicographically Smallest Equivalent String,65.2,https://leetcode.com/problems/lexicographically-smallest-equivalent-string
Cloudflare,Design Circular Queue,100,https://leetcode.com/problems/design-circular-queue
Cloudflare,3Sum,94.4,https://leetcode.com/problems/3sum
Cloudflare,4Sum,94.4,https://leetcode.com/problems/4sum
Cloudflare,Design a Stack With Increment Operation,84.3,https://leetcode.com/problems/design-a-stack-with-increment-operation
Cloudflare,Reaching Points,84.3,https://leetcode.com/problems/reaching-points
Cloudflare,Design Hit Counter,74.5,https://leetcode.com/problems/design-hit-counter
Cloudflare,Number of Islands,69.9,https://leetcode.com/problems/number-of-islands
Cloudflare,LRU Cache,63.9,https://leetcode.com/problems/lru-cache
Cloudflare,Game of Life,55.5,https://leetcode.com/problems/game-of-life
Cloudflare,Fizz Buzz,55.5,https://leetcode.com/problems/fizz-buzz
CME Group,Longest Common Prefix,100,https://leetcode.com/problems/longest-common-prefix
CME Group,Best Time to Buy and Sell Stock,83.9,https://leetcode.com/problems/best-time-to-buy-and-sell-stock
Cognizant,Palindrome Number,100,https://leetcode.com/problems/palindrome-number
Cognizant,Count Subarrays of Length Three With a Condition,95.6,https://leetcode.com/problems/count-subarrays-of-length-three-with-a-condition
Cognizant,Smallest Value of the Rearranged Number,95.6,https://leetcode.com/problems/smallest-value-of-the-rearranged-number
Cognizant,Two Sum,83.2,https://leetcode.com/problems/two-sum
Cognizant,Fibonacci Number,78.8,https://leetcode.com/problems/fibonacci-number
Cognizant,Longest Palindromic Substring,73.4,https://leetcode.com/problems/longest-palindromic-substring
Cognizant,Valid Anagram,73.4,https://leetcode.com/problems/valid-anagram
Cognizant,Remove Duplicates from Sorted Array,66.5,https://leetcode.com/problems/remove-duplicates-from-sorted-array
Cognizant,Maximum Subarray,66.5,https://leetcode.com/problems/maximum-subarray
Cognizant,Product Sales Analysis I,66.5,https://leetcode.com/problems/product-sales-analysis-i
Cognizant,Reverse Integer,66.5,https://leetcode.com/problems/reverse-integer
Cognizant,Second Highest Salary,66.5,https://leetcode.com/problems/second-highest-salary
Cognizant,Managers with at Least 5 Direct Reports,66.5,https://leetcode.com/problems/managers-with-at-least-5-direct-reports
Cognizant,Valid Parentheses,66.5,https://leetcode.com/problems/valid-parentheses
Cognizant,Longest Common Prefix,66.5,https://leetcode.com/problems/longest-common-prefix
Cognizant,Longest Substring Without Repeating Characters,56.7,https://leetcode.com/problems/longest-substring-without-repeating-characters
Cognizant,Fizz Buzz,56.7,https://leetcode.com/problems/fizz-buzz
Cognizant,Rising Temperature,56.7,https://leetcode.com/problems/rising-temperature
Cognizant,Median of Two Sorted Arrays,56.7,https://leetcode.com/problems/median-of-two-sorted-arrays
Cognizant,Add Two Numbers,56.7,https://leetcode.com/problems/add-two-numbers
Cognizant,Merge Sorted Array,56.7,https://leetcode.com/problems/merge-sorted-array
Cognizant,Count Primes,56.7,https://leetcode.com/problems/count-primes
Cognizant,Students and Examinations,56.7,https://leetcode.com/problems/students-and-examinations
Cognizant,3Sum,56.7,https://leetcode.com/problems/3sum
Cognizant,Move Zeroes,56.7,https://leetcode.com/problems/move-zeroes
Cognizant,Binary Search,56.7,https://leetcode.com/problems/binary-search
Cognizant,Happy Number,56.7,https://leetcode.com/problems/happy-number
Cognizant,Merge Two Sorted Lists,56.7,https://leetcode.com/problems/merge-two-sorted-lists
Cognizant,Search Insert Position,56.7,https://leetcode.com/problems/search-insert-position
Cohesity,LRU Cache,100,https://leetcode.com/problems/lru-cache
Cohesity,Path With Minimum Effort,88.3,https://leetcode.com/problems/path-with-minimum-effort
Cohesity,Find Median from Data Stream,88.3,https://leetcode.com/problems/find-median-from-data-stream
Coinbase,Simple Bank System,100,https://leetcode.com/problems/simple-bank-system
Coinbase,Zigzag Iterator,96.4,https://leetcode.com/problems/zigzag-iterator
Coinbase,Time Based Key-Value Store,90.4,https://leetcode.com/problems/time-based-key-value-store
Coinbase,Decode the Message,88.6,https://leetcode.com/problems/decode-the-message
Coinbase,Design In-Memory File System,84.4,https://leetcode.com/problems/design-in-memory-file-system
Coinbase,Design File System,67.5,https://leetcode.com/problems/design-file-system
Coinbase,Text Justification,61.5,https://leetcode.com/problems/text-justification
Coinbase,Check if There is a Valid Partition For The Array,61.5,https://leetcode.com/problems/check-if-there-is-a-valid-partition-for-the-array
Coinbase,Random Pick with Weight,61.5,https://leetcode.com/problems/random-pick-with-weight
Coinbase,Number of Orders in the Backlog,53.1,https://leetcode.com/problems/number-of-orders-in-the-backlog
Coinbase,Evaluate Division,53.1,https://leetcode.com/problems/evaluate-division
Coinbase,Find the Length of the Longest Common Prefix,53.1,https://leetcode.com/problems/find-the-length-of-the-longest-common-prefix
Comcast,Two Sum,100,https://leetcode.com/problems/two-sum
Comcast,Longest Substring Without Repeating Characters,87.3,https://leetcode.com/problems/longest-substring-without-repeating-characters
Comcast,Symmetric Tree,77.2,https://leetcode.com/problems/symmetric-tree
Comcast,Number of Islands,77.2,https://leetcode.com/problems/number-of-islands
Commvault,Count Vowel Substrings of a String,100,https://leetcode.com/problems/count-vowel-substrings-of-a-string
Commvault,Decode Ways,92.9,https://leetcode.com/problems/decode-ways
Commvault,Reach a Number,92.9,https://leetcode.com/problems/reach-a-number
Commvault,Longest Increasing Subsequence,86.5,https://leetcode.com/problems/longest-increasing-subsequence
Commvault,Number of Longest Increasing Subsequence,82.5,https://leetcode.com/problems/number-of-longest-increasing-subsequence
Commvault,Reverse Nodes in k-Group,77.6,https://leetcode.com/problems/reverse-nodes-in-k-group
Commvault,Count Unreachable Pairs of Nodes in an Undirected Graph,77.6,https://leetcode.com/problems/count-unreachable-pairs-of-nodes-in-an-undirected-graph
Commvault,Rotating the Box,62.2,https://leetcode.com/problems/rotating-the-box
Commvault,Longest Palindromic Substring,62.2,https://leetcode.com/problems/longest-palindromic-substring
Commvault,Find Peak Element,62.2,https://leetcode.com/problems/find-peak-element
Commvault,Add Two Numbers,62.2,https://leetcode.com/problems/add-two-numbers
Compass,Total Distance Traveled,100,https://leetcode.com/problems/total-distance-traveled
Compass,Camelcase Matching,89.4,https://leetcode.com/problems/camelcase-matching
Compass,Group Anagrams,89.4,https://leetcode.com/problems/group-anagrams
Compass,Subtree of Another Tree,89.4,https://leetcode.com/problems/subtree-of-another-tree
Compass,Time Based Key-Value Store,89.4,https://leetcode.com/problems/time-based-key-value-store
Compass,Decode String,89.4,https://leetcode.com/problems/decode-string
Confluent,LRU Cache,100,https://leetcode.com/problems/lru-cache
Confluent,Time Based Key-Value Store,93.9,https://leetcode.com/problems/time-based-key-value-store
Confluent,Valid Sudoku,87,https://leetcode.com/problems/valid-sudoku
Confluent,Minimum Time to Eat All Grains,83.3,https://leetcode.com/problems/minimum-time-to-eat-all-grains
Confluent,Sudoku Solver,81.2,https://leetcode.com/problems/sudoku-solver
Confluent,Regular Expression Matching,65,https://leetcode.com/problems/regular-expression-matching
Confluent,Debounce,65,https://leetcode.com/problems/debounce
Confluent,Design Authentication Manager,65,https://leetcode.com/problems/design-authentication-manager
Confluent,Wildcard Matching,59.2,https://leetcode.com/problems/wildcard-matching
Confluent,Combination Sum,59.2,https://leetcode.com/problems/combination-sum
Confluent,Count Subarrays With Median K,51.1,https://leetcode.com/problems/count-subarrays-with-median-k
Confluent,Number of Atoms,51.1,https://leetcode.com/problems/number-of-atoms
ConsultAdd,Zigzag Conversion,100,https://leetcode.com/problems/zigzag-conversion
ConsultAdd,Rotate Image,100,https://leetcode.com/problems/rotate-image
ConsultAdd,Coin Change,92,https://leetcode.com/problems/coin-change
ConsultAdd,Candy,92,https://leetcode.com/problems/candy
ConsultAdd,Transpose Matrix,80.8,https://leetcode.com/problems/transpose-matrix
ConsultAdd,Count and Say,80.8,https://leetcode.com/problems/count-and-say
ConsultAdd,Minimum Deletions to Make Character Frequencies Unique,80.8,https://leetcode.com/problems/minimum-deletions-to-make-character-frequencies-unique
ConsultAdd,Jump Game II,80.8,https://leetcode.com/problems/jump-game-ii
ConsultAdd,Group Anagrams,80.8,https://leetcode.com/problems/group-anagrams
ConsultAdd,Merge Intervals,80.8,https://leetcode.com/problems/merge-intervals
ConsultAdd,Valid Anagram,80.8,https://leetcode.com/problems/valid-anagram
Coupang,Subsets,100,https://leetcode.com/problems/subsets
Coupang,Word Break,100,https://leetcode.com/problems/word-break
Coupang,Decode String,98,https://leetcode.com/problems/decode-string
Coupang,Longest Substring with At Most K Distinct Characters,95.8,https://leetcode.com/problems/longest-substring-with-at-most-k-distinct-characters
Coupang,LFU Cache,95.8,https://leetcode.com/problems/lfu-cache
Coupang,Range Module,93.4,https://leetcode.com/problems/range-module
Coupang,Split BST,93.4,https://leetcode.com/problems/split-bst
Coupang,Find Pivot Index,93.4,https://leetcode.com/problems/find-pivot-index
Coupang,LRU Cache,93.4,https://leetcode.com/problems/lru-cache
Coupang,Course Schedule,90.7,https://leetcode.com/problems/course-schedule
Coupang,Design In-Memory File System,90.7,https://leetcode.com/problems/design-in-memory-file-system
Coupang,Unique Paths II,80.5,https://leetcode.com/problems/unique-paths-ii
Coupang,Design Twitter,80.5,https://leetcode.com/problems/design-twitter
Coupang,Possible Bipartition,75.9,https://leetcode.com/problems/possible-bipartition
Coupang,Shopping Offers,75.9,https://leetcode.com/problems/shopping-offers
Coupang,Longest Repeating Substring,75.9,https://leetcode.com/problems/longest-repeating-substring
Coupang,Unique Paths,75.9,https://leetcode.com/problems/unique-paths
Coupang,Regular Expression Matching,75.9,https://leetcode.com/problems/regular-expression-matching
Coupang,Find K Closest Elements,70.2,https://leetcode.com/problems/find-k-closest-elements
Coupang,Remove K Digits,70.2,https://leetcode.com/problems/remove-k-digits
Coupang,Longest Substring Without Repeating Characters,70.2,https://leetcode.com/problems/longest-substring-without-repeating-characters
Coupang,Shortest Bridge,70.2,https://leetcode.com/problems/shortest-bridge
Coupang,Longest Duplicate Substring,70.2,https://leetcode.com/problems/longest-duplicate-substring
Coupang,Design Hit Counter,63,https://leetcode.com/problems/design-hit-counter
Coupang,Sliding Window Maximum,63,https://leetcode.com/problems/sliding-window-maximum
Coupang,Search a 2D Matrix,63,https://leetcode.com/problems/search-a-2d-matrix
Coupang,Snapshot Array,63,https://leetcode.com/problems/snapshot-array
Coupang,Single Element in a Sorted Array,63,https://leetcode.com/problems/single-element-in-a-sorted-array
Coupang,Group Anagrams,63,https://leetcode.com/problems/group-anagrams
Coupang,Number of Distinct Islands,63,https://leetcode.com/problems/number-of-distinct-islands
Coupang,Basic Calculator II,63,https://leetcode.com/problems/basic-calculator-ii
Coupang,Cheapest Flights Within K Stops,63,https://leetcode.com/problems/cheapest-flights-within-k-stops
Coupang,Number of Islands,63,https://leetcode.com/problems/number-of-islands
Coupang,Wildcard Matching,63,https://leetcode.com/problems/wildcard-matching
Coupang,Distinct Subsequences,52.8,https://leetcode.com/problems/distinct-subsequences
Coupang,Buildings With an Ocean View,52.8,https://leetcode.com/problems/buildings-with-an-ocean-view
Coupang,Maximum Number of Tasks You Can Assign,52.8,https://leetcode.com/problems/maximum-number-of-tasks-you-can-assign
Coupang,Reorganize String,52.8,https://leetcode.com/problems/reorganize-string
Coupang,Kth Largest Element in an Array,52.8,https://leetcode.com/problems/kth-largest-element-in-an-array
Coupang,Bus Routes,52.8,https://leetcode.com/problems/bus-routes
Coupang,Split Strings by Separator,52.8,https://leetcode.com/problems/split-strings-by-separator
Coupang,Number of Atoms,52.8,https://leetcode.com/problems/number-of-atoms
Coupang,Find Median from Data Stream,52.8,https://leetcode.com/problems/find-median-from-data-stream
Coupang,Open the Lock,52.8,https://leetcode.com/problems/open-the-lock
Coupang,Pacific Atlantic Water Flow,52.8,https://leetcode.com/problems/pacific-atlantic-water-flow
Coupang,Search a 2D Matrix II,52.8,https://leetcode.com/problems/search-a-2d-matrix-ii
Coupang,Basic Calculator III,52.8,https://leetcode.com/problems/basic-calculator-iii
Coupang,Increasing Triplet Subsequence,52.8,https://leetcode.com/problems/increasing-triplet-subsequence
Coupang,Basic Calculator,52.8,https://leetcode.com/problems/basic-calculator
Coursera,Text Justification,100,https://leetcode.com/problems/text-justification
Coursera,N-th Tribonacci Number,100,https://leetcode.com/problems/n-th-tribonacci-number
Coursera,Reaching Points,97.8,https://leetcode.com/problems/reaching-points
Coursera,Number of Music Playlists,97.8,https://leetcode.com/problems/number-of-music-playlists
Coursera,Highest Grade For Each Student,97.8,https://leetcode.com/problems/highest-grade-for-each-student
Coursera,Minimum Moves to Equal Array Elements,97.8,https://leetcode.com/problems/minimum-moves-to-equal-array-elements
Coursera,Minimum Increment to Make Array Unique,97.8,https://leetcode.com/problems/minimum-increment-to-make-array-unique
Coursera,Special Binary String,97.8,https://leetcode.com/problems/special-binary-string
Coursera,Rank Teams by Votes,89.6,https://leetcode.com/problems/rank-teams-by-votes
Coursera,Search Suggestions System,70,https://leetcode.com/problems/search-suggestions-system
Coursera,Wildcard Matching,60.7,https://leetcode.com/problems/wildcard-matching
Coveo,Trapping Rain Water,100,https://leetcode.com/problems/trapping-rain-water
Coveo,Container With Most Water,85.4,https://leetcode.com/problems/container-with-most-water
CRED,Count Elements With Maximum Frequency,100,https://leetcode.com/problems/count-elements-with-maximum-frequency
CRED,Frequency of the Most Frequent Element,89.4,https://leetcode.com/problems/frequency-of-the-most-frequent-element
Criteo,Intersection of Two Arrays,100,https://leetcode.com/problems/intersection-of-two-arrays
Criteo,Flood Fill,81.2,https://leetcode.com/problems/flood-fill
Criteo,Two Sum,81.2,https://leetcode.com/problems/two-sum
Criteo,Random Pick with Weight,81.2,https://leetcode.com/problems/random-pick-with-weight
Criteo,Valid Parentheses,72.2,https://leetcode.com/problems/valid-parentheses
Criteo,Merge Sorted Array,72.2,https://leetcode.com/problems/merge-sorted-array
Criteo,Ransom Note,72.2,https://leetcode.com/problems/ransom-note
Criteo,Search in Rotated Sorted Array,72.2,https://leetcode.com/problems/search-in-rotated-sorted-array
CrowdStrike,String Compression,100,https://leetcode.com/problems/string-compression
CrowdStrike,Number of Islands,77,https://leetcode.com/problems/number-of-islands
CrowdStrike,Merge Intervals,77,https://leetcode.com/problems/merge-intervals
CrowdStrike,Encode and Decode Strings,77,https://leetcode.com/problems/encode-and-decode-strings
CrowdStrike,Trapping Rain Water,77,https://leetcode.com/problems/trapping-rain-water
CrowdStrike,Best Time to Buy and Sell Stock,67.5,https://leetcode.com/problems/best-time-to-buy-and-sell-stock
CrowdStrike,Move Zeroes,67.5,https://leetcode.com/problems/move-zeroes
CrowdStrike,Time Based Key-Value Store,67.5,https://leetcode.com/problems/time-based-key-value-store
CrowdStrike,Spiral Matrix,67.5,https://leetcode.com/problems/spiral-matrix
CrowdStrike,Squares of a Sorted Array,67.5,https://leetcode.com/problems/squares-of-a-sorted-array
CrowdStrike,Course Schedule,67.5,https://leetcode.com/problems/course-schedule
Cruise,Synonymous Sentences,100,https://leetcode.com/problems/synonymous-sentences
Cruise,Merge Intervals,74,https://leetcode.com/problems/merge-intervals
Cruise,Unique Paths II,74,https://leetcode.com/problems/unique-paths-ii
Cruise,Unique Paths III,74,https://leetcode.com/problems/unique-paths-iii
Cruise,LRU Cache,65.3,https://leetcode.com/problems/lru-cache
Cruise,Course Schedule,65.3,https://leetcode.com/problems/course-schedule
CTC,Best Time to Buy and Sell Stock II,100,https://leetcode.com/problems/best-time-to-buy-and-sell-stock-ii
CureFit,Minimum Moves to Make Array Complementary,100,https://leetcode.com/problems/minimum-moves-to-make-array-complementary
CureFit,Word Break,66.4,https://leetcode.com/problems/word-break
CureFit,Gas Station,66.4,https://leetcode.com/problems/gas-station
CVENT,Intersection of Two Arrays,100,https://leetcode.com/problems/intersection-of-two-arrays
CVENT,Majority Element,100,https://leetcode.com/problems/majority-element
Darwinbox,Scramble String,100,https://leetcode.com/problems/scramble-string
Darwinbox,Spiral Matrix,71.5,https://leetcode.com/problems/spiral-matrix
Darwinbox,Majority Element II,58.4,https://leetcode.com/problems/majority-element-ii
Darwinbox,Number of Great Partitions,58.4,https://leetcode.com/problems/number-of-great-partitions
Darwinbox,Minimum Size Subarray Sum,58.4,https://leetcode.com/problems/minimum-size-subarray-sum
Databricks,Design Hit Counter,100,https://leetcode.com/problems/design-hit-counter
Databricks,IP to CIDR,92.3,https://leetcode.com/problems/ip-to-cidr
Databricks,House Robber,87.4,https://leetcode.com/problems/house-robber
Databricks,Design Tic-Tac-Toe,85.5,https://leetcode.com/problems/design-tic-tac-toe
Databricks,House Robber II,84.8,https://leetcode.com/problems/house-robber-ii
Databricks,Time Based Key-Value Store,79.9,https://leetcode.com/problems/time-based-key-value-store
Databricks,Snapshot Array,71.9,https://leetcode.com/problems/snapshot-array
Databricks,Longest Palindrome by Concatenating Two Letter Words,67,https://leetcode.com/problems/longest-palindrome-by-concatenating-two-letter-words
Databricks,Closest Leaf in a Binary Tree,67,https://leetcode.com/problems/closest-leaf-in-a-binary-tree
Databricks,Minimum Absolute Difference Between Elements With Constraint,60.3,https://leetcode.com/problems/minimum-absolute-difference-between-elements-with-constraint
Databricks,Smallest Range Covering Elements from K Lists,60.3,https://leetcode.com/problems/smallest-range-covering-elements-from-k-lists
Databricks,Step-By-Step Directions From a Binary Tree Node to Another,60.3,https://leetcode.com/problems/step-by-step-directions-from-a-binary-tree-node-to-another
Databricks,Split Message Based on Limit,57.5,https://leetcode.com/problems/split-message-based-on-limit
Databricks,Text Justification,54.1,https://leetcode.com/problems/text-justification
Databricks,Number of Flowers in Full Bloom,54.1,https://leetcode.com/problems/number-of-flowers-in-full-bloom
Databricks,Web Crawler Multithreaded,54.1,https://leetcode.com/problems/web-crawler-multithreaded
Databricks,Count Integers in Intervals,50,https://leetcode.com/problems/count-integers-in-intervals
Databricks,Number of Recent Calls,50,https://leetcode.com/problems/number-of-recent-calls
Databricks,Longest Mountain in Array,44.6,https://leetcode.com/problems/longest-mountain-in-array
Databricks,Second Degree Follower,44.6,https://leetcode.com/problems/second-degree-follower
Databricks,Find All Anagrams in a String,37.2,https://leetcode.com/problems/find-all-anagrams-in-a-string
Databricks,String to Integer (atoi),37.2,https://leetcode.com/problems/string-to-integer-atoi
Databricks,Spiral Matrix,37.2,https://leetcode.com/problems/spiral-matrix
Databricks,Find Peak Element,37.2,https://leetcode.com/problems/find-peak-element
Databricks,Merge Intervals,37.2,https://leetcode.com/problems/merge-intervals
Databricks,Longest Continuous Subarray With Absolute Diff Less Than or Equal to Limit,37.2,https://leetcode.com/problems/longest-continuous-subarray-with-absolute-diff-less-than-or-equal-to-limit
Databricks,Finding Pairs With a Certain Sum,37.2,https://leetcode.com/problems/finding-pairs-with-a-certain-sum
Databricks,Find the Length of the Longest Common Prefix,37.2,https://leetcode.com/problems/find-the-length-of-the-longest-common-prefix
Databricks,Data Stream as Disjoint Intervals,37.2,https://leetcode.com/problems/data-stream-as-disjoint-intervals
Databricks,First Missing Positive,37.2,https://leetcode.com/problems/first-missing-positive
Databricks,Maximum Profit in Job Scheduling,37.2,https://leetcode.com/problems/maximum-profit-in-job-scheduling
Databricks,Course Schedule II,37.2,https://leetcode.com/problems/course-schedule-ii
Databricks,Design A Leaderboard,37.2,https://leetcode.com/problems/design-a-leaderboard
Databricks,Shortest Path in a Grid with Obstacles Elimination,37.2,https://leetcode.com/problems/shortest-path-in-a-grid-with-obstacles-elimination
Datadog,Coin Change,100,https://leetcode.com/problems/coin-change
Datadog,Most Common Word,91.6,https://leetcode.com/problems/most-common-word
Datadog,Maximum Depth of N-ary Tree,89.4,https://leetcode.com/problems/maximum-depth-of-n-ary-tree
Datadog,Design Circular Queue,86.9,https://leetcode.com/problems/design-circular-queue
Datadog,Valid Word Abbreviation,86.9,https://leetcode.com/problems/valid-word-abbreviation
Datadog,Meeting Scheduler,82.4,https://leetcode.com/problems/meeting-scheduler
Datadog,Maximum Vacation Days,68.7,https://leetcode.com/problems/maximum-vacation-days
Datadog,Sliding Window Median,68.7,https://leetcode.com/problems/sliding-window-median
Datadog,People Whose List of Favorite Companies Is Not a Subset of Another List,68.7,https://leetcode.com/problems/people-whose-list-of-favorite-companies-is-not-a-subset-of-another-list
Datadog,Design Add and Search Words Data Structure,65,https://leetcode.com/problems/design-add-and-search-words-data-structure
Datadog,Binary Tree Maximum Path Sum,65,https://leetcode.com/problems/binary-tree-maximum-path-sum
Datadog,House Robber,65,https://leetcode.com/problems/house-robber
Datadog,Check If It Is a Straight Line,54.9,https://leetcode.com/problems/check-if-it-is-a-straight-line
Datadog,House Robber II,54.9,https://leetcode.com/problems/house-robber-ii
Datadog,Binary Search Tree to Greater Sum Tree,46.9,https://leetcode.com/problems/binary-search-tree-to-greater-sum-tree
Datadog,Greatest Common Divisor of Strings,46.9,https://leetcode.com/problems/greatest-common-divisor-of-strings
Datadog,Find Words That Can Be Formed by Characters,46.9,https://leetcode.com/problems/find-words-that-can-be-formed-by-characters
Datadog,Odd String Difference,46.9,https://leetcode.com/problems/odd-string-difference
Datadog,Unique Number of Occurrences,46.9,https://leetcode.com/problems/unique-number-of-occurrences
Datadog,Path Sum,46.9,https://leetcode.com/problems/path-sum
Dataminr,Spiral Matrix III,100,https://leetcode.com/problems/spiral-matrix-iii
Dataminr,Maximum Building Height,100,https://leetcode.com/problems/maximum-building-height
DE Shaw,Binary Tree Cameras,100,https://leetcode.com/problems/binary-tree-cameras
DE Shaw,Minimum Size Subarray in Infinite Array,87,https://leetcode.com/problems/minimum-size-subarray-in-infinite-array
DE Shaw,Maximum Subsequence Score,81.7,https://leetcode.com/problems/maximum-subsequence-score
DE Shaw,Removing Minimum Number of Magic Beans,81.7,https://leetcode.com/problems/removing-minimum-number-of-magic-beans
DE Shaw,Maximum Points Tourist Can Earn,79.6,https://leetcode.com/problems/maximum-points-tourist-can-earn
DE Shaw,Letter Combinations of a Phone Number,79.6,https://leetcode.com/problems/letter-combinations-of-a-phone-number
DE Shaw,Relative Sort Array,79.6,https://leetcode.com/problems/relative-sort-array
DE Shaw,Minimum Cost Walk in Weighted Graph,79.6,https://leetcode.com/problems/minimum-cost-walk-in-weighted-graph
DE Shaw,Sum Game,79.6,https://leetcode.com/problems/sum-game
DE Shaw,Max Number of K-Sum Pairs,79.6,https://leetcode.com/problems/max-number-of-k-sum-pairs
DE Shaw,Maximum Points After Collecting Coins From All Nodes,79.6,https://leetcode.com/problems/maximum-points-after-collecting-coins-from-all-nodes
DE Shaw,Maximum Strength of K Disjoint Subarrays,77.4,https://leetcode.com/problems/maximum-strength-of-k-disjoint-subarrays
DE Shaw,Find the Sum of the Power of All Subsequences,77.4,https://leetcode.com/problems/find-the-sum-of-the-power-of-all-subsequences
DE Shaw,Minimum Deletions to Make String K-Special,77.4,https://leetcode.com/problems/minimum-deletions-to-make-string-k-special
DE Shaw,Greatest Sum Divisible by Three,77.4,https://leetcode.com/problems/greatest-sum-divisible-by-three
DE Shaw,Determine the Winner of a Bowling Game,77.4,https://leetcode.com/problems/determine-the-winner-of-a-bowling-game
DE Shaw,Find the Maximum Divisibility Score,77.4,https://leetcode.com/problems/find-the-maximum-divisibility-score
DE Shaw,Query Kth Smallest Trimmed Number,77.4,https://leetcode.com/problems/query-kth-smallest-trimmed-number
DE Shaw,Equal Row and Column Pairs,77.4,https://leetcode.com/problems/equal-row-and-column-pairs
DE Shaw,Number of Subarrays With AND Value of K,77.4,https://leetcode.com/problems/number-of-subarrays-with-and-value-of-k
DE Shaw,Number of Substrings Containing All Three Characters,77.4,https://leetcode.com/problems/number-of-substrings-containing-all-three-characters
DE Shaw,Maximum Deletions on a String,77.4,https://leetcode.com/problems/maximum-deletions-on-a-string
DE Shaw,Median of a Row Wise Sorted Matrix,77.4,https://leetcode.com/problems/median-of-a-row-wise-sorted-matrix
DE Shaw,Take Gifts From the Richest Pile,77.4,https://leetcode.com/problems/take-gifts-from-the-richest-pile
DE Shaw,Find Peak Calling Hours for Each City,77.4,https://leetcode.com/problems/find-peak-calling-hours-for-each-city
DE Shaw,Shortest String That Contains Three Strings,77.4,https://leetcode.com/problems/shortest-string-that-contains-three-strings
DE Shaw,Minimum Runes to Add to Cast Spell,77.4,https://leetcode.com/problems/minimum-runes-to-add-to-cast-spell
DE Shaw,Minimize Connected Groups by Inserting Interval,77.4,https://leetcode.com/problems/minimize-connected-groups-by-inserting-interval
DE Shaw,Count the Number of Incremovable Subarrays II,72.1,https://leetcode.com/problems/count-the-number-of-incremovable-subarrays-ii
DE Shaw,K-th Smallest in Lexicographical Order,68.9,https://leetcode.com/problems/k-th-smallest-in-lexicographical-order
DE Shaw,Majority Element,65.3,https://leetcode.com/problems/majority-element
DE Shaw,Best Time to Buy and Sell Stock,65.3,https://leetcode.com/problems/best-time-to-buy-and-sell-stock
DE Shaw,Minimum Number of Taps to Open to Water a Garden,65.3,https://leetcode.com/problems/minimum-number-of-taps-to-open-to-water-a-garden
DE Shaw,Minimum Number of Refueling Stops,65.3,https://leetcode.com/problems/minimum-number-of-refueling-stops
DE Shaw,Painting the Walls,65.3,https://leetcode.com/problems/painting-the-walls
DE Shaw,Maximum Product Subarray,61,https://leetcode.com/problems/maximum-product-subarray
DE Shaw,Put Marbles in Bags,61,https://leetcode.com/problems/put-marbles-in-bags
DE Shaw,House Robber,61,https://leetcode.com/problems/house-robber
DE Shaw,Sliding Window Maximum,61,https://leetcode.com/problems/sliding-window-maximum
DE Shaw,Best Time to Buy and Sell Stock II,61,https://leetcode.com/problems/best-time-to-buy-and-sell-stock-ii
DE Shaw,Longest Consecutive Sequence,55.7,https://leetcode.com/problems/longest-consecutive-sequence
DE Shaw,Insert Delete GetRandom O(1),55.7,https://leetcode.com/problems/insert-delete-getrandom-o1
DE Shaw,Maximum Subarray,55.7,https://leetcode.com/problems/maximum-subarray
DE Shaw,Remove K Digits,55.7,https://leetcode.com/problems/remove-k-digits
DE Shaw,Maximal Square,55.7,https://leetcode.com/problems/maximal-square
DE Shaw,Minimum Number of Pushes to Type Word II,49,https://leetcode.com/problems/minimum-number-of-pushes-to-type-word-ii
DE Shaw,Swim in Rising Water,49,https://leetcode.com/problems/swim-in-rising-water
DE Shaw,Number of Wonderful Substrings,49,https://leetcode.com/problems/number-of-wonderful-substrings
DE Shaw,Task Scheduler,49,https://leetcode.com/problems/task-scheduler
DE Shaw,Average Waiting Time,49,https://leetcode.com/problems/average-waiting-time
DE Shaw,Furthest Building You Can Reach,49,https://leetcode.com/problems/furthest-building-you-can-reach
DE Shaw,Min Cost to Connect All Points,49,https://leetcode.com/problems/min-cost-to-connect-all-points
DE Shaw,Maximum Performance of a Team,49,https://leetcode.com/problems/maximum-performance-of-a-team
DE Shaw,Unique Paths,49,https://leetcode.com/problems/unique-paths
DE Shaw,Heaters,49,https://leetcode.com/problems/heaters
DE Shaw,Generate Parentheses,49,https://leetcode.com/problems/generate-parentheses
DE Shaw,Split Array Largest Sum,49,https://leetcode.com/problems/split-array-largest-sum
DE Shaw,Trapping Rain Water,49,https://leetcode.com/problems/trapping-rain-water
DE Shaw,Jump Game II,49,https://leetcode.com/problems/jump-game-ii
DE Shaw,Find First and Last Position of Element in Sorted Array,49,https://leetcode.com/problems/find-first-and-last-position-of-element-in-sorted-array
DE Shaw,Shortest Subarray to be Removed to Make Array Sorted,49,https://leetcode.com/problems/shortest-subarray-to-be-removed-to-make-array-sorted
DE Shaw,Koko Eating Bananas,49,https://leetcode.com/problems/koko-eating-bananas
DE Shaw,Find the Smallest Divisor Given a Threshold,49,https://leetcode.com/problems/find-the-smallest-divisor-given-a-threshold
DE Shaw,Basic Calculator II,49,https://leetcode.com/problems/basic-calculator-ii
DE Shaw,Find the Shortest Superstring,39.6,https://leetcode.com/problems/find-the-shortest-superstring
DE Shaw,Longest Valid Parentheses,39.6,https://leetcode.com/problems/longest-valid-parentheses
DE Shaw,Maximum OR,39.6,https://leetcode.com/problems/maximum-or
DE Shaw,Interleaving String,39.6,https://leetcode.com/problems/interleaving-string
DE Shaw,Combination Sum,39.6,https://leetcode.com/problems/combination-sum
DE Shaw,Kth Smallest Number in Multiplication Table,39.6,https://leetcode.com/problems/kth-smallest-number-in-multiplication-table
DE Shaw,Maximum Points You Can Obtain from Cards,39.6,https://leetcode.com/problems/maximum-points-you-can-obtain-from-cards
DE Shaw,Number of Ways to Reorder Array to Get Same BST,39.6,https://leetcode.com/problems/number-of-ways-to-reorder-array-to-get-same-bst
DE Shaw,4Sum,39.6,https://leetcode.com/problems/4sum
DE Shaw,Minimum Size Subarray Sum,39.6,https://leetcode.com/problems/minimum-size-subarray-sum
DE Shaw,Minimum Number of Visited Cells in a Grid,39.6,https://leetcode.com/problems/minimum-number-of-visited-cells-in-a-grid
DE Shaw,Median of Two Sorted Arrays,39.6,https://leetcode.com/problems/median-of-two-sorted-arrays
DE Shaw,Cheapest Flights Within K Stops,39.6,https://leetcode.com/problems/cheapest-flights-within-k-stops
DE Shaw,Valid Parentheses,39.6,https://leetcode.com/problems/valid-parentheses
DE Shaw,Reverse Nodes in k-Group,39.6,https://leetcode.com/problems/reverse-nodes-in-k-group
DE Shaw,Next Permutation,39.6,https://leetcode.com/problems/next-permutation
DE Shaw,Rotate Image,39.6,https://leetcode.com/problems/rotate-image
DE Shaw,Spiral Matrix,39.6,https://leetcode.com/problems/spiral-matrix
DE Shaw,Merge Intervals,39.6,https://leetcode.com/problems/merge-intervals
DE Shaw,Sort Colors,39.6,https://leetcode.com/problems/sort-colors
DE Shaw,Edit Distance,39.6,https://leetcode.com/problems/edit-distance
DE Shaw,Largest Rectangle in Histogram,39.6,https://leetcode.com/problems/largest-rectangle-in-histogram
DE Shaw,Maximal Rectangle,39.6,https://leetcode.com/problems/maximal-rectangle
DE Shaw,Triangle,39.6,https://leetcode.com/problems/triangle
DE Shaw,Largest 1-Bordered Square,39.6,https://leetcode.com/problems/largest-1-bordered-square
DE Shaw,Contains Duplicate,39.6,https://leetcode.com/problems/contains-duplicate
DE Shaw,Basic Calculator,39.6,https://leetcode.com/problems/basic-calculator
DE Shaw,Implement Stack using Queues,39.6,https://leetcode.com/problems/implement-stack-using-queues
DE Shaw,Maximum Profit in Job Scheduling,39.6,https://leetcode.com/problems/maximum-profit-in-job-scheduling
DE Shaw,Longest Increasing Path in a Matrix,39.6,https://leetcode.com/problems/longest-increasing-path-in-a-matrix
DE Shaw,Max Sum of Rectangle No Larger Than K,39.6,https://leetcode.com/problems/max-sum-of-rectangle-no-larger-than-k
DE Shaw,Make Costs of Paths Equal in a Binary Tree,39.6,https://leetcode.com/problems/make-costs-of-paths-equal-in-a-binary-tree
DE Shaw,Peak Index in a Mountain Array,39.6,https://leetcode.com/problems/peak-index-in-a-mountain-array
DE Shaw,All Nodes Distance K in Binary Tree,39.6,https://leetcode.com/problems/all-nodes-distance-k-in-binary-tree
DE Shaw,Open the Lock,39.6,https://leetcode.com/problems/open-the-lock
DE Shaw,Linked List Cycle,39.6,https://leetcode.com/problems/linked-list-cycle
Delhivery,Integer to English Words,100,https://leetcode.com/problems/integer-to-english-words
Delhivery,Min Stack,100,https://leetcode.com/problems/min-stack
Delhivery,Consecutive Numbers,100,https://leetcode.com/problems/consecutive-numbers
Deliveroo,Find Words Containing Character,100,https://leetcode.com/problems/find-words-containing-character
Deliveroo,Search Suggestions System,85.4,https://leetcode.com/problems/search-suggestions-system
Deliveroo,Vertical Order Traversal of a Binary Tree,66.2,https://leetcode.com/problems/vertical-order-traversal-of-a-binary-tree
Deliveroo,Count Number of Nice Subarrays,66.2,https://leetcode.com/problems/count-number-of-nice-subarrays
Deliveroo,Remove Invalid Parentheses,66.2,https://leetcode.com/problems/remove-invalid-parentheses
Dell,Valid Parentheses,100,https://leetcode.com/problems/valid-parentheses
Dell,Merge k Sorted Lists,100,https://leetcode.com/problems/merge-k-sorted-lists
Dell,Longest Substring Without Repeating Characters,100,https://leetcode.com/problems/longest-substring-without-repeating-characters
Dell,Group Anagrams,100,https://leetcode.com/problems/group-anagrams
Dell,Longest Palindromic Substring,87.6,https://leetcode.com/problems/longest-palindromic-substring
Dell,Delete Duplicate Emails,87.6,https://leetcode.com/problems/delete-duplicate-emails
Dell,Department Top Three Salaries,87.6,https://leetcode.com/problems/department-top-three-salaries
Deloitte,Change Null Values in a Table to the Previous Value,100,https://leetcode.com/problems/change-null-values-in-a-table-to-the-previous-value
Deloitte,Two Sum,97.3,https://leetcode.com/problems/two-sum
Deloitte,Merge k Sorted Lists,91,https://leetcode.com/problems/merge-k-sorted-lists
Deloitte,Valid Parentheses,82.5,https://leetcode.com/problems/valid-parentheses
Deloitte,Longest Palindromic Substring,76.9,https://leetcode.com/problems/longest-palindromic-substring
Deloitte,Palindrome Number,76.9,https://leetcode.com/problems/palindrome-number
Deloitte,Second Highest Salary,76.9,https://leetcode.com/problems/second-highest-salary
Deloitte,Container With Most Water,76.9,https://leetcode.com/problems/container-with-most-water
Deloitte,Rising Temperature,69.7,https://leetcode.com/problems/rising-temperature
Deloitte,Reverse Integer,69.7,https://leetcode.com/problems/reverse-integer
Deloitte,Managers with at Least 5 Direct Reports,69.7,https://leetcode.com/problems/managers-with-at-least-5-direct-reports
Deloitte,Climbing Stairs,69.7,https://leetcode.com/problems/climbing-stairs
Deloitte,Minimum Time to Repair Cars,59.5,https://leetcode.com/problems/minimum-time-to-repair-cars
Deloitte,Reverse Words in a String,59.5,https://leetcode.com/problems/reverse-words-in-a-string
Deloitte,Max Consecutive Ones,59.5,https://leetcode.com/problems/max-consecutive-ones
Deloitte,Kth Largest Element in an Array,59.5,https://leetcode.com/problems/kth-largest-element-in-an-array
Deloitte,Merge Intervals,59.5,https://leetcode.com/problems/merge-intervals
Deloitte,Coin Change,59.5,https://leetcode.com/problems/coin-change
Deloitte,Longest Common Prefix,59.5,https://leetcode.com/problems/longest-common-prefix
Deloitte,Edit Distance,59.5,https://leetcode.com/problems/edit-distance
Deloitte,Reverse Linked List,59.5,https://leetcode.com/problems/reverse-linked-list
Deloitte,Article Views I,59.5,https://leetcode.com/problems/article-views-i
Deloitte,Find Customer Referee,59.5,https://leetcode.com/problems/find-customer-referee
Deloitte,Majority Element,59.5,https://leetcode.com/problems/majority-element
Deloitte,Best Time to Buy and Sell Stock,59.5,https://leetcode.com/problems/best-time-to-buy-and-sell-stock
Deloitte,Pascal's Triangle,59.5,https://leetcode.com/problems/pascals-triangle
Deloitte,Longest Substring Without Repeating Characters,59.5,https://leetcode.com/problems/longest-substring-without-repeating-characters
DeltaX,Roman to Integer,100,https://leetcode.com/problems/roman-to-integer
DeltaX,Longest Consecutive Sequence,68.6,https://leetcode.com/problems/longest-consecutive-sequence
DeltaX,Different Ways to Add Parentheses,68.6,https://leetcode.com/problems/different-ways-to-add-parentheses
Deutsche Bank,Smallest K-Length Subsequence With Occurrences of a Letter,100,https://leetcode.com/problems/smallest-k-length-subsequence-with-occurrences-of-a-letter
Deutsche Bank,Maximum Running Time of N Computers,91.3,https://leetcode.com/problems/maximum-running-time-of-n-computers
Deutsche Bank,Find the Maximum Sum of Node Values,91.3,https://leetcode.com/problems/find-the-maximum-sum-of-node-values
Deutsche Bank,Maximum Coins Heroes Can Collect,89.1,https://leetcode.com/problems/maximum-coins-heroes-can-collect
Deutsche Bank,The Time When the Network Becomes Idle,89.1,https://leetcode.com/problems/the-time-when-the-network-becomes-idle
Deutsche Bank,Apply Operations to Maximize Frequency Score,89.1,https://leetcode.com/problems/apply-operations-to-maximize-frequency-score
Deutsche Bank,Minimum Operations to Make the Array Increasing,89.1,https://leetcode.com/problems/minimum-operations-to-make-the-array-increasing
Deutsche Bank,Minimum Operations to Collect Elements,89.1,https://leetcode.com/problems/minimum-operations-to-collect-elements
Deutsche Bank,Pour Water Between Buckets to Make Water Levels Equal,89.1,https://leetcode.com/problems/pour-water-between-buckets-to-make-water-levels-equal
Deutsche Bank,Minimize the Difference Between Target and Chosen Elements,86.6,https://leetcode.com/problems/minimize-the-difference-between-target-and-chosen-elements
Deutsche Bank,Robot Collisions,80.8,https://leetcode.com/problems/robot-collisions
Deutsche Bank,Boats to Save People,80.8,https://leetcode.com/problems/boats-to-save-people
Deutsche Bank,Koko Eating Bananas,80.8,https://leetcode.com/problems/koko-eating-bananas
Deutsche Bank,Best Time to Buy and Sell Stock,72.9,https://leetcode.com/problems/best-time-to-buy-and-sell-stock
Deutsche Bank,Collecting Chocolates,72.9,https://leetcode.com/problems/collecting-chocolates
Deutsche Bank,Two Sum,67.8,https://leetcode.com/problems/two-sum
Deutsche Bank,Asteroid Collision,67.8,https://leetcode.com/problems/asteroid-collision
Deutsche Bank,Longest Common Prefix,61.1,https://leetcode.com/problems/longest-common-prefix
Deutsche Bank,Maximum Fruits Harvested After at Most K Steps,61.1,https://leetcode.com/problems/maximum-fruits-harvested-after-at-most-k-steps
Deutsche Bank,Best Time to Buy and Sell Stock II,61.1,https://leetcode.com/problems/best-time-to-buy-and-sell-stock-ii
Deutsche Bank,Frequency of the Most Frequent Element,61.1,https://leetcode.com/problems/frequency-of-the-most-frequent-element
Deutsche Bank,Spiral Matrix,51.7,https://leetcode.com/problems/spiral-matrix
Deutsche Bank,Design HashMap,51.7,https://leetcode.com/problems/design-hashmap
Deutsche Bank,Rotting Oranges,51.7,https://leetcode.com/problems/rotting-oranges
Deutsche Bank,Minimize Manhattan Distances,51.7,https://leetcode.com/problems/minimize-manhattan-distances
Deutsche Bank,Validate IP Address,51.7,https://leetcode.com/problems/validate-ip-address
Deutsche Bank,Fruit Into Baskets,51.7,https://leetcode.com/problems/fruit-into-baskets
Deutsche Bank,Reverse String,51.7,https://leetcode.com/problems/reverse-string
Deutsche Bank,Kth Largest Element in an Array,51.7,https://leetcode.com/problems/kth-largest-element-in-an-array
Deutsche Bank,Squares of a Sorted Array,51.7,https://leetcode.com/problems/squares-of-a-sorted-array
DevRev,Best Time to Buy and Sell Stock,100,https://leetcode.com/problems/best-time-to-buy-and-sell-stock
DevRev,Check If Array Pairs Are Divisible by k,100,https://leetcode.com/problems/check-if-array-pairs-are-divisible-by-k
DevRev,Text Justification,89.1,https://leetcode.com/problems/text-justification
DevRev,Move Zeroes,89.1,https://leetcode.com/problems/move-zeroes
Devsinc,Two Sum,100,https://leetcode.com/problems/two-sum
Devsinc,Palindrome Linked List,90.1,https://leetcode.com/problems/palindrome-linked-list
Devtron,Strong Password Checker,100,https://leetcode.com/problems/strong-password-checker
Devtron,Reverse Words in a String III,100,https://leetcode.com/problems/reverse-words-in-a-string-iii
Directi,Minimum Cost to Buy Apples,100,https://leetcode.com/problems/minimum-cost-to-buy-apples
Directi,Maximum XOR of Two Non-Overlapping Subtrees,100,https://leetcode.com/problems/maximum-xor-of-two-non-overlapping-subtrees
Directi,Difference Between Maximum and Minimum Price Sum,100,https://leetcode.com/problems/difference-between-maximum-and-minimum-price-sum
Directi,Number of Sub-arrays With Odd Sum,100,https://leetcode.com/problems/number-of-sub-arrays-with-odd-sum
Directi,Find the Winner of an Array Game,100,https://leetcode.com/problems/find-the-winner-of-an-array-game
Directi,Find Longest Awesome Substring,100,https://leetcode.com/problems/find-longest-awesome-substring
Directi,Min Cost to Connect All Points,100,https://leetcode.com/problems/min-cost-to-connect-all-points
Directi,Largest Submatrix With Rearrangements,100,https://leetcode.com/problems/largest-submatrix-with-rearrangements
Directi,Binary Tree Maximum Path Sum,62.4,https://leetcode.com/problems/binary-tree-maximum-path-sum
Disney,Ransom Note,100,https://leetcode.com/problems/ransom-note
Disney,Merge Intervals,100,https://leetcode.com/problems/merge-intervals
Disney,LRU Cache,100,https://leetcode.com/problems/lru-cache
Disney,Max Area of Island,91.6,https://leetcode.com/problems/max-area-of-island
Disney,Remove All Adjacent Duplicates in String II,91.6,https://leetcode.com/problems/remove-all-adjacent-duplicates-in-string-ii
Disney,Generate Parentheses,91.6,https://leetcode.com/problems/generate-parentheses
Disney,Search in Rotated Sorted Array,79.8,https://leetcode.com/problems/search-in-rotated-sorted-array
Disney,Subarray Sum Equals K,79.8,https://leetcode.com/problems/subarray-sum-equals-k
Disney,Longest Palindromic Substring,79.8,https://leetcode.com/problems/longest-palindromic-substring
Disney,Group Anagrams,79.8,https://leetcode.com/problems/group-anagrams
Disney,Longest Common Prefix,79.8,https://leetcode.com/problems/longest-common-prefix
Disney,Reverse Linked List II,79.8,https://leetcode.com/problems/reverse-linked-list-ii
Disney,Climbing Stairs,79.8,https://leetcode.com/problems/climbing-stairs
Disney,Valid Parentheses,79.8,https://leetcode.com/problems/valid-parentheses
Disney,Valid Anagram,79.8,https://leetcode.com/problems/valid-anagram
Disney,Egg Drop With 2 Eggs and N Floors,79.8,https://leetcode.com/problems/egg-drop-with-2-eggs-and-n-floors
Disney,Number of Islands,79.8,https://leetcode.com/problems/number-of-islands
Disney,Valid Word Abbreviation,79.8,https://leetcode.com/problems/valid-word-abbreviation
Disney,Product of Array Except Self,79.8,https://leetcode.com/problems/product-of-array-except-self
Docusign,Implement Trie (Prefix Tree),100,https://leetcode.com/problems/implement-trie-prefix-tree
Docusign,Copy List with Random Pointer,95.8,https://leetcode.com/problems/copy-list-with-random-pointer
Docusign,Top K Frequent Elements,84.8,https://leetcode.com/problems/top-k-frequent-elements
Docusign,Rotting Oranges,84.8,https://leetcode.com/problems/rotting-oranges
Docusign,Merge Intervals,84.8,https://leetcode.com/problems/merge-intervals
Docusign,Design Authentication Manager,84.8,https://leetcode.com/problems/design-authentication-manager
Docusign,Reaching Points,77,https://leetcode.com/problems/reaching-points
Docusign,Find Median from Data Stream,77,https://leetcode.com/problems/find-median-from-data-stream
Docusign,Longest Substring Without Repeating Characters,77,https://leetcode.com/problems/longest-substring-without-repeating-characters
Docusign,Integer to Roman,77,https://leetcode.com/problems/integer-to-roman
Docusign,Excel Sheet Column Number,77,https://leetcode.com/problems/excel-sheet-column-number
Docusign,Search Suggestions System,77,https://leetcode.com/problems/search-suggestions-system
Docusign,Sort Colors,77,https://leetcode.com/problems/sort-colors
Docusign,Shortest Bridge,66,https://leetcode.com/problems/shortest-bridge
Docusign,House Robber II,66,https://leetcode.com/problems/house-robber-ii
Docusign,Number of Atoms,66,https://leetcode.com/problems/number-of-atoms
Docusign,Pairs of Songs With Total Durations Divisible by 60,66,https://leetcode.com/problems/pairs-of-songs-with-total-durations-divisible-by-60
Docusign,Meeting Rooms II,66,https://leetcode.com/problems/meeting-rooms-ii
Docusign,Design Add and Search Words Data Structure,66,https://leetcode.com/problems/design-add-and-search-words-data-structure
Docusign,Count Good Nodes in Binary Tree,66,https://leetcode.com/problems/count-good-nodes-in-binary-tree
Docusign,Number of Islands,66,https://leetcode.com/problems/number-of-islands
Docusign,Insert Delete GetRandom O(1),66,https://leetcode.com/problems/insert-delete-getrandom-o1
Docusign,Two Sum,66,https://leetcode.com/problems/two-sum
Docusign,Inorder Successor in BST,66,https://leetcode.com/problems/inorder-successor-in-bst
Docusign,Reorder Routes to Make All Paths Lead to the City Zero,66,https://leetcode.com/problems/reorder-routes-to-make-all-paths-lead-to-the-city-zero
Docusign,LRU Cache,66,https://leetcode.com/problems/lru-cache
Docusign,Palindrome Permutation,66,https://leetcode.com/problems/palindrome-permutation
Docusign,IPO,66,https://leetcode.com/problems/ipo
Docusign,Optimal Partition of String,66,https://leetcode.com/problems/optimal-partition-of-string
Docusign,Boats to Save People,66,https://leetcode.com/problems/boats-to-save-people
Docusign,Product of Array Except Self,66,https://leetcode.com/problems/product-of-array-except-self
Docusign,Clone Graph,66,https://leetcode.com/problems/clone-graph
Docusign,3Sum,66,https://leetcode.com/problems/3sum
Docusign,Merge k Sorted Lists,66,https://leetcode.com/problems/merge-k-sorted-lists
DoorDash,Walls and Gates,100,https://leetcode.com/problems/walls-and-gates
DoorDash,Binary Tree Maximum Path Sum,95.3,https://leetcode.com/problems/binary-tree-maximum-path-sum
DoorDash,Longest Increasing Path in a Matrix,92.4,https://leetcode.com/problems/longest-increasing-path-in-a-matrix
DoorDash,Maximum Profit in Job Scheduling,87.1,https://leetcode.com/problems/maximum-profit-in-job-scheduling
DoorDash,Search Suggestions System,82.2,https://leetcode.com/problems/search-suggestions-system
DoorDash,Koko Eating Bananas,79.5,https://leetcode.com/problems/koko-eating-bananas
DoorDash,Design File System,75.3,https://leetcode.com/problems/design-file-system
DoorDash,Most Profit Assigning Work,75.3,https://leetcode.com/problems/most-profit-assigning-work
DoorDash,Check if One String Swap Can Make Strings Equal,74.4,https://leetcode.com/problems/check-if-one-string-swap-can-make-strings-equal
DoorDash,Shortest Distance from All Buildings,72.9,https://leetcode.com/problems/shortest-distance-from-all-buildings
DoorDash,Single-Threaded CPU,70.6,https://leetcode.com/problems/single-threaded-cpu
DoorDash,Minimum Number of Steps to Make Two Strings Anagram,70.6,https://leetcode.com/problems/minimum-number-of-steps-to-make-two-strings-anagram
DoorDash,Find K Closest Elements,69.3,https://leetcode.com/problems/find-k-closest-elements
DoorDash,Next Greater Element III,66.5,https://leetcode.com/problems/next-greater-element-iii
DoorDash,Buddy Strings,66.5,https://leetcode.com/problems/buddy-strings
DoorDash,Design In-Memory File System,64.9,https://leetcode.com/problems/design-in-memory-file-system
DoorDash,Find Nearest Point That Has the Same X or Y Coordinate,64,https://leetcode.com/problems/find-nearest-point-that-has-the-same-x-or-y-coordinate
DoorDash,Basic Calculator III,64,https://leetcode.com/problems/basic-calculator-iii
DoorDash,Making A Large Island,64,https://leetcode.com/problems/making-a-large-island
DoorDash,Count Sub Islands,63.1,https://leetcode.com/problems/count-sub-islands
DoorDash,Asteroid Collision,62.2,https://leetcode.com/problems/asteroid-collision
DoorDash,Count Nodes With the Highest Score,62.2,https://leetcode.com/problems/count-nodes-with-the-highest-score
DoorDash,Serialize and Deserialize Binary Tree,60.1,https://leetcode.com/problems/serialize-and-deserialize-binary-tree
DoorDash,Basic Calculator II,56.5,https://leetcode.com/problems/basic-calculator-ii
DoorDash,Count All Valid Pickup and Delivery Options,56.5,https://leetcode.com/problems/count-all-valid-pickup-and-delivery-options
DoorDash,Best Meeting Point,55,https://leetcode.com/problems/best-meeting-point
DoorDash,Course Schedule II,55,https://leetcode.com/problems/course-schedule-ii
DoorDash,Vertical Order Traversal of a Binary Tree,55,https://leetcode.com/problems/vertical-order-traversal-of-a-binary-tree
DoorDash,Immediate Food Delivery II,53.5,https://leetcode.com/problems/immediate-food-delivery-ii
DoorDash,Immediate Food Delivery I,53.5,https://leetcode.com/problems/immediate-food-delivery-i
DoorDash,Implement Trie (Prefix Tree),53.5,https://leetcode.com/problems/implement-trie-prefix-tree
DoorDash,Two Sum,53.5,https://leetcode.com/problems/two-sum
DoorDash,Interval List Intersections,51.8,https://leetcode.com/problems/interval-list-intersections
DoorDash,Mice and Cheese,51.8,https://leetcode.com/problems/mice-and-cheese
DoorDash,Subsequence With the Minimum Score,51.8,https://leetcode.com/problems/subsequence-with-the-minimum-score
DoorDash,Jump Game,51.8,https://leetcode.com/problems/jump-game
DoorDash,Basic Calculator,50,https://leetcode.com/problems/basic-calculator
DoorDash,Task Scheduler,50,https://leetcode.com/problems/task-scheduler
DoorDash,Largest Rectangle in Histogram,50,https://leetcode.com/problems/largest-rectangle-in-histogram
DoorDash,01 Matrix,47.9,https://leetcode.com/problems/01-matrix
DoorDash,Max Area of Island,45.6,https://leetcode.com/problems/max-area-of-island
DoorDash,Next Permutation,45.6,https://leetcode.com/problems/next-permutation
DoorDash,Word Search II,45.6,https://leetcode.com/problems/word-search-ii
DoorDash,Longest Common Subsequence,42.9,https://leetcode.com/problems/longest-common-subsequence
DoorDash,Swim in Rising Water,42.9,https://leetcode.com/problems/swim-in-rising-water
DoorDash,Minimum Size Subarray Sum,42.9,https://leetcode.com/problems/minimum-size-subarray-sum
DoorDash,Number of Visible People in a Queue,42.9,https://leetcode.com/problems/number-of-visible-people-in-a-queue
DoorDash,Design Add and Search Words Data Structure,39.7,https://leetcode.com/problems/design-add-and-search-words-data-structure
DoorDash,Sudoku Solver,39.7,https://leetcode.com/problems/sudoku-solver
DoorDash,Jump Game II,39.7,https://leetcode.com/problems/jump-game-ii
DoorDash,Ways to Make a Fair Array,35.8,https://leetcode.com/problems/ways-to-make-a-fair-array
DoorDash,Minimize Malware Spread,35.8,https://leetcode.com/problems/minimize-malware-spread
DoorDash,Binary Tree Vertical Order Traversal,35.8,https://leetcode.com/problems/binary-tree-vertical-order-traversal
DoorDash,Maximum Gap,35.8,https://leetcode.com/problems/maximum-gap
DoorDash,LRU Cache,35.8,https://leetcode.com/problems/lru-cache
DoorDash,Number of Islands,35.8,https://leetcode.com/problems/number-of-islands
DoorDash,Sliding Window Median,35.8,https://leetcode.com/problems/sliding-window-median
DoorDash,Sliding Window Maximum,35.8,https://leetcode.com/problems/sliding-window-maximum
DoorDash,Shortest Path to Get Food,35.8,https://leetcode.com/problems/shortest-path-to-get-food
DoorDash,4Sum,30.9,https://leetcode.com/problems/4sum
DoorDash,Course Schedule,30.9,https://leetcode.com/problems/course-schedule
DoorDash,Analyze User Website Visit Pattern,30.9,https://leetcode.com/problems/analyze-user-website-visit-pattern
DoorDash,LFU Cache,30.9,https://leetcode.com/problems/lfu-cache
DoorDash,Capacity To Ship Packages Within D Days,30.9,https://leetcode.com/problems/capacity-to-ship-packages-within-d-days
DoorDash,Maximum Path Quality of a Graph,30.9,https://leetcode.com/problems/maximum-path-quality-of-a-graph
DoorDash,Find the Celebrity,30.9,https://leetcode.com/problems/find-the-celebrity
DoorDash,Number of Provinces,30.9,https://leetcode.com/problems/number-of-provinces
DoorDash,Path Sum II,24.1,https://leetcode.com/problems/path-sum-ii
DoorDash,Maximum Performance of a Team,24.1,https://leetcode.com/problems/maximum-performance-of-a-team
DoorDash,Design Search Autocomplete System,24.1,https://leetcode.com/problems/design-search-autocomplete-system
DoorDash,Longest Palindromic Substring,24.1,https://leetcode.com/problems/longest-palindromic-substring
DoorDash,Similar String Groups,24.1,https://leetcode.com/problems/similar-string-groups
DoorDash,Merge k Sorted Lists,24.1,https://leetcode.com/problems/merge-k-sorted-lists
DoorDash,Insert Delete GetRandom O(1),24.1,https://leetcode.com/problems/insert-delete-getrandom-o1
DoorDash,Range Sum Query 2D - Immutable,24.1,https://leetcode.com/problems/range-sum-query-2d-immutable
DoorDash,Diameter of N-Ary Tree,24.1,https://leetcode.com/problems/diameter-of-n-ary-tree
DoorDash,Employee Free Time,24.1,https://leetcode.com/problems/employee-free-time
DoorDash,Counting Words With a Given Prefix,24.1,https://leetcode.com/problems/counting-words-with-a-given-prefix
DoorDash,Brace Expansion,24.1,https://leetcode.com/problems/brace-expansion
DoorDash,Design Browser History,24.1,https://leetcode.com/problems/design-browser-history
DoorDash,Path With Maximum Minimum Value,24.1,https://leetcode.com/problems/path-with-maximum-minimum-value
DoorDash,Number of Closed Islands,24.1,https://leetcode.com/problems/number-of-closed-islands
DoorDash,Valid Sudoku,24.1,https://leetcode.com/problems/valid-sudoku
DoorDash,Top K Frequent Elements,24.1,https://leetcode.com/problems/top-k-frequent-elements
DoorDash,Task Scheduler II,24.1,https://leetcode.com/problems/task-scheduler-ii
DoorDash,Group Anagrams,24.1,https://leetcode.com/problems/group-anagrams
DoorDash,Implement Trie II (Prefix Tree),24.1,https://leetcode.com/problems/implement-trie-ii-prefix-tree
DoorDash,K-Similar Strings,24.1,https://leetcode.com/problems/k-similar-strings
DP world,Rotting Oranges,100,https://leetcode.com/problems/rotting-oranges
DP world,Count Zero Request Servers,100,https://leetcode.com/problems/count-zero-request-servers
DP world,Set Intersection Size At Least Two,100,https://leetcode.com/problems/set-intersection-size-at-least-two
DP world,All Nodes Distance K in Binary Tree,87.6,https://leetcode.com/problems/all-nodes-distance-k-in-binary-tree
DP world,Search in Rotated Sorted Array,87.6,https://leetcode.com/problems/search-in-rotated-sorted-array
DP world,Capacity To Ship Packages Within D Days,87.6,https://leetcode.com/problems/capacity-to-ship-packages-within-d-days
DP world,Binary Tree Cameras,87.6,https://leetcode.com/problems/binary-tree-cameras
Dream11,Final Prices With a Special Discount in a Shop,100,https://leetcode.com/problems/final-prices-with-a-special-discount-in-a-shop
Dream11,Asteroid Collision,78.8,https://leetcode.com/problems/asteroid-collision
Dream11,Furthest Building You Can Reach,72.2,https://leetcode.com/problems/furthest-building-you-can-reach
Dream11,Gas Station,72.2,https://leetcode.com/problems/gas-station
Dream11,3Sum,72.2,https://leetcode.com/problems/3sum
Dream11,Minimum Number of Increments on Subarrays to Form a Target Array,72.2,https://leetcode.com/problems/minimum-number-of-increments-on-subarrays-to-form-a-target-array
Dream11,Minimum Falling Path Sum,62.8,https://leetcode.com/problems/minimum-falling-path-sum
Dream11,Shortest Common Supersequence ,62.8,https://leetcode.com/problems/shortest-common-supersequence
Dream11,Number of Ways to Select Buildings,62.8,https://leetcode.com/problems/number-of-ways-to-select-buildings
Dream11,Partition Equal Subset Sum,62.8,https://leetcode.com/problems/partition-equal-subset-sum
Dream11,Minimum Path Sum,62.8,https://leetcode.com/problems/minimum-path-sum
Dropbox,Simple Bank System,100,https://leetcode.com/problems/simple-bank-system
Dropbox,Find Duplicate File in System,94.7,https://leetcode.com/problems/find-duplicate-file-in-system
Dropbox,Game of Life,92.7,https://leetcode.com/problems/game-of-life
Dropbox,Web Crawler,92.7,https://leetcode.com/problems/web-crawler
Dropbox,Web Crawler Multithreaded,92.7,https://leetcode.com/problems/web-crawler-multithreaded
Dropbox,Word Pattern II,90.4,https://leetcode.com/problems/word-pattern-ii
Dropbox,Minimize Malware Spread II,90.4,https://leetcode.com/problems/minimize-malware-spread-ii
Dropbox,Minimize Malware Spread,90.4,https://leetcode.com/problems/minimize-malware-spread
Dropbox,Seat Reservation Manager,90.4,https://leetcode.com/problems/seat-reservation-manager
Dropbox,Design Hit Counter,90.4,https://leetcode.com/problems/design-hit-counter
Dropbox,Check If It Is a Good Array,90.4,https://leetcode.com/problems/check-if-it-is-a-good-array
Dropbox,Design a Text Editor,90.4,https://leetcode.com/problems/design-a-text-editor
Dropbox,Two Sum,90.4,https://leetcode.com/problems/two-sum
Dropbox,Median of Two Sorted Arrays,90.4,https://leetcode.com/problems/median-of-two-sorted-arrays
Dropbox,Word Pattern,90.4,https://leetcode.com/problems/word-pattern
Dropbox,Number of Valid Words for Each Puzzle,90.4,https://leetcode.com/problems/number-of-valid-words-for-each-puzzle
Dropbox,Word Break II,90.4,https://leetcode.com/problems/word-break-ii
Dropbox,Grid Illumination,90.4,https://leetcode.com/problems/grid-illumination
Dropbox,Letter Combinations of a Phone Number,90.4,https://leetcode.com/problems/letter-combinations-of-a-phone-number
Dropbox,Max Area of Island,87.9,https://leetcode.com/problems/max-area-of-island
Dropbox,Guess the Word,68.7,https://leetcode.com/problems/guess-the-word
Dropbox,Top K Frequent Elements,61.9,https://leetcode.com/problems/top-k-frequent-elements
Dropbox,Merge Intervals,61.9,https://leetcode.com/problems/merge-intervals
Dropbox,Number of Islands,52.4,https://leetcode.com/problems/number-of-islands
Dropbox,Number of Islands II,52.4,https://leetcode.com/problems/number-of-islands-ii
Druva,Maximize Sum Of Array After K Negations,100,https://leetcode.com/problems/maximize-sum-of-array-after-k-negations
Druva,Reorganize String,67,https://leetcode.com/problems/reorganize-string
Druva,Search in Rotated Sorted Array,67,https://leetcode.com/problems/search-in-rotated-sorted-array
Druva,Longest Increasing Subsequence,67,https://leetcode.com/problems/longest-increasing-subsequence
DRW,Subsequence of Size K With the Largest Even Sum,100,https://leetcode.com/problems/subsequence-of-size-k-with-the-largest-even-sum
DRW,Counting Elements,100,https://leetcode.com/problems/counting-elements
DRW,Maximize Score After Pair Deletions,100,https://leetcode.com/problems/maximize-score-after-pair-deletions
DRW,Best Time to Buy and Sell Stock,79.6,https://leetcode.com/problems/best-time-to-buy-and-sell-stock
DRW,Remove Duplicate Letters,73.2,https://leetcode.com/problems/remove-duplicate-letters
DRW,Minimum Fuel Cost to Report to the Capital,64.2,https://leetcode.com/problems/minimum-fuel-cost-to-report-to-the-capital
DRW,Reorder Routes to Make All Paths Lead to the City Zero,64.2,https://leetcode.com/problems/reorder-routes-to-make-all-paths-lead-to-the-city-zero
DRW,Maximal Network Rank,64.2,https://leetcode.com/problems/maximal-network-rank
DRW,Robot Room Cleaner,64.2,https://leetcode.com/problems/robot-room-cleaner
Dunzo,Stone Game VII,100,https://leetcode.com/problems/stone-game-vii
Dunzo,Build Array Where You Can Find The Maximum Exactly K Comparisons,100,https://leetcode.com/problems/build-array-where-you-can-find-the-maximum-exactly-k-comparisons
Dunzo,Number of Distinct Substrings in a String,100,https://leetcode.com/problems/number-of-distinct-substrings-in-a-string
Dunzo,Number of Ways to Form a Target String Given a Dictionary,100,https://leetcode.com/problems/number-of-ways-to-form-a-target-string-given-a-dictionary
Dunzo,Find All Good Strings,100,https://leetcode.com/problems/find-all-good-strings
Dunzo,Ways to Make a Fair Array,100,https://leetcode.com/problems/ways-to-make-a-fair-array
Dunzo,Arithmetic Slices II - Subsequence,63.4,https://leetcode.com/problems/arithmetic-slices-ii-subsequence
Dunzo,Count Complete Tree Nodes,63.4,https://leetcode.com/problems/count-complete-tree-nodes
Duolingo,Encrypt and Decrypt Strings,100,https://leetcode.com/problems/encrypt-and-decrypt-strings
Duolingo,Minimum Number of People to Teach,82.6,https://leetcode.com/problems/minimum-number-of-people-to-teach
Duolingo,K Radius Subarray Averages,80.9,https://leetcode.com/problems/k-radius-subarray-averages
Duolingo,Task Scheduler II,52.1,https://leetcode.com/problems/task-scheduler-ii
DXC Technology,Longest Common Prefix,100,https://leetcode.com/problems/longest-common-prefix
DXC Technology,Sort Array By Parity,100,https://leetcode.com/problems/sort-array-by-parity
DXC Technology,Rotate Array,100,https://leetcode.com/problems/rotate-array
EarnIn,Longest Palindromic Substring,100,https://leetcode.com/problems/longest-palindromic-substring
EarnIn,Number of Islands,100,https://leetcode.com/problems/number-of-islands
EarnIn,Add Two Numbers,100,https://leetcode.com/problems/add-two-numbers
EarnIn,Two Sum,100,https://leetcode.com/problems/two-sum
eBay,Partition Equal Subset Sum,100,https://leetcode.com/problems/partition-equal-subset-sum
eBay,LRU Cache,97.7,https://leetcode.com/problems/lru-cache
eBay,Remove One Element to Make the Array Strictly Increasing,95.1,https://leetcode.com/problems/remove-one-element-to-make-the-array-strictly-increasing
eBay,Subtree of Another Tree,95.1,https://leetcode.com/problems/subtree-of-another-tree
eBay,Alternating Digit Sum,95.1,https://leetcode.com/problems/alternating-digit-sum
eBay,Minimum Window Subsequence,95.1,https://leetcode.com/problems/minimum-window-subsequence
eBay,Binary Gap,95.1,https://leetcode.com/problems/binary-gap
eBay,Design Skiplist,95.1,https://leetcode.com/problems/design-skiplist
eBay,Minimize Maximum Pair Sum in Array,95.1,https://leetcode.com/problems/minimize-maximum-pair-sum-in-array
eBay,Number of Islands,89.2,https://leetcode.com/problems/number-of-islands
eBay,Word Ladder,81.5,https://leetcode.com/problems/word-ladder
eBay,Move Zeroes,76.7,https://leetcode.com/problems/move-zeroes
eBay,Group Anagrams,76.7,https://leetcode.com/problems/group-anagrams
eBay,Spiral Matrix,76.7,https://leetcode.com/problems/spiral-matrix
eBay,Open the Lock,76.7,https://leetcode.com/problems/open-the-lock
eBay,Reconstruct Itinerary,70.8,https://leetcode.com/problems/reconstruct-itinerary
eBay,Kth Largest Element in an Array,70.8,https://leetcode.com/problems/kth-largest-element-in-an-array
eBay,Set Matrix Zeroes,70.8,https://leetcode.com/problems/set-matrix-zeroes
eBay,Word Search II,70.8,https://leetcode.com/problems/word-search-ii
eBay,Course Schedule II,70.8,https://leetcode.com/problems/course-schedule-ii
eBay,Valid Parentheses,70.8,https://leetcode.com/problems/valid-parentheses
eBay,Course Schedule,70.8,https://leetcode.com/problems/course-schedule
eBay,Meeting Rooms II,70.8,https://leetcode.com/problems/meeting-rooms-ii
eBay,Longest Continuous Subarray With Absolute Diff Less Than or Equal to Limit,70.8,https://leetcode.com/problems/longest-continuous-subarray-with-absolute-diff-less-than-or-equal-to-limit
eBay,Binary Tree Zigzag Level Order Traversal,70.8,https://leetcode.com/problems/binary-tree-zigzag-level-order-traversal
eBay,Binary Search Tree to Greater Sum Tree,63.2,https://leetcode.com/problems/binary-search-tree-to-greater-sum-tree
eBay,Concatenated Words,63.2,https://leetcode.com/problems/concatenated-words
eBay,Generate Parentheses,63.2,https://leetcode.com/problems/generate-parentheses
eBay,Rotting Oranges,63.2,https://leetcode.com/problems/rotting-oranges
eBay,"Pow(x, n)",63.2,https://leetcode.com/problems/powx-n
eBay,Longest ZigZag Path in a Binary Tree,63.2,https://leetcode.com/problems/longest-zigzag-path-in-a-binary-tree
eBay,Design a Stack With Increment Operation,63.2,https://leetcode.com/problems/design-a-stack-with-increment-operation
eBay,Longest Substring Without Repeating Characters,63.2,https://leetcode.com/problems/longest-substring-without-repeating-characters
eBay,Two Sum,63.2,https://leetcode.com/problems/two-sum
eBay,Decode String,63.2,https://leetcode.com/problems/decode-string
eBay,Search in Rotated Sorted Array,63.2,https://leetcode.com/problems/search-in-rotated-sorted-array
eBay,Best Time to Buy and Sell Stock II,63.2,https://leetcode.com/problems/best-time-to-buy-and-sell-stock-ii
eBay,Meeting Rooms,52.5,https://leetcode.com/problems/meeting-rooms
eBay,Integer to English Words,52.5,https://leetcode.com/problems/integer-to-english-words
eBay,Valid Palindrome II,52.5,https://leetcode.com/problems/valid-palindrome-ii
eBay,Longest Valid Parentheses,52.5,https://leetcode.com/problems/longest-valid-parentheses
eBay,Minimum Path Sum,52.5,https://leetcode.com/problems/minimum-path-sum
eBay,Merge k Sorted Lists,52.5,https://leetcode.com/problems/merge-k-sorted-lists
eBay,Binary Tree Cameras,52.5,https://leetcode.com/problems/binary-tree-cameras
eBay,Product of Array Except Self,52.5,https://leetcode.com/problems/product-of-array-except-self
eBay,Roman to Integer,52.5,https://leetcode.com/problems/roman-to-integer
eBay,Longest Common Prefix,52.5,https://leetcode.com/problems/longest-common-prefix
eBay,Vertical Order Traversal of a Binary Tree,52.5,https://leetcode.com/problems/vertical-order-traversal-of-a-binary-tree
eBay,Matchsticks to Square,52.5,https://leetcode.com/problems/matchsticks-to-square
eBay,Isomorphic Strings,52.5,https://leetcode.com/problems/isomorphic-strings
eBay,Integer to Roman,52.5,https://leetcode.com/problems/integer-to-roman
eBay,Nearest Exit from Entrance in Maze,52.5,https://leetcode.com/problems/nearest-exit-from-entrance-in-maze
eBay,Time Based Key-Value Store,52.5,https://leetcode.com/problems/time-based-key-value-store
eBay,Longest Palindromic Substring,52.5,https://leetcode.com/problems/longest-palindromic-substring
eBay,Median of Two Sorted Arrays,52.5,https://leetcode.com/problems/median-of-two-sorted-arrays
eBay,Find Peak Element,52.5,https://leetcode.com/problems/find-peak-element
eBay,First Missing Positive,52.5,https://leetcode.com/problems/first-missing-positive
eBay,Maximum Subarray,52.5,https://leetcode.com/problems/maximum-subarray
eBay,Permutations,52.5,https://leetcode.com/problems/permutations
eBay,Validate Binary Search Tree,52.5,https://leetcode.com/problems/validate-binary-search-tree
eBay,Nested List Weight Sum,52.5,https://leetcode.com/problems/nested-list-weight-sum
eBay,Top K Frequent Elements,52.5,https://leetcode.com/problems/top-k-frequent-elements
eBay,Maximal Square,52.5,https://leetcode.com/problems/maximal-square
eBay,Shortest Palindrome,52.5,https://leetcode.com/problems/shortest-palindrome
eBay,Maximum Tastiness of Candy Basket,52.5,https://leetcode.com/problems/maximum-tastiness-of-candy-basket
eBay,Rotate Array,52.5,https://leetcode.com/problems/rotate-array
eBay,Majority Element,52.5,https://leetcode.com/problems/majority-element
eBay,Find Pivot Index,52.5,https://leetcode.com/problems/find-pivot-index
eBay,Two Sum II - Input Array Is Sorted,52.5,https://leetcode.com/problems/two-sum-ii-input-array-is-sorted
eBay,Reorganize String,52.5,https://leetcode.com/problems/reorganize-string
eBay,Longest Substring with At Most Two Distinct Characters,52.5,https://leetcode.com/problems/longest-substring-with-at-most-two-distinct-characters
eBay,Koko Eating Bananas,52.5,https://leetcode.com/problems/koko-eating-bananas
eBay,Find Minimum in Rotated Sorted Array,52.5,https://leetcode.com/problems/find-minimum-in-rotated-sorted-array
eBay,Word Break,52.5,https://leetcode.com/problems/word-break
eBay,Copy List with Random Pointer,52.5,https://leetcode.com/problems/copy-list-with-random-pointer
eBay,Rank Teams by Votes,52.5,https://leetcode.com/problems/rank-teams-by-votes
eBay,Best Time to Buy and Sell Stock,52.5,https://leetcode.com/problems/best-time-to-buy-and-sell-stock
eBay,Sort Colors,52.5,https://leetcode.com/problems/sort-colors
Edelweiss Group,Find if Array Can Be Sorted,100,https://leetcode.com/problems/find-if-array-can-be-sorted
Electronic Arts,Wiggle Subsequence,100,https://leetcode.com/problems/wiggle-subsequence
Electronic Arts,Relative Ranks,100,https://leetcode.com/problems/relative-ranks
Electronic Arts,Is Subsequence,100,https://leetcode.com/problems/is-subsequence
EPAM Systems,Valid Parentheses,100,https://leetcode.com/problems/valid-parentheses
EPAM Systems,Longest Substring Without Repeating Characters,100,https://leetcode.com/problems/longest-substring-without-repeating-characters
EPAM Systems,Two Sum,97.6,https://leetcode.com/problems/two-sum
EPAM Systems,Group Anagrams,97.6,https://leetcode.com/problems/group-anagrams
EPAM Systems,Minimum Operations to Make a Uni-Value Grid,97.6,https://leetcode.com/problems/minimum-operations-to-make-a-uni-value-grid
EPAM Systems,Longest Palindromic Substring,91.8,https://leetcode.com/problems/longest-palindromic-substring
EPAM Systems,Longest Common Prefix,84.5,https://leetcode.com/problems/longest-common-prefix
EPAM Systems,Valid Anagram,84.5,https://leetcode.com/problems/valid-anagram
EPAM Systems,Valid Palindrome,79.8,https://leetcode.com/problems/valid-palindrome
EPAM Systems,Merge Sorted Array,79.8,https://leetcode.com/problems/merge-sorted-array
EPAM Systems,Best Time to Buy and Sell Stock,74.1,https://leetcode.com/problems/best-time-to-buy-and-sell-stock
EPAM Systems,Maximum Difference Between Node and Ancestor,66.8,https://leetcode.com/problems/maximum-difference-between-node-and-ancestor
EPAM Systems,Two Sum II - Input Array Is Sorted,66.8,https://leetcode.com/problems/two-sum-ii-input-array-is-sorted
EPAM Systems,"Pow(x, n)",66.8,https://leetcode.com/problems/powx-n
EPAM Systems,3Sum,66.8,https://leetcode.com/problems/3sum
EPAM Systems,Palindrome Number,66.8,https://leetcode.com/problems/palindrome-number
EPAM Systems,Trapping Rain Water,66.8,https://leetcode.com/problems/trapping-rain-water
EPAM Systems,Merge Two Sorted Lists,66.8,https://leetcode.com/problems/merge-two-sorted-lists
EPAM Systems,Reverse String,66.8,https://leetcode.com/problems/reverse-string
EPAM Systems,Reverse Linked List II,56.5,https://leetcode.com/problems/reverse-linked-list-ii
EPAM Systems,Rotate Array,56.5,https://leetcode.com/problems/rotate-array
EPAM Systems,First Missing Positive,56.5,https://leetcode.com/problems/first-missing-positive
EPAM Systems,Top K Frequent Elements,56.5,https://leetcode.com/problems/top-k-frequent-elements
EPAM Systems,First Unique Character in a String,56.5,https://leetcode.com/problems/first-unique-character-in-a-string
EPAM Systems,Running Sum of 1d Array,56.5,https://leetcode.com/problems/running-sum-of-1d-array
EPAM Systems,Merge Intervals,56.5,https://leetcode.com/problems/merge-intervals
EPAM Systems,Duplicate Emails,56.5,https://leetcode.com/problems/duplicate-emails
EPAM Systems,String Compression,56.5,https://leetcode.com/problems/string-compression
EPAM Systems,Binary Search,56.5,https://leetcode.com/problems/binary-search
EPAM Systems,House Robber,56.5,https://leetcode.com/problems/house-robber
EPAM Systems,Longest Consecutive Sequence,56.5,https://leetcode.com/problems/longest-consecutive-sequence
EPAM Systems,Reverse Integer,56.5,https://leetcode.com/problems/reverse-integer
EPAM Systems,Kth Largest Element in an Array,56.5,https://leetcode.com/problems/kth-largest-element-in-an-array
EPAM Systems,Partition Equal Subset Sum,56.5,https://leetcode.com/problems/partition-equal-subset-sum
EPAM Systems,Managers with at Least 5 Direct Reports,56.5,https://leetcode.com/problems/managers-with-at-least-5-direct-reports
EPAM Systems,Add Two Numbers,56.5,https://leetcode.com/problems/add-two-numbers
EPAM Systems,Coin Change,56.5,https://leetcode.com/problems/coin-change
EPAM Systems,Ugly Number II,56.5,https://leetcode.com/problems/ugly-number-ii
EPAM Systems,To Be Or Not To Be,56.5,https://leetcode.com/problems/to-be-or-not-to-be
EPAM Systems,Asteroid Collision,56.5,https://leetcode.com/problems/asteroid-collision
EPAM Systems,Isomorphic Strings,56.5,https://leetcode.com/problems/isomorphic-strings
EPAM Systems,Linked List Cycle,56.5,https://leetcode.com/problems/linked-list-cycle
EPAM Systems,Search in Rotated Sorted Array,56.5,https://leetcode.com/problems/search-in-rotated-sorted-array
Epic Systems,Additive Number,100,https://leetcode.com/problems/additive-number
Epic Systems,Letter Combinations of a Phone Number,98.1,https://leetcode.com/problems/letter-combinations-of-a-phone-number
Epic Systems,Self Dividing Numbers,89.3,https://leetcode.com/problems/self-dividing-numbers
Epic Systems,Spiral Matrix,85.9,https://leetcode.com/problems/spiral-matrix
Epic Systems,Stepping Numbers,84,https://leetcode.com/problems/stepping-numbers
Epic Systems,Valid Parentheses,81.8,https://leetcode.com/problems/valid-parentheses
Epic Systems,Word Search,65.3,https://leetcode.com/problems/word-search
Epic Systems,Angle Between Hands of a Clock,65.3,https://leetcode.com/problems/angle-between-hands-of-a-clock
Epic Systems,Two Sum,59.5,https://leetcode.com/problems/two-sum
Epic Systems,Longest Substring Without Repeating Characters,51.3,https://leetcode.com/problems/longest-substring-without-repeating-characters
Epic Systems,Bulls and Cows,51.3,https://leetcode.com/problems/bulls-and-cows
Epic Systems,Palindromic Substrings,51.3,https://leetcode.com/problems/palindromic-substrings
Expedia,Find the Smallest Divisor Given a Threshold,100,https://leetcode.com/problems/find-the-smallest-divisor-given-a-threshold
Expedia,Valid Triangle Number,97.7,https://leetcode.com/problems/valid-triangle-number
Expedia,The kth Factor of n,97.7,https://leetcode.com/problems/the-kth-factor-of-n
Expedia,Minimum Swaps to Group All 1's Together,97.7,https://leetcode.com/problems/minimum-swaps-to-group-all-1s-together
Expedia,Divide Players Into Teams of Equal Skill,95.2,https://leetcode.com/problems/divide-players-into-teams-of-equal-skill
Expedia,Break a Palindrome,95.2,https://leetcode.com/problems/break-a-palindrome
Expedia,Minimum One Bit Operations to Make Integers Zero,95.2,https://leetcode.com/problems/minimum-one-bit-operations-to-make-integers-zero
Expedia,Most Visited Sector in  a Circular Track,95.2,https://leetcode.com/problems/most-visited-sector-in-a-circular-track
Expedia,Number of Good Binary Strings,95.2,https://leetcode.com/problems/number-of-good-binary-strings
Expedia,Rearrange Words in a Sentence,95.2,https://leetcode.com/problems/rearrange-words-in-a-sentence
Expedia,String Compression,95.2,https://leetcode.com/problems/string-compression
Expedia,Minimum Replacements to Sort the Array,95.2,https://leetcode.com/problems/minimum-replacements-to-sort-the-array
Expedia,Unique Substrings With Equal Digit Frequency,95.2,https://leetcode.com/problems/unique-substrings-with-equal-digit-frequency
Expedia,Valid Word,95.2,https://leetcode.com/problems/valid-word
Expedia,The Earliest Moment When Everyone Become Friends,95.2,https://leetcode.com/problems/the-earliest-moment-when-everyone-become-friends
Expedia,Valid Parentheses,85.9,https://leetcode.com/problems/valid-parentheses
Expedia,Remove Duplicate Letters,81.9,https://leetcode.com/problems/remove-duplicate-letters
Expedia,Find the City With the Smallest Number of Neighbors at a Threshold Distance,71.3,https://leetcode.com/problems/find-the-city-with-the-smallest-number-of-neighbors-at-a-threshold-distance
Expedia,Trapping Rain Water,71.3,https://leetcode.com/problems/trapping-rain-water
Expedia,Group Anagrams,71.3,https://leetcode.com/problems/group-anagrams
Expedia,Longest Substring Without Repeating Characters,71.3,https://leetcode.com/problems/longest-substring-without-repeating-characters
Expedia,Capacity To Ship Packages Within D Days,71.3,https://leetcode.com/problems/capacity-to-ship-packages-within-d-days
Expedia,Set Matrix Zeroes,71.3,https://leetcode.com/problems/set-matrix-zeroes
Expedia,Best Time to Buy and Sell Stock,71.3,https://leetcode.com/problems/best-time-to-buy-and-sell-stock
Expedia,Minimum Number of Swaps to Make the String Balanced,71.3,https://leetcode.com/problems/minimum-number-of-swaps-to-make-the-string-balanced
Expedia,House Robber,63.8,https://leetcode.com/problems/house-robber
Expedia,Jump Game II,63.8,https://leetcode.com/problems/jump-game-ii
Expedia,Max Consecutive Ones III,63.8,https://leetcode.com/problems/max-consecutive-ones-iii
Expedia,Number of Islands,63.8,https://leetcode.com/problems/number-of-islands
Expedia,Roman to Integer,63.8,https://leetcode.com/problems/roman-to-integer
Expedia,Minimum Number of Chairs in a Waiting Room,53.3,https://leetcode.com/problems/minimum-number-of-chairs-in-a-waiting-room
Expedia,Merge Sorted Array,53.3,https://leetcode.com/problems/merge-sorted-array
Expedia,Number of Visible People in a Queue,53.3,https://leetcode.com/problems/number-of-visible-people-in-a-queue
Expedia,Longest Increasing Subsequence,53.3,https://leetcode.com/problems/longest-increasing-subsequence
Expedia,Reformat Date,53.3,https://leetcode.com/problems/reformat-date
Expedia,Two Sum,53.3,https://leetcode.com/problems/two-sum
Expedia,Keys and Rooms,53.3,https://leetcode.com/problems/keys-and-rooms
Expedia,Find the Index of the First Occurrence in a String,53.3,https://leetcode.com/problems/find-the-index-of-the-first-occurrence-in-a-string
Expedia,Add Two Numbers,53.3,https://leetcode.com/problems/add-two-numbers
Expedia,Reverse Linked List,53.3,https://leetcode.com/problems/reverse-linked-list
Expedia,LRU Cache,53.3,https://leetcode.com/problems/lru-cache
Expedia,Merge Intervals,53.3,https://leetcode.com/problems/merge-intervals
Expedia,Subarray Sums Divisible by K,53.3,https://leetcode.com/problems/subarray-sums-divisible-by-k
Expedia,Least Number of Unique Integers after K Removals,53.3,https://leetcode.com/problems/least-number-of-unique-integers-after-k-removals
Expedia,Permutation in String,53.3,https://leetcode.com/problems/permutation-in-string
Expedia,Climbing Stairs,53.3,https://leetcode.com/problems/climbing-stairs
Expedia,Count Number of Pairs With Absolute Difference K,53.3,https://leetcode.com/problems/count-number-of-pairs-with-absolute-difference-k
Expedia,Rotting Oranges,53.3,https://leetcode.com/problems/rotting-oranges
Expedia,Degree of an Array,53.3,https://leetcode.com/problems/degree-of-an-array
EY,Two Sum,100,https://leetcode.com/problems/two-sum
EY,Fibonacci Number,100,https://leetcode.com/problems/fibonacci-number
EY,Longest Happy String,100,https://leetcode.com/problems/longest-happy-string
FactSet,Smallest Subsequence of Distinct Characters,100,https://leetcode.com/problems/smallest-subsequence-of-distinct-characters
FactSet,Remove All Adjacent Duplicates in String II,100,https://leetcode.com/problems/remove-all-adjacent-duplicates-in-string-ii
FactSet,Remove Duplicate Letters,100,https://leetcode.com/problems/remove-duplicate-letters
FactSet,Happy Number,63.3,https://leetcode.com/problems/happy-number
FactSet,Increasing Triplet Subsequence,63.3,https://leetcode.com/problems/increasing-triplet-subsequence
Faire,Word Search,100,https://leetcode.com/problems/word-search
Faire,Longest Mountain in Array,93.4,https://leetcode.com/problems/longest-mountain-in-array
Faire,Group Anagrams,84.1,https://leetcode.com/problems/group-anagrams
Fastenal,Minimum Window Substring,100,https://leetcode.com/problems/minimum-window-substring
Fastenal,Sum of Beauty of All Substrings,89.6,https://leetcode.com/problems/sum-of-beauty-of-all-substrings
Fastenal,Last Substring in Lexicographical Order,89.6,https://leetcode.com/problems/last-substring-in-lexicographical-order
Fastenal,Number of Atoms,89.6,https://leetcode.com/problems/number-of-atoms
Fidelity,Modify the Matrix,100,https://leetcode.com/problems/modify-the-matrix
Fidelity,Two Sum,64.4,https://leetcode.com/problems/two-sum
Fidelity,Valid Anagram,64.4,https://leetcode.com/problems/valid-anagram
Fiverr,Subsets,100,https://leetcode.com/problems/subsets
Fiverr,LRU Cache,90.4,https://leetcode.com/problems/lru-cache
Flexera,Lexicographically Minimum String After Removing Stars,100,https://leetcode.com/problems/lexicographically-minimum-string-after-removing-stars
Flexera,Clear Digits,100,https://leetcode.com/problems/clear-digits
Flexport,Decode String,100,https://leetcode.com/problems/decode-string
Flexport,Clone Graph,98.1,https://leetcode.com/problems/clone-graph
Flexport,Time Based Key-Value Store,96.1,https://leetcode.com/problems/time-based-key-value-store
Flexport,My Calendar I,85,https://leetcode.com/problems/my-calendar-i
Flexport,Letter Combinations of a Phone Number,85,https://leetcode.com/problems/letter-combinations-of-a-phone-number
Flexport,Bag of Tokens,70,https://leetcode.com/problems/bag-of-tokens
Flexport,Count Zero Request Servers,61.2,https://leetcode.com/problems/count-zero-request-servers
Flexport,Longest Increasing Subsequence,61.2,https://leetcode.com/problems/longest-increasing-subsequence
Flexport,Subarray Product Less Than K,61.2,https://leetcode.com/problems/subarray-product-less-than-k
Flexport,Validate IP Address,61.2,https://leetcode.com/problems/validate-ip-address
Flipkart,Smallest Range Covering Elements from K Lists,100,https://leetcode.com/problems/smallest-range-covering-elements-from-k-lists
Flipkart,Shortest Bridge,97.5,https://leetcode.com/problems/shortest-bridge
Flipkart,Trapping Rain Water,94.7,https://leetcode.com/problems/trapping-rain-water
Flipkart,Maximum Points You Can Obtain from Cards,93.2,https://leetcode.com/problems/maximum-points-you-can-obtain-from-cards
Flipkart,Design Movie Rental System,83.9,https://leetcode.com/problems/design-movie-rental-system
Flipkart,Minimum Number of Coins to be Added,83.9,https://leetcode.com/problems/minimum-number-of-coins-to-be-added
Flipkart,Capacity To Ship Packages Within D Days,81.5,https://leetcode.com/problems/capacity-to-ship-packages-within-d-days
Flipkart,Minimum Cost to Reach City With Discounts,81.5,https://leetcode.com/problems/minimum-cost-to-reach-city-with-discounts
Flipkart,Minimum Limit of Balls in a Bag,81.5,https://leetcode.com/problems/minimum-limit-of-balls-in-a-bag
Flipkart,The Score of Students Solving Math Expression,81.5,https://leetcode.com/problems/the-score-of-students-solving-math-expression
Flipkart,Numbers With Same Consecutive Differences,81.5,https://leetcode.com/problems/numbers-with-same-consecutive-differences
Flipkart,Triples with Bitwise AND Equal To Zero,81.5,https://leetcode.com/problems/triples-with-bitwise-and-equal-to-zero
Flipkart,Minimum Total Cost to Make Arrays Unequal,78.9,https://leetcode.com/problems/minimum-total-cost-to-make-arrays-unequal
Flipkart,Container With Most Water,78.9,https://leetcode.com/problems/container-with-most-water
Flipkart,Binary Tree Maximum Path Sum,75.9,https://leetcode.com/problems/binary-tree-maximum-path-sum
Flipkart,Koko Eating Bananas,75.9,https://leetcode.com/problems/koko-eating-bananas
Flipkart,Longest Substring Without Repeating Characters,75.9,https://leetcode.com/problems/longest-substring-without-repeating-characters
Flipkart,Asteroid Collision,75.9,https://leetcode.com/problems/asteroid-collision
Flipkart,Cherry Pickup II,72.6,https://leetcode.com/problems/cherry-pickup-ii
Flipkart,Minimum Adjacent Swaps for K Consecutive Ones,72.6,https://leetcode.com/problems/minimum-adjacent-swaps-for-k-consecutive-ones
Flipkart,Two Sum,68.8,https://leetcode.com/problems/two-sum
Flipkart,Strong Password Checker,68.8,https://leetcode.com/problems/strong-password-checker
Flipkart,Create Maximum Number,68.8,https://leetcode.com/problems/create-maximum-number
Flipkart,Product of Array Except Self,68.8,https://leetcode.com/problems/product-of-array-except-self
Flipkart,Number of Islands,64.2,https://leetcode.com/problems/number-of-islands
Flipkart,Rotting Oranges,64.2,https://leetcode.com/problems/rotting-oranges
Flipkart,Gas Station,64.2,https://leetcode.com/problems/gas-station
Flipkart,Course Schedule,64.2,https://leetcode.com/problems/course-schedule
Flipkart,Maximum Profit in Job Scheduling,64.2,https://leetcode.com/problems/maximum-profit-in-job-scheduling
Flipkart,Largest Rectangle in Histogram,58.7,https://leetcode.com/problems/largest-rectangle-in-histogram
Flipkart,Dungeon Game,58.7,https://leetcode.com/problems/dungeon-game
Flipkart,Subarray Sum Equals K,58.7,https://leetcode.com/problems/subarray-sum-equals-k
Flipkart,Sort Colors,58.7,https://leetcode.com/problems/sort-colors
Flipkart,Edit Distance,58.7,https://leetcode.com/problems/edit-distance
Flipkart,Merge Two Sorted Lists,58.7,https://leetcode.com/problems/merge-two-sorted-lists
Flipkart,Partition Equal Subset Sum,58.7,https://leetcode.com/problems/partition-equal-subset-sum
Flipkart,Median of Two Sorted Arrays,58.7,https://leetcode.com/problems/median-of-two-sorted-arrays
Flipkart,Burst Balloons,58.7,https://leetcode.com/problems/burst-balloons
Flipkart,Maximum Width of Binary Tree,58.7,https://leetcode.com/problems/maximum-width-of-binary-tree
Flipkart,Find K-th Smallest Pair Distance,58.7,https://leetcode.com/problems/find-k-th-smallest-pair-distance
Flipkart,Decode Ways,58.7,https://leetcode.com/problems/decode-ways
Flipkart,Binary Tree Zigzag Level Order Traversal,58.7,https://leetcode.com/problems/binary-tree-zigzag-level-order-traversal
Flipkart,First Missing Positive,58.7,https://leetcode.com/problems/first-missing-positive
Flipkart,Candy,51.6,https://leetcode.com/problems/candy
Flipkart,Merge Intervals,51.6,https://leetcode.com/problems/merge-intervals
Flipkart,Open the Lock,51.6,https://leetcode.com/problems/open-the-lock
Flipkart,Cherry Pickup,51.6,https://leetcode.com/problems/cherry-pickup
Flipkart,Maximum Performance of a Team,51.6,https://leetcode.com/problems/maximum-performance-of-a-team
Flipkart,Number of Students Unable to Eat Lunch,51.6,https://leetcode.com/problems/number-of-students-unable-to-eat-lunch
Flipkart,Next Greater Element I,51.6,https://leetcode.com/problems/next-greater-element-i
Flipkart,House Robber,51.6,https://leetcode.com/problems/house-robber
Flipkart,Rank Teams by Votes,51.6,https://leetcode.com/problems/rank-teams-by-votes
Flipkart,Cut Off Trees for Golf Event,51.6,https://leetcode.com/problems/cut-off-trees-for-golf-event
Flipkart,Search in Rotated Sorted Array,51.6,https://leetcode.com/problems/search-in-rotated-sorted-array
Flipkart,Reconstruct Itinerary,51.6,https://leetcode.com/problems/reconstruct-itinerary
Flipkart,Jump Game,51.6,https://leetcode.com/problems/jump-game
Flipkart,Remove Duplicates from Sorted Array,51.6,https://leetcode.com/problems/remove-duplicates-from-sorted-array
Flipkart,Find Peak Element,51.6,https://leetcode.com/problems/find-peak-element
Flipkart,Maximal Rectangle,51.6,https://leetcode.com/problems/maximal-rectangle
Flipkart,Lowest Common Ancestor of a Binary Tree,51.6,https://leetcode.com/problems/lowest-common-ancestor-of-a-binary-tree
Flipkart,Word Break,51.6,https://leetcode.com/problems/word-break
Flipkart,Amount of Time for Binary Tree to Be Infected,51.6,https://leetcode.com/problems/amount-of-time-for-binary-tree-to-be-infected
Flipkart,Copy List with Random Pointer,51.6,https://leetcode.com/problems/copy-list-with-random-pointer
Flipkart,Predict the Winner,51.6,https://leetcode.com/problems/predict-the-winner
Flipkart,01 Matrix,51.6,https://leetcode.com/problems/01-matrix
Flipkart,3Sum,51.6,https://leetcode.com/problems/3sum
Flipkart,Unique Paths II,41.7,https://leetcode.com/problems/unique-paths-ii
Flipkart,Surrounded Regions,41.7,https://leetcode.com/problems/surrounded-regions
Flipkart,Best Time to Buy and Sell Stock,41.7,https://leetcode.com/problems/best-time-to-buy-and-sell-stock
Flipkart,Populating Next Right Pointers in Each Node,41.7,https://leetcode.com/problems/populating-next-right-pointers-in-each-node
Flipkart,Majority Element,41.7,https://leetcode.com/problems/majority-element
Flipkart,Same Tree,41.7,https://leetcode.com/problems/same-tree
Flipkart,Longest Consecutive Sequence,41.7,https://leetcode.com/problems/longest-consecutive-sequence
Flipkart,Jump Game II,41.7,https://leetcode.com/problems/jump-game-ii
Flipkart,Longest String Chain,41.7,https://leetcode.com/problems/longest-string-chain
Flipkart,All Nodes Distance K in Binary Tree,41.7,https://leetcode.com/problems/all-nodes-distance-k-in-binary-tree
Flipkart,Filling Bookcase Shelves,41.7,https://leetcode.com/problems/filling-bookcase-shelves
Flipkart,Path Sum II,41.7,https://leetcode.com/problems/path-sum-ii
Flipkart,Longest Repeating Character Replacement,41.7,https://leetcode.com/problems/longest-repeating-character-replacement
Flipkart,Daily Temperatures,41.7,https://leetcode.com/problems/daily-temperatures
Flipkart,Rotate Array,41.7,https://leetcode.com/problems/rotate-array
Flipkart,Minimum Number of Refueling Stops,41.7,https://leetcode.com/problems/minimum-number-of-refueling-stops
Flipkart,Car Pooling,41.7,https://leetcode.com/problems/car-pooling
Flipkart,Maximum Sum Circular Subarray,41.7,https://leetcode.com/problems/maximum-sum-circular-subarray
Flipkart,Minimum Area Rectangle,41.7,https://leetcode.com/problems/minimum-area-rectangle
Flipkart,Sliding Window Median,41.7,https://leetcode.com/problems/sliding-window-median
Flipkart,Minimum Number of Arrows to Burst Balloons,41.7,https://leetcode.com/problems/minimum-number-of-arrows-to-burst-balloons
Flipkart,Minimum Cost For Tickets,41.7,https://leetcode.com/problems/minimum-cost-for-tickets
Flipkart,Path Sum III,41.7,https://leetcode.com/problems/path-sum-iii
Flipkart,Last Stone Weight,41.7,https://leetcode.com/problems/last-stone-weight
Flipkart,Patching Array,41.7,https://leetcode.com/problems/patching-array
Flipkart,Course Schedule III,41.7,https://leetcode.com/problems/course-schedule-iii
Flipkart,Minimum Number of Taps to Open to Water a Garden,41.7,https://leetcode.com/problems/minimum-number-of-taps-to-open-to-water-a-garden
Flipkart,Sliding Window Maximum,41.7,https://leetcode.com/problems/sliding-window-maximum
Flipkart,Maximum Running Time of N Computers,41.7,https://leetcode.com/problems/maximum-running-time-of-n-computers
Flipkart,Crawler Log Folder,41.7,https://leetcode.com/problems/crawler-log-folder
Flipkart,Furthest Building You Can Reach,41.7,https://leetcode.com/problems/furthest-building-you-can-reach
Flipkart,Kth Largest Element in an Array,41.7,https://leetcode.com/problems/kth-largest-element-in-an-array
Flipkart,Binary Tree Right Side View,41.7,https://leetcode.com/problems/binary-tree-right-side-view
Flipkart,Put Marbles in Bags,41.7,https://leetcode.com/problems/put-marbles-in-bags
Fortinet,Construct String With Repeat Limit,100,https://leetcode.com/problems/construct-string-with-repeat-limit
Fortinet,Percentage of Users Attended a Contest,88.6,https://leetcode.com/problems/percentage-of-users-attended-a-contest
Fortinet,Number of Ways to Paint N × 3 Grid,88.6,https://leetcode.com/problems/number-of-ways-to-paint-n-3-grid
Fortinet,Valid Palindrome II,88.6,https://leetcode.com/problems/valid-palindrome-ii
fourkites,Longest Unequal Adjacent Groups Subsequence II,100,https://leetcode.com/problems/longest-unequal-adjacent-groups-subsequence-ii
fourkites,Longest Subarray With Maximum Bitwise AND,100,https://leetcode.com/problems/longest-subarray-with-maximum-bitwise-and
fourkites,Longest Unequal Adjacent Groups Subsequence I,100,https://leetcode.com/problems/longest-unequal-adjacent-groups-subsequence-i
FPT,Find Three Consecutive Integers That Sum to a Given Number,100,https://leetcode.com/problems/find-three-consecutive-integers-that-sum-to-a-given-number
FPT,Two Sum,66.6,https://leetcode.com/problems/two-sum
FPT,Best Time to Buy and Sell Stock,66.6,https://leetcode.com/problems/best-time-to-buy-and-sell-stock
FPT,Palindrome Number,66.6,https://leetcode.com/problems/palindrome-number
Freecharge,Gas Station,100,https://leetcode.com/problems/gas-station
Freecharge,LRU Cache,100,https://leetcode.com/problems/lru-cache
Freecharge,Longest Substring Without Repeating Characters,89.1,https://leetcode.com/problems/longest-substring-without-repeating-characters
FreshWorks,Longest Substring Without Repeating Characters,100,https://leetcode.com/problems/longest-substring-without-repeating-characters
FreshWorks,Valid Parentheses,100,https://leetcode.com/problems/valid-parentheses
FreshWorks,Two Sum,100,https://leetcode.com/problems/two-sum
FreshWorks,Letter Combinations of a Phone Number,87.8,https://leetcode.com/problems/letter-combinations-of-a-phone-number
FreshWorks,Best Time to Buy and Sell Stock,87.8,https://leetcode.com/problems/best-time-to-buy-and-sell-stock
FreshWorks,Find Minimum in Rotated Sorted Array,87.8,https://leetcode.com/problems/find-minimum-in-rotated-sorted-array
FreshWorks,Maximum Product of Three Numbers,87.8,https://leetcode.com/problems/maximum-product-of-three-numbers
FreshWorks,LRU Cache,87.8,https://leetcode.com/problems/lru-cache
FreshWorks,Word Search,87.8,https://leetcode.com/problems/word-search
Gameskraft,Maximize Sum of Weights after Edge Removals,100,https://leetcode.com/problems/maximize-sum-of-weights-after-edge-removals
Gameskraft,IPO,65.7,https://leetcode.com/problems/ipo
Gameskraft,LFU Cache,65.7,https://leetcode.com/problems/lfu-cache
Gameskraft,Sliding Window Maximum,65.7,https://leetcode.com/problems/sliding-window-maximum
Garmin,Best Time to Buy and Sell Stock,100,https://leetcode.com/problems/best-time-to-buy-and-sell-stock
Garmin,Minimum Cost of Buying Candies With Discount,100,https://leetcode.com/problems/minimum-cost-of-buying-candies-with-discount
Garmin,Reverse String,89.2,https://leetcode.com/problems/reverse-string
Garmin,Delete Columns to Make Sorted,89.2,https://leetcode.com/problems/delete-columns-to-make-sorted
Garmin,Palindrome Number,89.2,https://leetcode.com/problems/palindrome-number
Garmin,Two Sum,89.2,https://leetcode.com/problems/two-sum
GE Digital,Degree of an Array,100,https://leetcode.com/problems/degree-of-an-array
GE Digital,Minimum Cost to Set Cooking Time,75.5,https://leetcode.com/problems/minimum-cost-to-set-cooking-time
GE Digital,Minimum Remove to Make Valid Parentheses,67.3,https://leetcode.com/problems/minimum-remove-to-make-valid-parentheses
GE Healthcare,Concatenation of Array,100,https://leetcode.com/problems/concatenation-of-array
GE Healthcare,Evaluate Division,95.1,https://leetcode.com/problems/evaluate-division
GE Healthcare,Valid Parentheses,84.9,https://leetcode.com/problems/valid-parentheses
GE Healthcare,Lowest Common Ancestor of a Binary Tree,73.8,https://leetcode.com/problems/lowest-common-ancestor-of-a-binary-tree
GE Healthcare,Number of Visible People in a Queue,64.9,https://leetcode.com/problems/number-of-visible-people-in-a-queue
GE Healthcare,Car Fleet,64.9,https://leetcode.com/problems/car-fleet
GE Healthcare,Employee Free Time,64.9,https://leetcode.com/problems/employee-free-time
Geico,Maximum Number of Potholes That Can Be Fixed,100,https://leetcode.com/problems/maximum-number-of-potholes-that-can-be-fixed
Geico,Largest Palindromic Number,100,https://leetcode.com/problems/largest-palindromic-number
Geico,Number of Steps to Reduce a Number in Binary Representation to One,89.4,https://leetcode.com/problems/number-of-steps-to-reduce-a-number-in-binary-representation-to-one
Geico,Integer to Roman,89.4,https://leetcode.com/problems/integer-to-roman
Geico,Valid Sudoku,81.5,https://leetcode.com/problems/valid-sudoku
Geico,Coin Change,81.5,https://leetcode.com/problems/coin-change
Geico,Best Time to Buy and Sell Stock with Cooldown,81.5,https://leetcode.com/problems/best-time-to-buy-and-sell-stock-with-cooldown
Geico,First Missing Positive,76.2,https://leetcode.com/problems/first-missing-positive
Geico,Number of Spaces Cleaning Robot Cleaned,76.2,https://leetcode.com/problems/number-of-spaces-cleaning-robot-cleaned
Geico,Path with Maximum Gold,69.5,https://leetcode.com/problems/path-with-maximum-gold
Geico,Longest Happy String,69.5,https://leetcode.com/problems/longest-happy-string
Geico,Boundary of Binary Tree,69.5,https://leetcode.com/problems/boundary-of-binary-tree
Geico,Minimum Number of Food Buckets to Feed the Hamsters,69.5,https://leetcode.com/problems/minimum-number-of-food-buckets-to-feed-the-hamsters
Geico,Count of Smaller Numbers After Self,60,https://leetcode.com/problems/count-of-smaller-numbers-after-self
Geico,Decode String,60,https://leetcode.com/problems/decode-string
Geico,Roman to Integer,60,https://leetcode.com/problems/roman-to-integer
Geico,Minimum Moves to Spread Stones Over Grid,60,https://leetcode.com/problems/minimum-moves-to-spread-stones-over-grid
Geico,Best Time to Buy and Sell Stock II,60,https://leetcode.com/problems/best-time-to-buy-and-sell-stock-ii
Geico,Cinema Seat Allocation,60,https://leetcode.com/problems/cinema-seat-allocation
Geico,Remove All Adjacent Duplicates In String,60,https://leetcode.com/problems/remove-all-adjacent-duplicates-in-string
General Motors,Number of Connected Components in an Undirected Graph,100,https://leetcode.com/problems/number-of-connected-components-in-an-undirected-graph
General Motors,First Missing Positive,64.4,https://leetcode.com/problems/first-missing-positive
General Motors,Minimum Path Sum,64.4,https://leetcode.com/problems/minimum-path-sum
General Motors,LRU Cache,56.8,https://leetcode.com/problems/lru-cache
General Motors,The Number of Full Rounds You Have Played,56.8,https://leetcode.com/problems/the-number-of-full-rounds-you-have-played
General Motors,Last Visited Integers,56.8,https://leetcode.com/problems/last-visited-integers
General Motors,Widest Vertical Area Between Two Points Containing No Points,56.8,https://leetcode.com/problems/widest-vertical-area-between-two-points-containing-no-points
General Motors,Dot Product of Two Sparse Vectors,56.8,https://leetcode.com/problems/dot-product-of-two-sparse-vectors
Genpact,Design Authentication Manager,100,https://leetcode.com/problems/design-authentication-manager
Genpact,Second Highest Salary,78.9,https://leetcode.com/problems/second-highest-salary
Genpact,Missing Number,78.9,https://leetcode.com/problems/missing-number
Gojek,Binary Tree Level Order Traversal,100,https://leetcode.com/problems/binary-tree-level-order-traversal
Gojek,Simplify Path,100,https://leetcode.com/problems/simplify-path
Gojek,Sliding Window Maximum,100,https://leetcode.com/problems/sliding-window-maximum
Gojek,Convert an Array Into a 2D Array With Conditions,89.9,https://leetcode.com/problems/convert-an-array-into-a-2d-array-with-conditions
Gojek,3Sum,89.9,https://leetcode.com/problems/3sum
Goldman Sachs,Trapping Rain Water,100,https://leetcode.com/problems/trapping-rain-water
Goldman Sachs,Median of Two Sorted Arrays,79.9,https://leetcode.com/problems/median-of-two-sorted-arrays
Goldman Sachs,First Unique Character in a String,77.8,https://leetcode.com/problems/first-unique-character-in-a-string
Goldman Sachs,Fraction to Recurring Decimal,76.5,https://leetcode.com/problems/fraction-to-recurring-decimal
Goldman Sachs,Best Time to Buy and Sell Stock,64.2,https://leetcode.com/problems/best-time-to-buy-and-sell-stock
Goldman Sachs,Number of Islands,63.6,https://leetcode.com/problems/number-of-islands
Goldman Sachs,Minimum Path Sum,62.4,https://leetcode.com/problems/minimum-path-sum
Goldman Sachs,String Compression,61.1,https://leetcode.com/problems/string-compression
Goldman Sachs,Two Sum,59.7,https://leetcode.com/problems/two-sum
Goldman Sachs,LRU Cache,59.7,https://leetcode.com/problems/lru-cache
Goldman Sachs,Group Anagrams,58.9,https://leetcode.com/problems/group-anagrams
Goldman Sachs,Find Minimum in Rotated Sorted Array,58.9,https://leetcode.com/problems/find-minimum-in-rotated-sorted-array
Goldman Sachs,Container With Most Water,58.9,https://leetcode.com/problems/container-with-most-water
Goldman Sachs,Decode Ways,56.4,https://leetcode.com/problems/decode-ways
Goldman Sachs,Longest Substring Without Repeating Characters,55.5,https://leetcode.com/problems/longest-substring-without-repeating-characters
Goldman Sachs,Search in Rotated Sorted Array,55.5,https://leetcode.com/problems/search-in-rotated-sorted-array
Goldman Sachs,Minimize the Maximum of Two Arrays,53.5,https://leetcode.com/problems/minimize-the-maximum-of-two-arrays
Goldman Sachs,Best Time to Buy and Sell Stock II,52.4,https://leetcode.com/problems/best-time-to-buy-and-sell-stock-ii
Goldman Sachs,Kth Largest Element in an Array,51.2,https://leetcode.com/problems/kth-largest-element-in-an-array
Goldman Sachs,Valid Arrangement of Pairs,50,https://leetcode.com/problems/valid-arrangement-of-pairs
Goldman Sachs,Merge Intervals,48.6,https://leetcode.com/problems/merge-intervals
Goldman Sachs,Construct Smallest Number From DI String,48.6,https://leetcode.com/problems/construct-smallest-number-from-di-string
Goldman Sachs,Longest Palindromic Substring,48.6,https://leetcode.com/problems/longest-palindromic-substring
Goldman Sachs,Power of Three,48.6,https://leetcode.com/problems/power-of-three
Goldman Sachs,Longest Increasing Subsequence,48.6,https://leetcode.com/problems/longest-increasing-subsequence
Goldman Sachs,Maximum Subarray,48.6,https://leetcode.com/problems/maximum-subarray
Goldman Sachs,Minimum Cost Homecoming of a Robot in a Grid,47.2,https://leetcode.com/problems/minimum-cost-homecoming-of-a-robot-in-a-grid
Goldman Sachs,Valid Parentheses,47.2,https://leetcode.com/problems/valid-parentheses
Goldman Sachs,Jump Game,47.2,https://leetcode.com/problems/jump-game
Goldman Sachs,Count Palindromic Subsequences,47.2,https://leetcode.com/problems/count-palindromic-subsequences
Goldman Sachs,Range Product Queries of Powers,47.2,https://leetcode.com/problems/range-product-queries-of-powers
Goldman Sachs,Keep Multiplying Found Values by Two,45.6,https://leetcode.com/problems/keep-multiplying-found-values-by-two
Goldman Sachs,Count Number of Texts,45.6,https://leetcode.com/problems/count-number-of-texts
Goldman Sachs,Find All Good Indices,45.6,https://leetcode.com/problems/find-all-good-indices
Goldman Sachs,Sliding Window Maximum,45.6,https://leetcode.com/problems/sliding-window-maximum
Goldman Sachs,Successful Pairs of Spells and Potions,45.6,https://leetcode.com/problems/successful-pairs-of-spells-and-potions
Goldman Sachs,Determine if Two Events Have Conflict,45.6,https://leetcode.com/problems/determine-if-two-events-have-conflict
Goldman Sachs,Search a 2D Matrix,43.8,https://leetcode.com/problems/search-a-2d-matrix
Goldman Sachs,String to Integer (atoi),43.8,https://leetcode.com/problems/string-to-integer-atoi
Goldman Sachs,Product of Array Except Self,43.8,https://leetcode.com/problems/product-of-array-except-self
Goldman Sachs,Subarray Sum Equals K,41.8,https://leetcode.com/problems/subarray-sum-equals-k
Goldman Sachs,House Robber,41.8,https://leetcode.com/problems/house-robber
Goldman Sachs,"Pow(x, n)",41.8,https://leetcode.com/problems/powx-n
Goldman Sachs,Word Search,39.5,https://leetcode.com/problems/word-search
Goldman Sachs,Linked List Cycle,39.5,https://leetcode.com/problems/linked-list-cycle
Goldman Sachs,Next Permutation,39.5,https://leetcode.com/problems/next-permutation
Goldman Sachs,Pascal's Triangle,37,https://leetcode.com/problems/pascals-triangle
Goldman Sachs,Find Peak Element,37,https://leetcode.com/problems/find-peak-element
Goldman Sachs,Climbing Stairs,37,https://leetcode.com/problems/climbing-stairs
Goldman Sachs,Sqrt(x),37,https://leetcode.com/problems/sqrtx
Goldman Sachs,Missing Number,37,https://leetcode.com/problems/missing-number
Goldman Sachs,Minimum Size Subarray Sum,37,https://leetcode.com/problems/minimum-size-subarray-sum
Goldman Sachs,Insert Delete GetRandom O(1),37,https://leetcode.com/problems/insert-delete-getrandom-o1
Goldman Sachs,Top K Frequent Elements,33.9,https://leetcode.com/problems/top-k-frequent-elements
Goldman Sachs,Maximum Product Subarray,33.9,https://leetcode.com/problems/maximum-product-subarray
Goldman Sachs,Gas Station,33.9,https://leetcode.com/problems/gas-station
Goldman Sachs,Minimum Number of Arrows to Burst Balloons,33.9,https://leetcode.com/problems/minimum-number-of-arrows-to-burst-balloons
Goldman Sachs,Find Median from Data Stream,30.2,https://leetcode.com/problems/find-median-from-data-stream
Goldman Sachs,Maximal Square,30.2,https://leetcode.com/problems/maximal-square
Goldman Sachs,Decode String,30.2,https://leetcode.com/problems/decode-string
Goldman Sachs,Maximum XOR of Two Numbers in an Array,30.2,https://leetcode.com/problems/maximum-xor-of-two-numbers-in-an-array
Goldman Sachs,Next Greater Element I,30.2,https://leetcode.com/problems/next-greater-element-i
Goldman Sachs,Best Time to Buy and Sell Stock IV,30.2,https://leetcode.com/problems/best-time-to-buy-and-sell-stock-iv
Goldman Sachs,Pascal's Triangle II,30.2,https://leetcode.com/problems/pascals-triangle-ii
Goldman Sachs,Set Matrix Zeroes,30.2,https://leetcode.com/problems/set-matrix-zeroes
Goldman Sachs,Letter Combinations of a Phone Number,30.2,https://leetcode.com/problems/letter-combinations-of-a-phone-number
Goldman Sachs,N-Queens,30.2,https://leetcode.com/problems/n-queens
Goldman Sachs,Merge Two Sorted Lists,30.2,https://leetcode.com/problems/merge-two-sorted-lists
Goldman Sachs,The Skyline Problem,30.2,https://leetcode.com/problems/the-skyline-problem
Goldman Sachs,Spiral Matrix,30.2,https://leetcode.com/problems/spiral-matrix
Goldman Sachs,First Missing Positive,30.2,https://leetcode.com/problems/first-missing-positive
Goldman Sachs,Add Two Numbers,30.2,https://leetcode.com/problems/add-two-numbers
Goldman Sachs,Roman to Integer,30.2,https://leetcode.com/problems/roman-to-integer
Goldman Sachs,Count Number of Pairs With Absolute Difference K,30.2,https://leetcode.com/problems/count-number-of-pairs-with-absolute-difference-k
Goldman Sachs,Candy,30.2,https://leetcode.com/problems/candy
Goldman Sachs,Next Greater Element III,25.5,https://leetcode.com/problems/next-greater-element-iii
Goldman Sachs,Fraction Addition and Subtraction,25.5,https://leetcode.com/problems/fraction-addition-and-subtraction
Goldman Sachs,3Sum,25.5,https://leetcode.com/problems/3sum
Goldman Sachs,Permutations,25.5,https://leetcode.com/problems/permutations
Goldman Sachs,Amount of Time for Binary Tree to Be Infected,25.5,https://leetcode.com/problems/amount-of-time-for-binary-tree-to-be-infected
Goldman Sachs,Reverse String,25.5,https://leetcode.com/problems/reverse-string
Goldman Sachs,Integer to Roman,25.5,https://leetcode.com/problems/integer-to-roman
Goldman Sachs,Longest Substring with At Most K Distinct Characters,25.5,https://leetcode.com/problems/longest-substring-with-at-most-k-distinct-characters
Goldman Sachs,Permutation in String,25.5,https://leetcode.com/problems/permutation-in-string
Goldman Sachs,Reorder List,25.5,https://leetcode.com/problems/reorder-list
Goldman Sachs,Intersection of Two Linked Lists,25.5,https://leetcode.com/problems/intersection-of-two-linked-lists
Goldman Sachs,Find the Duplicate Number,25.5,https://leetcode.com/problems/find-the-duplicate-number
Goldman Sachs,Largest Number,25.5,https://leetcode.com/problems/largest-number
Goldman Sachs,Valid Anagram,25.5,https://leetcode.com/problems/valid-anagram
Goldman Sachs,Rotate Array,25.5,https://leetcode.com/problems/rotate-array
Goldman Sachs,Rotate Image,25.5,https://leetcode.com/problems/rotate-image
Goldman Sachs,Jump Game II,19.1,https://leetcode.com/problems/jump-game-ii
Goldman Sachs,Valid Sudoku,19.1,https://leetcode.com/problems/valid-sudoku
Goldman Sachs,Contains Duplicate II,19.1,https://leetcode.com/problems/contains-duplicate-ii
Goldman Sachs,Unique Paths,19.1,https://leetcode.com/problems/unique-paths
Goldman Sachs,Merge Sorted Array,19.1,https://leetcode.com/problems/merge-sorted-array
Goldman Sachs,Query Kth Smallest Trimmed Number,19.1,https://leetcode.com/problems/query-kth-smallest-trimmed-number
Goldman Sachs,Remove Duplicate Letters,19.1,https://leetcode.com/problems/remove-duplicate-letters
Goldman Sachs,Zigzag Conversion,19.1,https://leetcode.com/problems/zigzag-conversion
Goldman Sachs,Interleaving String,19.1,https://leetcode.com/problems/interleaving-string
Google,Two Sum,100,https://leetcode.com/problems/two-sum
Google,Add Two Numbers,75.2,https://leetcode.com/problems/add-two-numbers
Google,Trapping Rain Water,73.7,https://leetcode.com/problems/trapping-rain-water
Google,Median of Two Sorted Arrays,73.2,https://leetcode.com/problems/median-of-two-sorted-arrays
Google,Longest Substring Without Repeating Characters,70.1,https://leetcode.com/problems/longest-substring-without-repeating-characters
Google,Longest Common Prefix,70,https://leetcode.com/problems/longest-common-prefix
Google,Valid Parentheses,66.7,https://leetcode.com/problems/valid-parentheses
Google,Longest Consecutive Sequence,66.2,https://leetcode.com/problems/longest-consecutive-sequence
Google,Maximum Subarray,63.1,https://leetcode.com/problems/maximum-subarray
Google,Rotate Image,57.8,https://leetcode.com/problems/rotate-image
Google,Search in Rotated Sorted Array,57.7,https://leetcode.com/problems/search-in-rotated-sorted-array
Google,Reverse Linked List,56.7,https://leetcode.com/problems/reverse-linked-list
Google,4Sum,56.4,https://leetcode.com/problems/4sum
Google,Jump Game,55.8,https://leetcode.com/problems/jump-game
Google,Group Anagrams,55.4,https://leetcode.com/problems/group-anagrams
Google,Find Median from Data Stream,55.4,https://leetcode.com/problems/find-median-from-data-stream
Google,Pascal's Triangle,55.4,https://leetcode.com/problems/pascals-triangle
Google,Single Number,55.4,https://leetcode.com/problems/single-number
Google,Find the Index of the First Occurrence in a String,54.3,https://leetcode.com/problems/find-the-index-of-the-first-occurrence-in-a-string
Google,Maximal Rectangle,54.3,https://leetcode.com/problems/maximal-rectangle
Google,Valid Anagram,51.4,https://leetcode.com/problems/valid-anagram
Google,First Missing Positive,51.2,https://leetcode.com/problems/first-missing-positive
Google,Jump Game II,50.9,https://leetcode.com/problems/jump-game-ii
Google,Add Binary,50.4,https://leetcode.com/problems/add-binary
Google,Text Justification,48.6,https://leetcode.com/problems/text-justification
Google,Insert Interval,47.3,https://leetcode.com/problems/insert-interval
Google,Maximum Product Subarray,45.5,https://leetcode.com/problems/maximum-product-subarray
Google,String to Integer (atoi),43.9,https://leetcode.com/problems/string-to-integer-atoi
Google,Same Tree,43.5,https://leetcode.com/problems/same-tree
Google,Search a 2D Matrix,43.5,https://leetcode.com/problems/search-a-2d-matrix
Google,Isomorphic Strings,43.1,https://leetcode.com/problems/isomorphic-strings
Google,3Sum Closest,43.1,https://leetcode.com/problems/3sum-closest
Google,Wildcard Matching,43.1,https://leetcode.com/problems/wildcard-matching
Google,Find the Duplicate Number,43.1,https://leetcode.com/problems/find-the-duplicate-number
Google,Contains Duplicate II,42.2,https://leetcode.com/problems/contains-duplicate-ii
Google,Missing Number,42.2,https://leetcode.com/problems/missing-number
Google,Symmetric Tree,41.7,https://leetcode.com/problems/symmetric-tree
Google,Minimum Path Sum,40.7,https://leetcode.com/problems/minimum-path-sum
Google,Kth Smallest Element in a BST,40.2,https://leetcode.com/problems/kth-smallest-element-in-a-bst
Google,Copy List with Random Pointer,39.2,https://leetcode.com/problems/copy-list-with-random-pointer
Google,Number of Islands II,38.6,https://leetcode.com/problems/number-of-islands-ii
Google,Clone Graph,38.6,https://leetcode.com/problems/clone-graph
Google,Integer to Roman,38,https://leetcode.com/problems/integer-to-roman
Google,Shortest Palindrome,38,https://leetcode.com/problems/shortest-palindrome
Google,Flatten Binary Tree to Linked List,37.4,https://leetcode.com/problems/flatten-binary-tree-to-linked-list
Google,Group Shifted Strings,35.4,https://leetcode.com/problems/group-shifted-strings
Google,Word Search II,34.7,https://leetcode.com/problems/word-search-ii
Google,Binary Tree Right Side View,34.7,https://leetcode.com/problems/binary-tree-right-side-view
Google,Subsets II,34.7,https://leetcode.com/problems/subsets-ii
Google,The Skyline Problem,33.2,https://leetcode.com/problems/the-skyline-problem
Google,Implement Stack using Queues,33.2,https://leetcode.com/problems/implement-stack-using-queues
Google,Best Time to Buy and Sell Stock with Cooldown,33.2,https://leetcode.com/problems/best-time-to-buy-and-sell-stock-with-cooldown
Google,Missing Ranges,32.4,https://leetcode.com/problems/missing-ranges
Google,Graph Valid Tree,32.4,https://leetcode.com/problems/graph-valid-tree
Google,Second Highest Salary,31.5,https://leetcode.com/problems/second-highest-salary
Google,Basic Calculator II,30.6,https://leetcode.com/problems/basic-calculator-ii
Google,Game of Life,30.6,https://leetcode.com/problems/game-of-life
Google,Fraction to Recurring Decimal,30.6,https://leetcode.com/problems/fraction-to-recurring-decimal
Google,Number of Digit One,30.6,https://leetcode.com/problems/number-of-digit-one
Google,Walls and Gates,29.6,https://leetcode.com/problems/walls-and-gates
Google,Binary Tree Paths,29.6,https://leetcode.com/problems/binary-tree-paths
Google,Wiggle Sort,27.5,https://leetcode.com/problems/wiggle-sort
Google,Best Time to Buy and Sell Stock IV,27.5,https://leetcode.com/problems/best-time-to-buy-and-sell-stock-iv
Google,3Sum Smaller,27.5,https://leetcode.com/problems/3sum-smaller
Google,Combinations,26.4,https://leetcode.com/problems/combinations
Google,Lowest Common Ancestor of a Binary Search Tree,26.4,https://leetcode.com/problems/lowest-common-ancestor-of-a-binary-search-tree
Google,Read N Characters Given read4 II - Call Multiple Times,26.4,https://leetcode.com/problems/read-n-characters-given-read4-ii-call-multiple-times
Google,Paint Fence,25.1,https://leetcode.com/problems/paint-fence
Google,Longest Substring with At Most Two Distinct Characters,25.1,https://leetcode.com/problems/longest-substring-with-at-most-two-distinct-characters
Google,Flip Game,25.1,https://leetcode.com/problems/flip-game
Google,Binary Tree Postorder Traversal,25.1,https://leetcode.com/problems/binary-tree-postorder-traversal
Google,Strobogrammatic Number,25.1,https://leetcode.com/problems/strobogrammatic-number
Google,Zigzag Iterator,25.1,https://leetcode.com/problems/zigzag-iterator
Google,Spiral Matrix II,23.8,https://leetcode.com/problems/spiral-matrix-ii
Google,Peeking Iterator,23.8,https://leetcode.com/problems/peeking-iterator
Google,Department Top Three Salaries,23.8,https://leetcode.com/problems/department-top-three-salaries
Google,Closest Binary Search Tree Value II,23.8,https://leetcode.com/problems/closest-binary-search-tree-value-ii
Google,Flatten 2D Vector,23.8,https://leetcode.com/problems/flatten-2d-vector
Google,Unique Word Abbreviation,22.3,https://leetcode.com/problems/unique-word-abbreviation
Google,Flip Game II,22.3,https://leetcode.com/problems/flip-game-ii
Google,Palindrome Permutation,22.3,https://leetcode.com/problems/palindrome-permutation
Google,Scramble String,20.8,https://leetcode.com/problems/scramble-string
Google,Insertion Sort List,20.8,https://leetcode.com/problems/insertion-sort-list
Google,Factorial Trailing Zeroes,20.8,https://leetcode.com/problems/factorial-trailing-zeroes
Google,Remove Duplicates from Sorted List II,20.8,https://leetcode.com/problems/remove-duplicates-from-sorted-list-ii
Google,Populating Next Right Pointers in Each Node,19,https://leetcode.com/problems/populating-next-right-pointers-in-each-node
Google,Word Pattern,19,https://leetcode.com/problems/word-pattern
Google,N-Queens II,19,https://leetcode.com/problems/n-queens-ii
Google,Minimum Depth of Binary Tree,19,https://leetcode.com/problems/minimum-depth-of-binary-tree
Google,Bitwise AND of Numbers Range,17.1,https://leetcode.com/problems/bitwise-and-of-numbers-range
Google,Rank Scores,14.9,https://leetcode.com/problems/rank-scores
Google,Valid Number,12.5,https://leetcode.com/problems/valid-number
Google,Read N Characters Given Read4,12.5,https://leetcode.com/problems/read-n-characters-given-read4
Google,Gray Code,12.5,https://leetcode.com/problems/gray-code
Google,Remove Invalid Parentheses,12.5,https://leetcode.com/problems/remove-invalid-parentheses
Google,Find Minimum in Rotated Sorted Array II,12.5,https://leetcode.com/problems/find-minimum-in-rotated-sorted-array-ii
Google,Find the Celebrity,9.8,https://leetcode.com/problems/find-the-celebrity
Google,Range Sum Query - Mutable,5,https://leetcode.com/problems/range-sum-query-mutable
Google,Binary Tree Level Order Traversal II,5,https://leetcode.com/problems/binary-tree-level-order-traversal-ii
Google,Paint House,5,https://leetcode.com/problems/paint-house
Grab,Minimum Cost For Tickets,100,https://leetcode.com/problems/minimum-cost-for-tickets
Grab,Adding Two Negabinary Numbers,100,https://leetcode.com/problems/adding-two-negabinary-numbers
Grab,Minimum Number of Food Buckets to Feed the Hamsters,100,https://leetcode.com/problems/minimum-number-of-food-buckets-to-feed-the-hamsters
Grab,Reconstruct a 2-Row Binary Matrix,100,https://leetcode.com/problems/reconstruct-a-2-row-binary-matrix
Grab,Two Sum,78.1,https://leetcode.com/problems/two-sum
Grab,Longest Substring Without Repeating Characters,71.3,https://leetcode.com/problems/longest-substring-without-repeating-characters
Grab,Longest Palindromic Substring,71.3,https://leetcode.com/problems/longest-palindromic-substring
Grab,LRU Cache,71.3,https://leetcode.com/problems/lru-cache
Grab,Search a 2D Matrix,61.6,https://leetcode.com/problems/search-a-2d-matrix
Grab,Valid Parentheses,61.6,https://leetcode.com/problems/valid-parentheses
Grab,Simplify Path,61.6,https://leetcode.com/problems/simplify-path
Grab,Daily Temperatures,61.6,https://leetcode.com/problems/daily-temperatures
Grab,Number of Steps to Reduce a Number in Binary Representation to One,61.6,https://leetcode.com/problems/number-of-steps-to-reduce-a-number-in-binary-representation-to-one
Grammarly,Merge Intervals,100,https://leetcode.com/problems/merge-intervals
Grammarly,Remove All Adjacent Duplicates In String,93.2,https://leetcode.com/problems/remove-all-adjacent-duplicates-in-string
Grammarly,Remove All Adjacent Duplicates in String II,88,https://leetcode.com/problems/remove-all-adjacent-duplicates-in-string-ii
Grammarly,Insert Delete GetRandom O(1),84.8,https://leetcode.com/problems/insert-delete-getrandom-o1
Grammarly,Generate Parentheses,81.1,https://leetcode.com/problems/generate-parentheses
Grammarly,Repeated DNA Sequences,78.9,https://leetcode.com/problems/repeated-dna-sequences
Grammarly,Vowel Spellchecker,78.9,https://leetcode.com/problems/vowel-spellchecker
Grammarly,Search in Rotated Sorted Array,78.9,https://leetcode.com/problems/search-in-rotated-sorted-array
Grammarly,Perfect Number,76.5,https://leetcode.com/problems/perfect-number
Grammarly,Climbing Stairs,70.5,https://leetcode.com/problems/climbing-stairs
Grammarly,Sqrt(x),70.5,https://leetcode.com/problems/sqrtx
Grammarly,Number of Islands,66.8,https://leetcode.com/problems/number-of-islands
Grammarly,Word Search,66.8,https://leetcode.com/problems/word-search
Grammarly,Backspace String Compare,62.2,https://leetcode.com/problems/backspace-string-compare
Grammarly,Word Break II,62.2,https://leetcode.com/problems/word-break-ii
Grammarly,Implement Trie (Prefix Tree),56.3,https://leetcode.com/problems/implement-trie-prefix-tree
Grammarly,Word Break,56.3,https://leetcode.com/problems/word-break
Grammarly,Logger Rate Limiter,56.3,https://leetcode.com/problems/logger-rate-limiter
Grammarly,Special Binary String,48,https://leetcode.com/problems/special-binary-string
Grammarly,Decode the Slanted Ciphertext,48,https://leetcode.com/problems/decode-the-slanted-ciphertext
Grammarly,Evaluate Reverse Polish Notation,48,https://leetcode.com/problems/evaluate-reverse-polish-notation
Grammarly,Sum of Left Leaves,48,https://leetcode.com/problems/sum-of-left-leaves
Grammarly,Set Mismatch,48,https://leetcode.com/problems/set-mismatch
Grammarly,Maximum Palindromes After Operations,48,https://leetcode.com/problems/maximum-palindromes-after-operations
Grammarly,Clone Graph,48,https://leetcode.com/problems/clone-graph
Grammarly,Trapping Rain Water,48,https://leetcode.com/problems/trapping-rain-water
Grammarly,Unique Paths,48,https://leetcode.com/problems/unique-paths
Graviton,Keys and Rooms,100,https://leetcode.com/problems/keys-and-rooms
Graviton,Course Schedule,100,https://leetcode.com/problems/course-schedule
Graviton,Largest Number,100,https://leetcode.com/problems/largest-number
Graviton,Decode Ways,100,https://leetcode.com/problems/decode-ways
Graviton,01 Matrix,100,https://leetcode.com/problems/01-matrix
Graviton,Binary Tree Cameras,89.5,https://leetcode.com/problems/binary-tree-cameras
Graviton,Collect Coins in a Tree,89.5,https://leetcode.com/problems/collect-coins-in-a-tree
Groupon,Sell Diminishing-Valued Colored Balls,100,https://leetcode.com/problems/sell-diminishing-valued-colored-balls
Groupon,Jump Game II,74.9,https://leetcode.com/problems/jump-game-ii
Groupon,Insert Delete GetRandom O(1),66.5,https://leetcode.com/problems/insert-delete-getrandom-o1
Groupon,Find the Winner of the Circular Game,66.5,https://leetcode.com/problems/find-the-winner-of-the-circular-game
Groww,Minimum Number of Operations to Make X and Y Equal,100,https://leetcode.com/problems/minimum-number-of-operations-to-make-x-and-y-equal
Groww,Best Time to Buy and Sell Stock,73.6,https://leetcode.com/problems/best-time-to-buy-and-sell-stock
Groww,LRU Cache,64.8,https://leetcode.com/problems/lru-cache
Groww,Trapping Rain Water,64.8,https://leetcode.com/problems/trapping-rain-water
Groww,Maximum Good Subarray Sum,64.8,https://leetcode.com/problems/maximum-good-subarray-sum
Groww,Best Time to Buy and Sell Stock II,64.8,https://leetcode.com/problems/best-time-to-buy-and-sell-stock-ii
Groww,Best Time to Buy and Sell Stock III,64.8,https://leetcode.com/problems/best-time-to-buy-and-sell-stock-iii
Groww,Sort Colors,64.8,https://leetcode.com/problems/sort-colors
Grubhub,Merge Intervals,100,https://leetcode.com/problems/merge-intervals
Grubhub,Max Area of Island,100,https://leetcode.com/problems/max-area-of-island
GSA Capital,Total Cost to Hire K Workers,100,https://leetcode.com/problems/total-cost-to-hire-k-workers
GSA Capital,Maximal Square,93.3,https://leetcode.com/problems/maximal-square
GSN Games,Game Play Analysis V,100,https://leetcode.com/problems/game-play-analysis-v
GSN Games,Game Play Analysis I,100,https://leetcode.com/problems/game-play-analysis-i
GSN Games,Game Play Analysis II,100,https://leetcode.com/problems/game-play-analysis-ii
GSN Games,Game Play Analysis III,100,https://leetcode.com/problems/game-play-analysis-iii
GSN Games,Game Play Analysis IV,100,https://leetcode.com/problems/game-play-analysis-iv
Guidewire,Minimum Moves to Spread Stones Over Grid,100,https://leetcode.com/problems/minimum-moves-to-spread-stones-over-grid
Guidewire,Minimum Number of Operations to Sort a Binary Tree by Level,100,https://leetcode.com/problems/minimum-number-of-operations-to-sort-a-binary-tree-by-level
Guidewire,Construct the Longest New String,100,https://leetcode.com/problems/construct-the-longest-new-string
Guidewire,Get Watched Videos by Your Friends,89.3,https://leetcode.com/problems/get-watched-videos-by-your-friends
Guidewire,Kth Largest Element in an Array,89.3,https://leetcode.com/problems/kth-largest-element-in-an-array
Guidewire,Print Words Vertically,89.3,https://leetcode.com/problems/print-words-vertically
Gusto,Time Based Key-Value Store,100,https://leetcode.com/problems/time-based-key-value-store
Gusto,Integer to English Words,88.6,https://leetcode.com/problems/integer-to-english-words
Gusto,Add Bold Tag in String,88.6,https://leetcode.com/problems/add-bold-tag-in-string
Harness,Simplify Path,100,https://leetcode.com/problems/simplify-path
HashedIn,Find Candidates for Data Scientist Position,100,https://leetcode.com/problems/find-candidates-for-data-scientist-position
HashedIn,Maximize Items,100,https://leetcode.com/problems/maximize-items
HashedIn,Maximum Points Inside the Square,100,https://leetcode.com/problems/maximum-points-inside-the-square
HashedIn,Count the Number of Powerful Integers,83,https://leetcode.com/problems/count-the-number-of-powerful-integers
HashedIn,Minimize Length of Array Using Operations,83,https://leetcode.com/problems/minimize-length-of-array-using-operations
HashedIn,Best Time to Buy and Sell Stock,70.5,https://leetcode.com/problems/best-time-to-buy-and-sell-stock
HashedIn,Trapping Rain Water,70.5,https://leetcode.com/problems/trapping-rain-water
HashedIn,Maximum Subarray,70.5,https://leetcode.com/problems/maximum-subarray
HashedIn,3Sum,60.6,https://leetcode.com/problems/3sum
HashedIn,Minimum Time to Repair Cars,60.6,https://leetcode.com/problems/minimum-time-to-repair-cars
HashedIn,Container With Most Water,60.6,https://leetcode.com/problems/container-with-most-water
HashedIn,Group Anagrams,60.6,https://leetcode.com/problems/group-anagrams
HashedIn,Isomorphic Strings,60.6,https://leetcode.com/problems/isomorphic-strings
HashedIn,Edit Distance,60.6,https://leetcode.com/problems/edit-distance
HashedIn,Maximum Product Subarray,60.6,https://leetcode.com/problems/maximum-product-subarray
HashedIn,Chalkboard XOR Game,60.6,https://leetcode.com/problems/chalkboard-xor-game
HashedIn,Number of Islands,60.6,https://leetcode.com/problems/number-of-islands
HashedIn,Beautiful Arrangement,60.6,https://leetcode.com/problems/beautiful-arrangement
HashedIn,Jump Game,60.6,https://leetcode.com/problems/jump-game
HashedIn,Jump Game II,60.6,https://leetcode.com/problems/jump-game-ii
HashedIn,Next Permutation,60.6,https://leetcode.com/problems/next-permutation
HashedIn,Minimum Cost to Make Array Equal,60.6,https://leetcode.com/problems/minimum-cost-to-make-array-equal
HashedIn,Koko Eating Bananas,60.6,https://leetcode.com/problems/koko-eating-bananas
HCL,Valid Parentheses,100,https://leetcode.com/problems/valid-parentheses
HCL,Longest Substring Without Repeating Characters,94,https://leetcode.com/problems/longest-substring-without-repeating-characters
HCL,Merge Sorted Array,86.3,https://leetcode.com/problems/merge-sorted-array
HCL,Longest Common Prefix,75.5,https://leetcode.com/problems/longest-common-prefix
HCL,Group Anagrams,75.5,https://leetcode.com/problems/group-anagrams
HCL,Two Sum,75.5,https://leetcode.com/problems/two-sum
HCL,3Sum,75.5,https://leetcode.com/problems/3sum
HCL,Palindrome Number,75.5,https://leetcode.com/problems/palindrome-number
HCL,Reverse String,75.5,https://leetcode.com/problems/reverse-string
Hertz,Decode String,100,https://leetcode.com/problems/decode-string
Hertz,Brightest Position on Street,90.3,https://leetcode.com/problems/brightest-position-on-street
Highspot,LRU Cache,100,https://leetcode.com/problems/lru-cache
Highspot,Basic Calculator II,100,https://leetcode.com/problems/basic-calculator-ii
HiLabs,Maximize the Number of Partitions After Operations,100,https://leetcode.com/problems/maximize-the-number-of-partitions-after-operations
HiLabs,Water Bottles,67.9,https://leetcode.com/problems/water-bottles
HiLabs,Parsing A Boolean Expression,67.9,https://leetcode.com/problems/parsing-a-boolean-expression
Hive,Trapping Rain Water,100,https://leetcode.com/problems/trapping-rain-water
Hive,Sort an Array,100,https://leetcode.com/problems/sort-an-array
Hiver,Regular Expression Matching,100,https://leetcode.com/problems/regular-expression-matching
Hiver,Maximum Product Subarray,100,https://leetcode.com/problems/maximum-product-subarray
Honeywell,Minimum Distance to the Target Element,100,https://leetcode.com/problems/minimum-distance-to-the-target-element
Honeywell,Count Zero Request Servers,75.5,https://leetcode.com/problems/count-zero-request-servers
Honeywell,Maximum Matrix Sum,67.3,https://leetcode.com/problems/maximum-matrix-sum
Honeywell,Two Sum,67.3,https://leetcode.com/problems/two-sum
Hotstar,Three Equal Parts,100,https://leetcode.com/problems/three-equal-parts
Hotstar,Number of Islands,66.6,https://leetcode.com/problems/number-of-islands
Hotstar,Binary Tree Maximum Path Sum,66.6,https://leetcode.com/problems/binary-tree-maximum-path-sum
Houzz,Remove 9,100,https://leetcode.com/problems/remove-9
Houzz,Basic Calculator III,100,https://leetcode.com/problems/basic-calculator-iii
HP,Minimum Recolors to Get K Consecutive Black Blocks,100,https://leetcode.com/problems/minimum-recolors-to-get-k-consecutive-black-blocks
HP,Minimum Cost Homecoming of a Robot in a Grid,91,https://leetcode.com/problems/minimum-cost-homecoming-of-a-robot-in-a-grid
HP,Longest Palindrome,84.5,https://leetcode.com/problems/longest-palindrome
HPE,Number of Islands,100,https://leetcode.com/problems/number-of-islands
HPE,Longest Substring Without Repeating Characters,100,https://leetcode.com/problems/longest-substring-without-repeating-characters
HPE,Merge Two Sorted Lists,100,https://leetcode.com/problems/merge-two-sorted-lists
HPE,Reverse Words in a String,100,https://leetcode.com/problems/reverse-words-in-a-string
HSBC,Container With Most Water,100,https://leetcode.com/problems/container-with-most-water
HSBC,Pascal's Triangle,100,https://leetcode.com/problems/pascals-triangle
HSBC,Best Time to Buy and Sell Stock,100,https://leetcode.com/problems/best-time-to-buy-and-sell-stock
HSBC,Longest Common Prefix,100,https://leetcode.com/problems/longest-common-prefix
Huawei,Minimum Number of Visited Cells in a Grid,100,https://leetcode.com/problems/minimum-number-of-visited-cells-in-a-grid
Huawei,Maximum Binary String After Change,100,https://leetcode.com/problems/maximum-binary-string-after-change
Huawei,Two Sum,91.4,https://leetcode.com/problems/two-sum
Huawei,Valid Parentheses,83.3,https://leetcode.com/problems/valid-parentheses
Huawei,Decode String,83.3,https://leetcode.com/problems/decode-string
Huawei,Number of Islands,77.9,https://leetcode.com/problems/number-of-islands
Huawei,Generate Parentheses,77.9,https://leetcode.com/problems/generate-parentheses
Huawei,Combination Sum,71,https://leetcode.com/problems/combination-sum
Huawei,Merge Two Sorted Lists,71,https://leetcode.com/problems/merge-two-sorted-lists
Huawei,Longest Palindromic Substring,71,https://leetcode.com/problems/longest-palindromic-substring
Huawei,24 Game,61.3,https://leetcode.com/problems/24-game
Huawei,Largest Number,61.3,https://leetcode.com/problems/largest-number
Huawei,Maximum Subarray,61.3,https://leetcode.com/problems/maximum-subarray
Huawei,Daily Temperatures,61.3,https://leetcode.com/problems/daily-temperatures
Huawei,Maximal Rectangle,61.3,https://leetcode.com/problems/maximal-rectangle
Hubspot,Merge Sorted Array,100,https://leetcode.com/problems/merge-sorted-array
Hubspot,Merge Two Sorted Lists,92.9,https://leetcode.com/problems/merge-two-sorted-lists
Hubspot,Two Sum,87.1,https://leetcode.com/problems/two-sum
Hubspot,Merge Intervals,87.1,https://leetcode.com/problems/merge-intervals
Hubspot,Maximum Number of Occurrences of a Substring,84.7,https://leetcode.com/problems/maximum-number-of-occurrences-of-a-substring
Hubspot,Find the Celebrity,75.1,https://leetcode.com/problems/find-the-celebrity
Hubspot,Meeting Rooms II,70.6,https://leetcode.com/problems/meeting-rooms-ii
Hubspot,Top K Frequent Elements,56.5,https://leetcode.com/problems/top-k-frequent-elements
Hubspot,Merge k Sorted Lists,56.5,https://leetcode.com/problems/merge-k-sorted-lists
Hubspot,Find the K-Sum of an Array,56.5,https://leetcode.com/problems/find-the-k-sum-of-an-array
Hudson River Trading,Detect Pattern of Length M Repeated K or More Times,100,https://leetcode.com/problems/detect-pattern-of-length-m-repeated-k-or-more-times
Hudson River Trading,Add Edges to Make Degrees of All Nodes Even,97.8,https://leetcode.com/problems/add-edges-to-make-degrees-of-all-nodes-even
Hudson River Trading,Longest Path With Different Adjacent Characters,97.8,https://leetcode.com/problems/longest-path-with-different-adjacent-characters
Hudson River Trading,Maximum Total Importance of Roads,97.8,https://leetcode.com/problems/maximum-total-importance-of-roads
Hudson River Trading,Convert Integer to the Sum of Two No-Zero Integers,97.8,https://leetcode.com/problems/convert-integer-to-the-sum-of-two-no-zero-integers
Hudson River Trading,Number of Steps to Reduce a Number to Zero,97.8,https://leetcode.com/problems/number-of-steps-to-reduce-a-number-to-zero
Hudson River Trading,Maximum 69 Number,97.8,https://leetcode.com/problems/maximum-69-number
Hudson River Trading,Maximum Score From Grid Operations,97.8,https://leetcode.com/problems/maximum-score-from-grid-operations
Hudson River Trading,Remove Comments,60.9,https://leetcode.com/problems/remove-comments
Hulu,Number of Valid Subarrays,100,https://leetcode.com/problems/number-of-valid-subarrays
Hulu,Basic Calculator III,100,https://leetcode.com/problems/basic-calculator-iii
Hulu,Binary Tree Pruning,100,https://leetcode.com/problems/binary-tree-pruning
Hulu,Sum of Two Integers,100,https://leetcode.com/problems/sum-of-two-integers
Hulu,K-th Smallest in Lexicographical Order,100,https://leetcode.com/problems/k-th-smallest-in-lexicographical-order
IBM,Exclusive Time of Functions,100,https://leetcode.com/problems/exclusive-time-of-functions
IBM,Integer to Roman,92.9,https://leetcode.com/problems/integer-to-roman
IBM,Fizz Buzz,89.9,https://leetcode.com/problems/fizz-buzz
IBM,Roman to Integer,88.8,https://leetcode.com/problems/roman-to-integer
IBM,Best Time to Buy and Sell Stock,87.7,https://leetcode.com/problems/best-time-to-buy-and-sell-stock
IBM,Two Sum,85.3,https://leetcode.com/problems/two-sum
IBM,Count Ways to Group Overlapping Ranges,85.3,https://leetcode.com/problems/count-ways-to-group-overlapping-ranges
IBM,Meeting Rooms II,82.6,https://leetcode.com/problems/meeting-rooms-ii
IBM,Rotate Image,81.1,https://leetcode.com/problems/rotate-image
IBM,Number of Divisible Triplet Sums,81.1,https://leetcode.com/problems/number-of-divisible-triplet-sums
IBM,Minimum Absolute Difference,81.1,https://leetcode.com/problems/minimum-absolute-difference
IBM,Minimum Operations to Make All Array Elements Equal,81.1,https://leetcode.com/problems/minimum-operations-to-make-all-array-elements-equal
IBM,Minimum Operations to Make Median of Array Equal to K,75.9,https://leetcode.com/problems/minimum-operations-to-make-median-of-array-equal-to-k
IBM,Maximum Profitable Triplets With Increasing Prices I,73.9,https://leetcode.com/problems/maximum-profitable-triplets-with-increasing-prices-i
IBM,Find The First Player to win K Games in a Row,73.9,https://leetcode.com/problems/find-the-first-player-to-win-k-games-in-a-row
IBM,Activity Participants,73.9,https://leetcode.com/problems/activity-participants
IBM,The kth Factor of n,73.9,https://leetcode.com/problems/the-kth-factor-of-n
IBM,Find Products of Elements of Big Array,71.7,https://leetcode.com/problems/find-products-of-elements-of-big-array
IBM,Merge Intervals,71.7,https://leetcode.com/problems/merge-intervals
IBM,Type of Triangle,71.7,https://leetcode.com/problems/type-of-triangle
IBM,Taking Maximum Energy From the Mystic Dungeon,71.7,https://leetcode.com/problems/taking-maximum-energy-from-the-mystic-dungeon
IBM,Find Occurrences of an Element in an Array,71.7,https://leetcode.com/problems/find-occurrences-of-an-element-in-an-array
IBM,Find the Array Concatenation Value,71.7,https://leetcode.com/problems/find-the-array-concatenation-value
IBM,String Compression,71.7,https://leetcode.com/problems/string-compression
IBM,Minimum Levels to Gain More Points,71.7,https://leetcode.com/problems/minimum-levels-to-gain-more-points
IBM,Sort the Students by Their Kth Score,71.7,https://leetcode.com/problems/sort-the-students-by-their-kth-score
IBM,Longest Substring Without Repeating Characters,71.7,https://leetcode.com/problems/longest-substring-without-repeating-characters
IBM,Average Value of Even Numbers That Are Divisible by Three,71.7,https://leetcode.com/problems/average-value-of-even-numbers-that-are-divisible-by-three
IBM,Count the Number of Incremovable Subarrays II,71.7,https://leetcode.com/problems/count-the-number-of-incremovable-subarrays-ii
IBM,Minimum Length of String After Operations,71.7,https://leetcode.com/problems/minimum-length-of-string-after-operations
IBM,Maximum Profitable Triplets With Increasing Prices II,71.7,https://leetcode.com/problems/maximum-profitable-triplets-with-increasing-prices-ii
IBM,Count Vowel Strings in Ranges,71.7,https://leetcode.com/problems/count-vowel-strings-in-ranges
IBM,Maximum Units on a Truck,69.3,https://leetcode.com/problems/maximum-units-on-a-truck
IBM,Longest Common Prefix,69.3,https://leetcode.com/problems/longest-common-prefix
IBM,Get Equal Substrings Within Budget,66.5,https://leetcode.com/problems/get-equal-substrings-within-budget
IBM,Count Binary Substrings,66.5,https://leetcode.com/problems/count-binary-substrings
IBM,Valid Parentheses,66.5,https://leetcode.com/problems/valid-parentheses
IBM,Minimum Suffix Flips,63.5,https://leetcode.com/problems/minimum-suffix-flips
IBM,Letter Combinations of a Phone Number,63.5,https://leetcode.com/problems/letter-combinations-of-a-phone-number
IBM,Maximum Sum of Distinct Subarrays With Length K,63.5,https://leetcode.com/problems/maximum-sum-of-distinct-subarrays-with-length-k
IBM,Numbers With Repeated Digits,63.5,https://leetcode.com/problems/numbers-with-repeated-digits
IBM,Longest Palindromic Substring,59.9,https://leetcode.com/problems/longest-palindromic-substring
IBM,Lexicographically Smallest String After Substring Operation,59.9,https://leetcode.com/problems/lexicographically-smallest-string-after-substring-operation
IBM,Merge Sorted Array,59.9,https://leetcode.com/problems/merge-sorted-array
IBM,Longest Consecutive Sequence,59.9,https://leetcode.com/problems/longest-consecutive-sequence
IBM,Count Pairs Of Similar Strings,55.7,https://leetcode.com/problems/count-pairs-of-similar-strings
IBM,Maximum Subarray,55.7,https://leetcode.com/problems/maximum-subarray
IBM,Shortest and Lexicographically Smallest Beautiful String,55.7,https://leetcode.com/problems/shortest-and-lexicographically-smallest-beautiful-string
IBM,Spiral Matrix,55.7,https://leetcode.com/problems/spiral-matrix
IBM,Number of Divisible Substrings,55.7,https://leetcode.com/problems/number-of-divisible-substrings
IBM,Validate Binary Search Tree,50.6,https://leetcode.com/problems/validate-binary-search-tree
IBM,Smallest Missing Non-negative Integer After Operations,50.6,https://leetcode.com/problems/smallest-missing-non-negative-integer-after-operations
IBM,Subarray Product Less Than K,50.6,https://leetcode.com/problems/subarray-product-less-than-k
IBM,Climbing Stairs,50.6,https://leetcode.com/problems/climbing-stairs
IBM,Divide Players Into Teams of Equal Skill,50.6,https://leetcode.com/problems/divide-players-into-teams-of-equal-skill
IBM,Minimum Swaps to Group All 1's Together II,50.6,https://leetcode.com/problems/minimum-swaps-to-group-all-1s-together-ii
IBM,Group Anagrams,50.6,https://leetcode.com/problems/group-anagrams
IBM,Find Minimum in Rotated Sorted Array,44.1,https://leetcode.com/problems/find-minimum-in-rotated-sorted-array
IBM,Median of Two Sorted Arrays,44.1,https://leetcode.com/problems/median-of-two-sorted-arrays
IBM,Subsets,44.1,https://leetcode.com/problems/subsets
IBM,Find the Index of the First Occurrence in a String,44.1,https://leetcode.com/problems/find-the-index-of-the-first-occurrence-in-a-string
IBM,Subarray Sum Equals K,44.1,https://leetcode.com/problems/subarray-sum-equals-k
IBM,Number of Operations to Make Network Connected,44.1,https://leetcode.com/problems/number-of-operations-to-make-network-connected
IBM,Palindrome Number,44.1,https://leetcode.com/problems/palindrome-number
IBM,Next Permutation,44.1,https://leetcode.com/problems/next-permutation
IBM,Backspace String Compare,44.1,https://leetcode.com/problems/backspace-string-compare
IBM,Trapping Rain Water,44.1,https://leetcode.com/problems/trapping-rain-water
IBM,Odd String Difference,44.1,https://leetcode.com/problems/odd-string-difference
IBM,Single-Threaded CPU,44.1,https://leetcode.com/problems/single-threaded-cpu
IBM,Rotate Array,44.1,https://leetcode.com/problems/rotate-array
IBM,Product of Array Except Self,44.1,https://leetcode.com/problems/product-of-array-except-self
IBM,Longest Increasing Subsequence,44.1,https://leetcode.com/problems/longest-increasing-subsequence
IBM,Flipping an Image,44.1,https://leetcode.com/problems/flipping-an-image
IBM,Flip String to Monotone Increasing,44.1,https://leetcode.com/problems/flip-string-to-monotone-increasing
IBM,Find The Original Array of Prefix Xor,44.1,https://leetcode.com/problems/find-the-original-array-of-prefix-xor
IBM,Intersection of Two Arrays,44.1,https://leetcode.com/problems/intersection-of-two-arrays
IBM,N-Queens,35,https://leetcode.com/problems/n-queens
IBM,Find All Possible Stable Binary Arrays II,35,https://leetcode.com/problems/find-all-possible-stable-binary-arrays-ii
IBM,Removing Stars From a String,35,https://leetcode.com/problems/removing-stars-from-a-string
IBM,Minimum Number of Flips to Make the Binary String Alternating,35,https://leetcode.com/problems/minimum-number-of-flips-to-make-the-binary-string-alternating
IBM,Rearrange Array to Maximize Prefix Score,35,https://leetcode.com/problems/rearrange-array-to-maximize-prefix-score
IBM,Range Product Queries of Powers,35,https://leetcode.com/problems/range-product-queries-of-powers
IBM,Happy Number,35,https://leetcode.com/problems/happy-number
IBM,Degree of an Array,35,https://leetcode.com/problems/degree-of-an-array
IBM,Generate Parentheses,35,https://leetcode.com/problems/generate-parentheses
IBM,LRU Cache,35,https://leetcode.com/problems/lru-cache
IBM,Majority Element,35,https://leetcode.com/problems/majority-element
IBM,Find the Duplicate Number,35,https://leetcode.com/problems/find-the-duplicate-number
IBM,Increasing Triplet Subsequence,35,https://leetcode.com/problems/increasing-triplet-subsequence
IBM,Find Longest Calls,35,https://leetcode.com/problems/find-longest-calls
IBM,Partition Equal Subset Sum,35,https://leetcode.com/problems/partition-equal-subset-sum
IBM,132 Pattern,35,https://leetcode.com/problems/132-pattern
IBM,The Employee That Worked on the Longest Task,35,https://leetcode.com/problems/the-employee-that-worked-on-the-longest-task
IBM,Count Number of Teams,35,https://leetcode.com/problems/count-number-of-teams
IBM,Least Number of Unique Integers after K Removals,35,https://leetcode.com/problems/least-number-of-unique-integers-after-k-removals
IBM,Task Scheduler,35,https://leetcode.com/problems/task-scheduler
IBM,Minimum Operations to Reduce an Integer to 0,35,https://leetcode.com/problems/minimum-operations-to-reduce-an-integer-to-0
IBM,Prime In Diagonal,35,https://leetcode.com/problems/prime-in-diagonal
IBM,Word Break,35,https://leetcode.com/problems/word-break
IBM,Maximum Number of Tasks You Can Assign,35,https://leetcode.com/problems/maximum-number-of-tasks-you-can-assign
IIT Bombay,Score After Flipping Matrix,100,https://leetcode.com/problems/score-after-flipping-matrix
IIT Bombay,Find the Index of the First Occurrence in a String,68.4,https://leetcode.com/problems/find-the-index-of-the-first-occurrence-in-a-string
IMC,Find the Safest Path in a Grid,100,https://leetcode.com/problems/find-the-safest-path-in-a-grid
IMC,Time Taken to Cross the Door,88.4,https://leetcode.com/problems/time-taken-to-cross-the-door
IMC,Asteroid Collision,75.2,https://leetcode.com/problems/asteroid-collision
IMC,Design a Stack With Increment Operation,67.5,https://leetcode.com/problems/design-a-stack-with-increment-operation
IMC,Maximum Side Length of a Square with Sum Less than or Equal to Threshold,67.5,https://leetcode.com/problems/maximum-side-length-of-a-square-with-sum-less-than-or-equal-to-threshold
IMC,Minimum Knight Moves,54.3,https://leetcode.com/problems/minimum-knight-moves
IMC,Shortest Path in a Grid with Obstacles Elimination,54.3,https://leetcode.com/problems/shortest-path-in-a-grid-with-obstacles-elimination
IMC,Min Stack,54.3,https://leetcode.com/problems/min-stack
Indeed,Sum of Even Numbers After Queries,100,https://leetcode.com/problems/sum-of-even-numbers-after-queries
Indeed,Binary Tree Tilt,100,https://leetcode.com/problems/binary-tree-tilt
Indeed,Minimum Cost to Split an Array,100,https://leetcode.com/problems/minimum-cost-to-split-an-array
Indeed,Find Players With Zero or One Losses,100,https://leetcode.com/problems/find-players-with-zero-or-one-losses
Indeed,Minimum Moves to Equal Array Elements,100,https://leetcode.com/problems/minimum-moves-to-equal-array-elements
Indeed,Merge k Sorted Lists,79.3,https://leetcode.com/problems/merge-k-sorted-lists
Indeed,Check if Every Row and Column Contains All Numbers,72.8,https://leetcode.com/problems/check-if-every-row-and-column-contains-all-numbers
INDmoney,Online Stock Span,100,https://leetcode.com/problems/online-stock-span
INDmoney,Count Nodes Equal to Average of Subtree,100,https://leetcode.com/problems/count-nodes-equal-to-average-of-subtree
Info Edge,Find the Minimum and Maximum Number of Nodes Between Critical Points,100,https://leetcode.com/problems/find-the-minimum-and-maximum-number-of-nodes-between-critical-points
Info Edge,Find the Maximum Factor Score of Array,100,https://leetcode.com/problems/find-the-maximum-factor-score-of-array
Info Edge,Count Almost Equal Pairs I,95,https://leetcode.com/problems/count-almost-equal-pairs-i
Info Edge,Two Out of Three,84.5,https://leetcode.com/problems/two-out-of-three
Info Edge,Bus Routes,73.1,https://leetcode.com/problems/bus-routes
Info Edge,Subrectangle Queries,73.1,https://leetcode.com/problems/subrectangle-queries
Info Edge,Longest Palindromic Substring,64.1,https://leetcode.com/problems/longest-palindromic-substring
Informatica,Rotting Oranges,100,https://leetcode.com/problems/rotting-oranges
Informatica,Min Stack,88.8,https://leetcode.com/problems/min-stack
Informatica,Jump Game,88.8,https://leetcode.com/problems/jump-game
Infosys,Two Sum,100,https://leetcode.com/problems/two-sum
Infosys,Find Building Where Alice and Bob Can Meet,94.9,https://leetcode.com/problems/find-building-where-alice-and-bob-can-meet
Infosys,Minimum Reverse Operations,93,https://leetcode.com/problems/minimum-reverse-operations
Infosys,Count the Number of Ideal Arrays,90.9,https://leetcode.com/problems/count-the-number-of-ideal-arrays
Infosys,Transform Array by Parity,88.6,https://leetcode.com/problems/transform-array-by-parity
Infosys,Maximum Sum of Subsequence With Non-adjacent Elements,88.6,https://leetcode.com/problems/maximum-sum-of-subsequence-with-non-adjacent-elements
Infosys,Eat Pizzas!,88.6,https://leetcode.com/problems/eat-pizzas
Infosys,Longest Substring Without Repeating Characters,88.6,https://leetcode.com/problems/longest-substring-without-repeating-characters
Infosys,Determine the Minimum Sum of a k-avoiding Array,86.1,https://leetcode.com/problems/determine-the-minimum-sum-of-a-k-avoiding-array
Infosys,Sort the People,86.1,https://leetcode.com/problems/sort-the-people
Infosys,Number of Beautiful Integers in the Range,86.1,https://leetcode.com/problems/number-of-beautiful-integers-in-the-range
Infosys,Longest Well-Performing Interval,86.1,https://leetcode.com/problems/longest-well-performing-interval
Infosys,Maximum Product After K Increments,86.1,https://leetcode.com/problems/maximum-product-after-k-increments
Infosys,Maximum Segment Sum After Removals,86.1,https://leetcode.com/problems/maximum-segment-sum-after-removals
Infosys,Minimum Total Distance Traveled,86.1,https://leetcode.com/problems/minimum-total-distance-traveled
Infosys,Minimum Addition to Make Integer Beautiful,86.1,https://leetcode.com/problems/minimum-addition-to-make-integer-beautiful
Infosys,Number of Nodes With Value One,86.1,https://leetcode.com/problems/number-of-nodes-with-value-one
Infosys,Can Convert String in K Moves,86.1,https://leetcode.com/problems/can-convert-string-in-k-moves
Infosys,The Number of Beautiful Subsets,86.1,https://leetcode.com/problems/the-number-of-beautiful-subsets
Infosys,Stone Game VIII,86.1,https://leetcode.com/problems/stone-game-viii
Infosys,Maximum Number of Consecutive Values You Can Make,86.1,https://leetcode.com/problems/maximum-number-of-consecutive-values-you-can-make
Infosys,Best Time to Buy and Sell Stock,86.1,https://leetcode.com/problems/best-time-to-buy-and-sell-stock
Infosys,Find the Minimum Possible Sum of a Beautiful Array,86.1,https://leetcode.com/problems/find-the-minimum-possible-sum-of-a-beautiful-array
Infosys,Valid Parentheses,86.1,https://leetcode.com/problems/valid-parentheses
Infosys,Maximize the Minimum Game Score,86.1,https://leetcode.com/problems/maximize-the-minimum-game-score
Infosys,Largest Number After Mutating Substring,86.1,https://leetcode.com/problems/largest-number-after-mutating-substring
Infosys,Find the Number of Subsequences With Equal GCD,86.1,https://leetcode.com/problems/find-the-number-of-subsequences-with-equal-gcd
Infosys,Merge Sorted Array,80.2,https://leetcode.com/problems/merge-sorted-array
Infosys,Next Permutation,80.2,https://leetcode.com/problems/next-permutation
Infosys,Palindrome Number,76.7,https://leetcode.com/problems/palindrome-number
Infosys,Remove Duplicates from Sorted Array,76.7,https://leetcode.com/problems/remove-duplicates-from-sorted-array
Infosys,Maximum Subarray,76.7,https://leetcode.com/problems/maximum-subarray
Infosys,Reverse String,72.7,https://leetcode.com/problems/reverse-string
Infosys,Longest Common Prefix,67.9,https://leetcode.com/problems/longest-common-prefix
Infosys,Rotate Image,67.9,https://leetcode.com/problems/rotate-image
Infosys,Trapping Rain Water,67.9,https://leetcode.com/problems/trapping-rain-water
Infosys,Second Highest Salary,67.9,https://leetcode.com/problems/second-highest-salary
Infosys,Valid Anagram,67.9,https://leetcode.com/problems/valid-anagram
Infosys,Product of Array Except Self,67.9,https://leetcode.com/problems/product-of-array-except-self
Infosys,Fibonacci Number,62.1,https://leetcode.com/problems/fibonacci-number
Infosys,Reverse Integer,62.1,https://leetcode.com/problems/reverse-integer
Infosys,Coin Change,62.1,https://leetcode.com/problems/coin-change
Infosys,3Sum,62.1,https://leetcode.com/problems/3sum
Infosys,Group Anagrams,62.1,https://leetcode.com/problems/group-anagrams
Infosys,Generate Parentheses,62.1,https://leetcode.com/problems/generate-parentheses
Infosys,Rotate Array,62.1,https://leetcode.com/problems/rotate-array
Infosys,Spiral Matrix,62.1,https://leetcode.com/problems/spiral-matrix
Infosys,Merge Intervals,62.1,https://leetcode.com/problems/merge-intervals
Infosys,Longest Consecutive Sequence,54.6,https://leetcode.com/problems/longest-consecutive-sequence
Infosys,Reverse Words in a String,54.6,https://leetcode.com/problems/reverse-words-in-a-string
Infosys,Kth Largest Element in an Array,54.6,https://leetcode.com/problems/kth-largest-element-in-an-array
Infosys,Sort an Array,54.6,https://leetcode.com/problems/sort-an-array
Infosys,Two Sum II - Input Array Is Sorted,54.6,https://leetcode.com/problems/two-sum-ii-input-array-is-sorted
Infosys,Move Zeroes,54.6,https://leetcode.com/problems/move-zeroes
Infosys,Find the Index of the First Occurrence in a String,54.6,https://leetcode.com/problems/find-the-index-of-the-first-occurrence-in-a-string
Infosys,Rearrange Array Elements by Sign,54.6,https://leetcode.com/problems/rearrange-array-elements-by-sign
Infosys,Longest Palindromic Substring,54.6,https://leetcode.com/problems/longest-palindromic-substring
Infosys,Number of Islands,54.6,https://leetcode.com/problems/number-of-islands
Infosys,Palindrome Partitioning,54.6,https://leetcode.com/problems/palindrome-partitioning
Infosys,Add Two Numbers,54.6,https://leetcode.com/problems/add-two-numbers
Infosys,Single Element in a Sorted Array,54.6,https://leetcode.com/problems/single-element-in-a-sorted-array
Infosys,Reverse Nodes in k-Group,54.6,https://leetcode.com/problems/reverse-nodes-in-k-group
Infosys,Climbing Stairs,54.6,https://leetcode.com/problems/climbing-stairs
Infosys,Sqrt(x),54.6,https://leetcode.com/problems/sqrtx
Infosys,Merge Two Sorted Lists,54.6,https://leetcode.com/problems/merge-two-sorted-lists
Infosys,Missing Number,54.6,https://leetcode.com/problems/missing-number
Infosys,House Robber,54.6,https://leetcode.com/problems/house-robber
Infosys,Gas Station,54.6,https://leetcode.com/problems/gas-station
Infosys,Create a DataFrame from List,44.3,https://leetcode.com/problems/create-a-dataframe-from-list
Infosys,Maximum Product of Three Numbers,44.3,https://leetcode.com/problems/maximum-product-of-three-numbers
Infosys,4Sum,44.3,https://leetcode.com/problems/4sum
Infosys,Minimum Window Substring,44.3,https://leetcode.com/problems/minimum-window-substring
Infosys,Integer to Roman,44.3,https://leetcode.com/problems/integer-to-roman
Infosys,Koko Eating Bananas,44.3,https://leetcode.com/problems/koko-eating-bananas
Infosys,Best Time to Buy and Sell Stock II,44.3,https://leetcode.com/problems/best-time-to-buy-and-sell-stock-ii
Infosys,Subsets,44.3,https://leetcode.com/problems/subsets
Infosys,Container With Most Water,44.3,https://leetcode.com/problems/container-with-most-water
Infosys,Implement Queue using Stacks,44.3,https://leetcode.com/problems/implement-queue-using-stacks
Infosys,Search in Rotated Sorted Array,44.3,https://leetcode.com/problems/search-in-rotated-sorted-array
Infosys,Binary Search,44.3,https://leetcode.com/problems/binary-search
Infosys,Isomorphic Strings,44.3,https://leetcode.com/problems/isomorphic-strings
Infosys,To Lower Case,44.3,https://leetcode.com/problems/to-lower-case
Infosys,Kids With the Greatest Number of Candies,44.3,https://leetcode.com/problems/kids-with-the-greatest-number-of-candies
Infosys,Subarray Sum Equals K,44.3,https://leetcode.com/problems/subarray-sum-equals-k
Infosys,Combination Sum,44.3,https://leetcode.com/problems/combination-sum
Infosys,Maximum Depth of Binary Tree,44.3,https://leetcode.com/problems/maximum-depth-of-binary-tree
Infosys,String to Integer (atoi),44.3,https://leetcode.com/problems/string-to-integer-atoi
Infosys,Jump Game,44.3,https://leetcode.com/problems/jump-game
Infosys,Car Fleet,44.3,https://leetcode.com/problems/car-fleet
Infosys,Median of Two Sorted Arrays,44.3,https://leetcode.com/problems/median-of-two-sorted-arrays
Infosys,Edit Distance,44.3,https://leetcode.com/problems/edit-distance
Infosys,Greatest Common Divisor of Strings,44.3,https://leetcode.com/problems/greatest-common-divisor-of-strings
Infosys,Replace Employee ID With The Unique Identifier,44.3,https://leetcode.com/problems/replace-employee-id-with-the-unique-identifier
Infosys,Find the Duplicate Number,44.3,https://leetcode.com/problems/find-the-duplicate-number
Infosys,Maximum Score Words Formed by Letters,44.3,https://leetcode.com/problems/maximum-score-words-formed-by-letters
Infosys,Valid Palindrome,44.3,https://leetcode.com/problems/valid-palindrome
Infosys,Combination Sum II,44.3,https://leetcode.com/problems/combination-sum-ii
Infosys,"Pow(x, n)",44.3,https://leetcode.com/problems/powx-n
Infosys,Average Time of Process per Machine,44.3,https://leetcode.com/problems/average-time-of-process-per-machine
Infosys,Roman to Integer,44.3,https://leetcode.com/problems/roman-to-integer
InMobi,Reach a Number,100,https://leetcode.com/problems/reach-a-number
InMobi,Partition Labels,65.2,https://leetcode.com/problems/partition-labels
InMobi,Maximum Number of Robots Within Budget,65.2,https://leetcode.com/problems/maximum-number-of-robots-within-budget
InMobi,Redundant Connection,65.2,https://leetcode.com/problems/redundant-connection
InMobi,Longest Valid Parentheses,65.2,https://leetcode.com/problems/longest-valid-parentheses
InMobi,Trapping Rain Water,65.2,https://leetcode.com/problems/trapping-rain-water
instabase,Subarray With Elements Greater Than Varying Threshold,100,https://leetcode.com/problems/subarray-with-elements-greater-than-varying-threshold
instabase,Implement Trie (Prefix Tree),100,https://leetcode.com/problems/implement-trie-prefix-tree
Instacart,Time Based Key-Value Store,100,https://leetcode.com/problems/time-based-key-value-store
Instacart,Check if Every Row and Column Contains All Numbers,96.4,https://leetcode.com/problems/check-if-every-row-and-column-contains-all-numbers
Instacart,Find First and Last Position of Element in Sorted Array,79.6,https://leetcode.com/problems/find-first-and-last-position-of-element-in-sorted-array
Instacart,Squares of a Sorted Array,74.9,https://leetcode.com/problems/squares-of-a-sorted-array
Instacart,Wildcard Matching,68.7,https://leetcode.com/problems/wildcard-matching
Instacart,Best Time to Buy and Sell Stock,60.1,https://leetcode.com/problems/best-time-to-buy-and-sell-stock
Instacart,Valid Number,60.1,https://leetcode.com/problems/valid-number
Instacart,Minimum Number of Arrows to Burst Balloons,60.1,https://leetcode.com/problems/minimum-number-of-arrows-to-burst-balloons
Instacart,Maximum Number of Events That Can Be Attended,60.1,https://leetcode.com/problems/maximum-number-of-events-that-can-be-attended
Instacart,Search Insert Position,60.1,https://leetcode.com/problems/search-insert-position
Instacart,Valid Sudoku,60.1,https://leetcode.com/problems/valid-sudoku
Instacart,Non-overlapping Intervals,60.1,https://leetcode.com/problems/non-overlapping-intervals
Instacart,Merge Intervals,60.1,https://leetcode.com/problems/merge-intervals
Instacart,Word Search II,60.1,https://leetcode.com/problems/word-search-ii
Instacart,Average Waiting Time,60.1,https://leetcode.com/problems/average-waiting-time
Intel,Maximum Nesting Depth of the Parentheses,100,https://leetcode.com/problems/maximum-nesting-depth-of-the-parentheses
Intel,Find Consecutive Integers from a Data Stream,100,https://leetcode.com/problems/find-consecutive-integers-from-a-data-stream
Intel,Trapping Rain Water,100,https://leetcode.com/problems/trapping-rain-water
Intel,Valid Parentheses,94.4,https://leetcode.com/problems/valid-parentheses
Intel,Number of Islands,94.4,https://leetcode.com/problems/number-of-islands
Intel,Copy List with Random Pointer,87.1,https://leetcode.com/problems/copy-list-with-random-pointer
Intel,Two Sum,82.5,https://leetcode.com/problems/two-sum
Intel,Longest Substring Without Repeating Characters,76.9,https://leetcode.com/problems/longest-substring-without-repeating-characters
Intel,Count Primes,76.9,https://leetcode.com/problems/count-primes
Intel,Best Time to Buy and Sell Stock II,69.6,https://leetcode.com/problems/best-time-to-buy-and-sell-stock-ii
Intel,Reverse Integer,69.6,https://leetcode.com/problems/reverse-integer
Intel,LRU Cache,69.6,https://leetcode.com/problems/lru-cache
Intel,Best Time to Buy and Sell Stock,59.5,https://leetcode.com/problems/best-time-to-buy-and-sell-stock
Intel,Add Two Numbers,59.5,https://leetcode.com/problems/add-two-numbers
Intel,Climbing Stairs,59.5,https://leetcode.com/problems/climbing-stairs
Intel,Merge Two Sorted Lists,59.5,https://leetcode.com/problems/merge-two-sorted-lists
Intel,Reverse Words in a String,59.5,https://leetcode.com/problems/reverse-words-in-a-string
Intel,Palindrome Number,59.5,https://leetcode.com/problems/palindrome-number
Intel,Container With Most Water,59.5,https://leetcode.com/problems/container-with-most-water
Intel,Merge Sorted Array,59.5,https://leetcode.com/problems/merge-sorted-array
Intel,Rotate Image,59.5,https://leetcode.com/problems/rotate-image
Intel,Linked List Cycle,59.5,https://leetcode.com/problems/linked-list-cycle
Intel,Valid Palindrome,59.5,https://leetcode.com/problems/valid-palindrome
Intel,Maximum Subarray,59.5,https://leetcode.com/problems/maximum-subarray
Intel,Top K Frequent Words,59.5,https://leetcode.com/problems/top-k-frequent-words
Intuit,Minimum Number of Taps to Open to Water a Garden,100,https://leetcode.com/problems/minimum-number-of-taps-to-open-to-water-a-garden
Intuit,Valid Parentheses,95.2,https://leetcode.com/problems/valid-parentheses
Intuit,Course Schedule II,93.3,https://leetcode.com/problems/course-schedule-ii
Intuit,Most Profitable Path in a Tree,93.3,https://leetcode.com/problems/most-profitable-path-in-a-tree
Intuit,Maximum Product of Three Numbers,91.3,https://leetcode.com/problems/maximum-product-of-three-numbers
Intuit,LRU Cache,89.1,https://leetcode.com/problems/lru-cache
Intuit,Max Area of Island,86.8,https://leetcode.com/problems/max-area-of-island
Intuit,Number of Substrings With Fixed Ratio,86.8,https://leetcode.com/problems/number-of-substrings-with-fixed-ratio
Intuit,Maximum Total Beauty of the Gardens,86.8,https://leetcode.com/problems/maximum-total-beauty-of-the-gardens
Intuit,Destroy Sequential Targets,86.8,https://leetcode.com/problems/destroy-sequential-targets
Intuit,Length of the Longest Subsequence That Sums to Target,86.8,https://leetcode.com/problems/length-of-the-longest-subsequence-that-sums-to-target
Intuit,Basic Calculator IV,86.8,https://leetcode.com/problems/basic-calculator-iv
Intuit,Number of Distinct Substrings in a String,86.8,https://leetcode.com/problems/number-of-distinct-substrings-in-a-string
Intuit,Maximum Difference Score in a Grid,86.8,https://leetcode.com/problems/maximum-difference-score-in-a-grid
Intuit,Make String Anti-palindrome,86.8,https://leetcode.com/problems/make-string-anti-palindrome
Intuit,Sudoku Solver,84.1,https://leetcode.com/problems/sudoku-solver
Intuit,Rotting Oranges,81.2,https://leetcode.com/problems/rotting-oranges
Intuit,Product of Array Except Self,81.2,https://leetcode.com/problems/product-of-array-except-self
Intuit,Two Sum,74,https://leetcode.com/problems/two-sum
Intuit,Plus One,74,https://leetcode.com/problems/plus-one
Intuit,Coin Change,74,https://leetcode.com/problems/coin-change
Intuit,Word Break,69.5,https://leetcode.com/problems/word-break
Intuit,Logger Rate Limiter,69.5,https://leetcode.com/problems/logger-rate-limiter
Intuit,Spiral Matrix,69.5,https://leetcode.com/problems/spiral-matrix
Intuit,Unique Email Addresses,69.5,https://leetcode.com/problems/unique-email-addresses
Intuit,Heaters,63.9,https://leetcode.com/problems/heaters
Intuit,Russian Doll Envelopes,63.9,https://leetcode.com/problems/russian-doll-envelopes
Intuit,Top K Frequent Elements,63.9,https://leetcode.com/problems/top-k-frequent-elements
Intuit,Longest Increasing Subsequence,63.9,https://leetcode.com/problems/longest-increasing-subsequence
Intuit,3Sum,63.9,https://leetcode.com/problems/3sum
Intuit,House Robber,63.9,https://leetcode.com/problems/house-robber
Intuit,Min Stack,63.9,https://leetcode.com/problems/min-stack
Intuit,Minimum Cost For Tickets,56.8,https://leetcode.com/problems/minimum-cost-for-tickets
Intuit,Daily Temperatures,56.8,https://leetcode.com/problems/daily-temperatures
Intuit,132 Pattern,56.8,https://leetcode.com/problems/132-pattern
Intuit,Best Time to Buy and Sell Stock,56.8,https://leetcode.com/problems/best-time-to-buy-and-sell-stock
Intuit,Middle of the Linked List,56.8,https://leetcode.com/problems/middle-of-the-linked-list
Intuit,Group Anagrams,56.8,https://leetcode.com/problems/group-anagrams
Intuit,Trapping Rain Water,56.8,https://leetcode.com/problems/trapping-rain-water
Intuit,Reorganize String,46.9,https://leetcode.com/problems/reorganize-string
Intuit,Decode String,46.9,https://leetcode.com/problems/decode-string
Intuit,Maximal Rectangle,46.9,https://leetcode.com/problems/maximal-rectangle
Intuit,Minimum Limit of Balls in a Bag,46.9,https://leetcode.com/problems/minimum-limit-of-balls-in-a-bag
Intuit,Zigzag Conversion,46.9,https://leetcode.com/problems/zigzag-conversion
Intuit,Kth Largest Element in an Array,46.9,https://leetcode.com/problems/kth-largest-element-in-an-array
Intuit,Employee Free Time,46.9,https://leetcode.com/problems/employee-free-time
Intuit,Lowest Common Ancestor of a Binary Tree,46.9,https://leetcode.com/problems/lowest-common-ancestor-of-a-binary-tree
Intuit,Next Permutation,46.9,https://leetcode.com/problems/next-permutation
Intuit,Move Zeroes,46.9,https://leetcode.com/problems/move-zeroes
Intuit,Binary Tree Zigzag Level Order Traversal,46.9,https://leetcode.com/problems/binary-tree-zigzag-level-order-traversal
Intuit,Binary Tree Maximum Path Sum,46.9,https://leetcode.com/problems/binary-tree-maximum-path-sum
Intuit,Next Greater Element II,46.9,https://leetcode.com/problems/next-greater-element-ii
Intuit,Number of Islands,46.9,https://leetcode.com/problems/number-of-islands
Intuit,Course Schedule,46.9,https://leetcode.com/problems/course-schedule
Intuit,Task Scheduler,46.9,https://leetcode.com/problems/task-scheduler
Intuit,Number of Longest Increasing Subsequence,46.9,https://leetcode.com/problems/number-of-longest-increasing-subsequence
Intuit,Longest Valid Parentheses,46.9,https://leetcode.com/problems/longest-valid-parentheses
Intuit,Merge Two Sorted Lists,46.9,https://leetcode.com/problems/merge-two-sorted-lists
Intuit,Generate Parentheses,46.9,https://leetcode.com/problems/generate-parentheses
Intuit,Binary Tree Level Order Traversal,46.9,https://leetcode.com/problems/binary-tree-level-order-traversal
Intuit,Palindrome Linked List,46.9,https://leetcode.com/problems/palindrome-linked-list
Intuit,Insert Delete GetRandom O(1),46.9,https://leetcode.com/problems/insert-delete-getrandom-o1
Intuit,Longest Substring Without Repeating Characters,46.9,https://leetcode.com/problems/longest-substring-without-repeating-characters
Intuit,Largest Plus Sign,46.9,https://leetcode.com/problems/largest-plus-sign
Intuit,Find All Anagrams in a String,46.9,https://leetcode.com/problems/find-all-anagrams-in-a-string
Intuit,Median of Two Sorted Arrays,46.9,https://leetcode.com/problems/median-of-two-sorted-arrays
Intuit,Serialize and Deserialize Binary Tree,46.9,https://leetcode.com/problems/serialize-and-deserialize-binary-tree
Intuit,Climbing Stairs,46.9,https://leetcode.com/problems/climbing-stairs
Intuit,Number of Operations to Make Network Connected,46.9,https://leetcode.com/problems/number-of-operations-to-make-network-connected
Intuit,Design Circular Queue,46.9,https://leetcode.com/problems/design-circular-queue
Intuit,Get the Maximum Score,46.9,https://leetcode.com/problems/get-the-maximum-score
Intuit,Shortest Path in Binary Matrix,46.9,https://leetcode.com/problems/shortest-path-in-binary-matrix
Intuit,Minimum Falling Path Sum,46.9,https://leetcode.com/problems/minimum-falling-path-sum
IVP,Minimum Time to Break Locks I,100,https://leetcode.com/problems/minimum-time-to-break-locks-i
IVP,Minimum Time to Break Locks II,100,https://leetcode.com/problems/minimum-time-to-break-locks-ii
IXL,Range Addition II,100,https://leetcode.com/problems/range-addition-ii
IXL,Fraction Addition and Subtraction,91.9,https://leetcode.com/problems/fraction-addition-and-subtraction
IXL,Palindrome Linked List,90.2,https://leetcode.com/problems/palindrome-linked-list
IXL,Stickers to Spell Word,88.4,https://leetcode.com/problems/stickers-to-spell-word
IXL,Merge k Sorted Lists,86.4,https://leetcode.com/problems/merge-k-sorted-lists
IXL,Merge Intervals,86.4,https://leetcode.com/problems/merge-intervals
IXL,Design Snake Game,86.4,https://leetcode.com/problems/design-snake-game
IXL,Find the Derangement of An Array,86.4,https://leetcode.com/problems/find-the-derangement-of-an-array
IXL,Fraction to Recurring Decimal,86.4,https://leetcode.com/problems/fraction-to-recurring-decimal
IXL,Find Median from Data Stream,81.6,https://leetcode.com/problems/find-median-from-data-stream
IXL,Minimum Number of Steps to Make Two Strings Anagram,75.5,https://leetcode.com/problems/minimum-number-of-steps-to-make-two-strings-anagram
IXL,Find Peak Element,71.7,https://leetcode.com/problems/find-peak-element
IXL,1-bit and 2-bit Characters,66.9,https://leetcode.com/problems/1-bit-and-2-bit-characters
IXL,Basic Calculator II,66.9,https://leetcode.com/problems/basic-calculator-ii
IXL,Insert Delete GetRandom O(1),60.9,https://leetcode.com/problems/insert-delete-getrandom-o1
IXL,Maximum Area of a Piece of Cake After Horizontal and Vertical Cuts,60.9,https://leetcode.com/problems/maximum-area-of-a-piece-of-cake-after-horizontal-and-vertical-cuts
IXL,Course Schedule,52.3,https://leetcode.com/problems/course-schedule
J.P. Morgan,Sort Integers by The Number of 1 Bits,100,https://leetcode.com/problems/sort-integers-by-the-number-of-1-bits
J.P. Morgan,Reaching Points,96.5,https://leetcode.com/problems/reaching-points
J.P. Morgan,Least Number of Unique Integers after K Removals,93.1,https://leetcode.com/problems/least-number-of-unique-integers-after-k-removals
J.P. Morgan,Minimum Suffix Flips,90.8,https://leetcode.com/problems/minimum-suffix-flips
J.P. Morgan,Remove Colored Pieces if Both Neighbors are the Same Color,89.1,https://leetcode.com/problems/remove-colored-pieces-if-both-neighbors-are-the-same-color
J.P. Morgan,Break a Palindrome,86.2,https://leetcode.com/problems/break-a-palindrome
J.P. Morgan,Minimum Absolute Difference,82.9,https://leetcode.com/problems/minimum-absolute-difference
J.P. Morgan,Next Permutation,82.9,https://leetcode.com/problems/next-permutation
J.P. Morgan,Check Whether Two Strings are Almost Equivalent,82.9,https://leetcode.com/problems/check-whether-two-strings-are-almost-equivalent
J.P. Morgan,Group Anagrams,77.6,https://leetcode.com/problems/group-anagrams
J.P. Morgan,Best Time to Buy and Sell Stock,76,https://leetcode.com/problems/best-time-to-buy-and-sell-stock
J.P. Morgan,Determine Color of a Chessboard Square,74.3,https://leetcode.com/problems/determine-color-of-a-chessboard-square
J.P. Morgan,Minimum Swaps to Make Strings Equal,74.3,https://leetcode.com/problems/minimum-swaps-to-make-strings-equal
J.P. Morgan,Numbers With Repeated Digits,74.3,https://leetcode.com/problems/numbers-with-repeated-digits
J.P. Morgan,Merge Intervals,72.4,https://leetcode.com/problems/merge-intervals
J.P. Morgan,Suspicious Bank Accounts,70.4,https://leetcode.com/problems/suspicious-bank-accounts
J.P. Morgan,Button with Longest Push Time,70.4,https://leetcode.com/problems/button-with-longest-push-time
J.P. Morgan,Display Table of Food Orders in a Restaurant,70.4,https://leetcode.com/problems/display-table-of-food-orders-in-a-restaurant
J.P. Morgan,Check if Number Has Equal Digit Count and Digit Value,70.4,https://leetcode.com/problems/check-if-number-has-equal-digit-count-and-digit-value
J.P. Morgan,Maximum Number of Points From Grid Queries,70.4,https://leetcode.com/problems/maximum-number-of-points-from-grid-queries
J.P. Morgan,Valid Parentheses,70.4,https://leetcode.com/problems/valid-parentheses
J.P. Morgan,Lexicographically Smallest String After Applying Operations,70.4,https://leetcode.com/problems/lexicographically-smallest-string-after-applying-operations
J.P. Morgan,Rotate Image,70.4,https://leetcode.com/problems/rotate-image
J.P. Morgan,Lexicographically Smallest String After a Swap,70.4,https://leetcode.com/problems/lexicographically-smallest-string-after-a-swap
J.P. Morgan,Reverse Odd Levels of Binary Tree,70.4,https://leetcode.com/problems/reverse-odd-levels-of-binary-tree
J.P. Morgan,Find Resultant Array After Removing Anagrams,68.1,https://leetcode.com/problems/find-resultant-array-after-removing-anagrams
J.P. Morgan,Longest Palindromic Substring,65.6,https://leetcode.com/problems/longest-palindromic-substring
J.P. Morgan,Count Numbers with Unique Digits,62.8,https://leetcode.com/problems/count-numbers-with-unique-digits
J.P. Morgan,Happy Number,59.5,https://leetcode.com/problems/happy-number
J.P. Morgan,Longest Substring Without Repeating Characters,59.5,https://leetcode.com/problems/longest-substring-without-repeating-characters
J.P. Morgan,Climbing Stairs,55.6,https://leetcode.com/problems/climbing-stairs
J.P. Morgan,Maximum Product of Two Elements in an Array,55.6,https://leetcode.com/problems/maximum-product-of-two-elements-in-an-array
J.P. Morgan,Minimum Operations to Make All Array Elements Equal,50.9,https://leetcode.com/problems/minimum-operations-to-make-all-array-elements-equal
J.P. Morgan,Subarray Sum Equals K,50.9,https://leetcode.com/problems/subarray-sum-equals-k
J.P. Morgan,Maximum Units on a Truck,50.9,https://leetcode.com/problems/maximum-units-on-a-truck
J.P. Morgan,Two Sum,50.9,https://leetcode.com/problems/two-sum
J.P. Morgan,Fizz Buzz,50.9,https://leetcode.com/problems/fizz-buzz
J.P. Morgan,Intersection of Two Arrays,50.9,https://leetcode.com/problems/intersection-of-two-arrays
J.P. Morgan,Generate Parentheses,50.9,https://leetcode.com/problems/generate-parentheses
J.P. Morgan,Maximum Subarray,50.9,https://leetcode.com/problems/maximum-subarray
J.P. Morgan,Best Time to Buy and Sell Stock II,50.9,https://leetcode.com/problems/best-time-to-buy-and-sell-stock-ii
J.P. Morgan,Rearrange Array to Maximize Prefix Score,50.9,https://leetcode.com/problems/rearrange-array-to-maximize-prefix-score
J.P. Morgan,Coin Change,44.8,https://leetcode.com/problems/coin-change
J.P. Morgan,Non-overlapping Intervals,44.8,https://leetcode.com/problems/non-overlapping-intervals
J.P. Morgan,Fibonacci Number,44.8,https://leetcode.com/problems/fibonacci-number
J.P. Morgan,Minimum Cost to Connect Sticks,44.8,https://leetcode.com/problems/minimum-cost-to-connect-sticks
J.P. Morgan,Pascal's Triangle,44.8,https://leetcode.com/problems/pascals-triangle
J.P. Morgan,Minimum Cost to Make Array Equal,44.8,https://leetcode.com/problems/minimum-cost-to-make-array-equal
J.P. Morgan,LRU Cache,44.8,https://leetcode.com/problems/lru-cache
J.P. Morgan,Daily Temperatures,44.8,https://leetcode.com/problems/daily-temperatures
J.P. Morgan,Binary Tree Right Side View,44.8,https://leetcode.com/problems/binary-tree-right-side-view
J.P. Morgan,Reverse Linked List,44.8,https://leetcode.com/problems/reverse-linked-list
J.P. Morgan,Two Sum II - Input Array Is Sorted,36.3,https://leetcode.com/problems/two-sum-ii-input-array-is-sorted
J.P. Morgan,Set Matrix Zeroes,36.3,https://leetcode.com/problems/set-matrix-zeroes
J.P. Morgan,Find Occurrences of an Element in an Array,36.3,https://leetcode.com/problems/find-occurrences-of-an-element-in-an-array
J.P. Morgan,Letter Combinations of a Phone Number,36.3,https://leetcode.com/problems/letter-combinations-of-a-phone-number
J.P. Morgan,Palindrome Number,36.3,https://leetcode.com/problems/palindrome-number
J.P. Morgan,Kth Largest Element in an Array,36.3,https://leetcode.com/problems/kth-largest-element-in-an-array
J.P. Morgan,Top K Frequent Elements,36.3,https://leetcode.com/problems/top-k-frequent-elements
J.P. Morgan,Average Time of Process per Machine,36.3,https://leetcode.com/problems/average-time-of-process-per-machine
J.P. Morgan,Container With Most Water,36.3,https://leetcode.com/problems/container-with-most-water
J.P. Morgan,Permutations,36.3,https://leetcode.com/problems/permutations
J.P. Morgan,Shuffle an Array,36.3,https://leetcode.com/problems/shuffle-an-array
J.P. Morgan,Count Binary Substrings,36.3,https://leetcode.com/problems/count-binary-substrings
J.P. Morgan,Count Strictly Increasing Subarrays,36.3,https://leetcode.com/problems/count-strictly-increasing-subarrays
J.P. Morgan,Open the Lock,36.3,https://leetcode.com/problems/open-the-lock
J.P. Morgan,Minimum String Length After Removing Substrings,36.3,https://leetcode.com/problems/minimum-string-length-after-removing-substrings
J.P. Morgan,Cherry Pickup,36.3,https://leetcode.com/problems/cherry-pickup
J.P. Morgan,Degree of an Array,36.3,https://leetcode.com/problems/degree-of-an-array
J.P. Morgan,Minimum Insertions to Balance a Parentheses String,36.3,https://leetcode.com/problems/minimum-insertions-to-balance-a-parentheses-string
J.P. Morgan,Search Suggestions System,36.3,https://leetcode.com/problems/search-suggestions-system
J.P. Morgan,Find the Duplicate Number,36.3,https://leetcode.com/problems/find-the-duplicate-number
J.P. Morgan,Ugly Number,36.3,https://leetcode.com/problems/ugly-number
J.P. Morgan,Contains Duplicate,36.3,https://leetcode.com/problems/contains-duplicate
J.P. Morgan,Sum of Subarray Ranges,36.3,https://leetcode.com/problems/sum-of-subarray-ranges
J.P. Morgan,Decode Ways,36.3,https://leetcode.com/problems/decode-ways
J.P. Morgan,Combination Sum,36.3,https://leetcode.com/problems/combination-sum
J.P. Morgan,Integer to Roman,36.3,https://leetcode.com/problems/integer-to-roman
J.P. Morgan,Spiral Matrix,36.3,https://leetcode.com/problems/spiral-matrix
Jane Street,Count Common Words With One Occurrence,100,https://leetcode.com/problems/count-common-words-with-one-occurrence
Jane Street,Walking Robot Simulation,93.4,https://leetcode.com/problems/walking-robot-simulation
Jane Street,Minimum Time to Make Array Sum At Most x,91.3,https://leetcode.com/problems/minimum-time-to-make-array-sum-at-most-x
Jane Street,Add Two Integers,76.5,https://leetcode.com/problems/add-two-integers
Jane Street,Stream of Characters,65.5,https://leetcode.com/problems/stream-of-characters
Jane Street,Add Strings,65.5,https://leetcode.com/problems/add-strings
Jane Street,Design a Text Editor,65.5,https://leetcode.com/problems/design-a-text-editor
Jane Street,Longest Common Prefix,56.9,https://leetcode.com/problems/longest-common-prefix
Jane Street,Evaluate Division,56.9,https://leetcode.com/problems/evaluate-division
Jane Street,Trapping Rain Water,56.9,https://leetcode.com/problems/trapping-rain-water
Jane Street,Number of Orders in the Backlog,56.9,https://leetcode.com/problems/number-of-orders-in-the-backlog
jio,Divide an Array Into Subarrays With Minimum Cost II,100,https://leetcode.com/problems/divide-an-array-into-subarrays-with-minimum-cost-ii
jio,Find the Grid of Region Average,100,https://leetcode.com/problems/find-the-grid-of-region-average
jio,Maximize the Number of Target Nodes After Connecting Trees I,100,https://leetcode.com/problems/maximize-the-number-of-target-nodes-after-connecting-trees-i
jio,Maximize the Number of Target Nodes After Connecting Trees II,100,https://leetcode.com/problems/maximize-the-number-of-target-nodes-after-connecting-trees-ii
jio,Two Sum,62.6,https://leetcode.com/problems/two-sum
jio,Making A Large Island,62.6,https://leetcode.com/problems/making-a-large-island
jio,Trapping Rain Water,62.6,https://leetcode.com/problems/trapping-rain-water
josh technology,Move Zeroes,100,https://leetcode.com/problems/move-zeroes
josh technology,Add Two Numbers,95,https://leetcode.com/problems/add-two-numbers
josh technology,Largest Number,95,https://leetcode.com/problems/largest-number
josh technology,Remove Zero Sum Consecutive Nodes from Linked List,88.9,https://leetcode.com/problems/remove-zero-sum-consecutive-nodes-from-linked-list
josh technology,Maximum Twin Sum of a Linked List,88.9,https://leetcode.com/problems/maximum-twin-sum-of-a-linked-list
josh technology,Reverse Odd Levels of Binary Tree,81,https://leetcode.com/problems/reverse-odd-levels-of-binary-tree
josh technology,Find Bottom Left Tree Value,81,https://leetcode.com/problems/find-bottom-left-tree-value
josh technology,Count Pairs Whose Sum is Less than Target,81,https://leetcode.com/problems/count-pairs-whose-sum-is-less-than-target
josh technology,Merge Nodes in Between Zeros,81,https://leetcode.com/problems/merge-nodes-in-between-zeros
josh technology,Best Time to Buy and Sell Stock,81,https://leetcode.com/problems/best-time-to-buy-and-sell-stock
josh technology,Number of Good Leaf Nodes Pairs,81,https://leetcode.com/problems/number-of-good-leaf-nodes-pairs
josh technology,Find the Minimum and Maximum Number of Nodes Between Critical Points,81,https://leetcode.com/problems/find-the-minimum-and-maximum-number-of-nodes-between-critical-points
josh technology,Find the Substring With Maximum Cost,69.9,https://leetcode.com/problems/find-the-substring-with-maximum-cost
josh technology,Construct Smallest Number From DI String,69.9,https://leetcode.com/problems/construct-smallest-number-from-di-string
josh technology,Minimum Swaps to Group All 1's Together II,69.9,https://leetcode.com/problems/minimum-swaps-to-group-all-1s-together-ii
josh technology,Longest Substring Without Repeating Characters,69.9,https://leetcode.com/problems/longest-substring-without-repeating-characters
josh technology,Reverse Nodes in k-Group,69.9,https://leetcode.com/problems/reverse-nodes-in-k-group
josh technology,Count Good Nodes in Binary Tree,69.9,https://leetcode.com/problems/count-good-nodes-in-binary-tree
josh technology,Trim a Binary Search Tree,69.9,https://leetcode.com/problems/trim-a-binary-search-tree
josh technology,Remove K Digits,69.9,https://leetcode.com/problems/remove-k-digits
josh technology,Daily Temperatures,69.9,https://leetcode.com/problems/daily-temperatures
josh technology,Maximum Difference Between Node and Ancestor,69.9,https://leetcode.com/problems/maximum-difference-between-node-and-ancestor
Jump Trading,Happy Number,100,https://leetcode.com/problems/happy-number
Jump Trading,Check If It Is a Good Array,82.8,https://leetcode.com/problems/check-if-it-is-a-good-array
Jump Trading,Best Time to Buy and Sell Stock IV,82.8,https://leetcode.com/problems/best-time-to-buy-and-sell-stock-iv
Jump Trading,Subtree of Another Tree,82.8,https://leetcode.com/problems/subtree-of-another-tree
Jump Trading,Largest Combination With Bitwise AND Greater Than Zero,82.8,https://leetcode.com/problems/largest-combination-with-bitwise-and-greater-than-zero
Jump Trading,Permutation Sequence,82.8,https://leetcode.com/problems/permutation-sequence
Juniper Networks,Boundary of Binary Tree,100,https://leetcode.com/problems/boundary-of-binary-tree
Juniper Networks,Coin Change,100,https://leetcode.com/problems/coin-change
Juniper Networks,Add Two Numbers II,100,https://leetcode.com/problems/add-two-numbers-ii
Juspay,Longest Cycle in a Graph,100,https://leetcode.com/problems/longest-cycle-in-a-graph
Juspay,Operations on Tree,100,https://leetcode.com/problems/operations-on-tree
Juspay,Find Closest Node to Given Two Nodes,95.8,https://leetcode.com/problems/find-closest-node-to-given-two-nodes
Juspay,Node With Highest Edge Score,90.6,https://leetcode.com/problems/node-with-highest-edge-score
Juspay,Longest Subsequence With Decreasing Adjacent Difference,88.5,https://leetcode.com/problems/longest-subsequence-with-decreasing-adjacent-difference
Juspay,Set Matrix Zeroes,68.8,https://leetcode.com/problems/set-matrix-zeroes
Juspay,Longest Substring Without Repeating Characters,62.6,https://leetcode.com/problems/longest-substring-without-repeating-characters
Juspay,Largest Color Value in a Directed Graph,62.6,https://leetcode.com/problems/largest-color-value-in-a-directed-graph
Juspay,Shortest Path in a Weighted Tree,62.6,https://leetcode.com/problems/shortest-path-in-a-weighted-tree
Juspay,Sliding Window Maximum,62.6,https://leetcode.com/problems/sliding-window-maximum
Juspay,Word Ladder,53.9,https://leetcode.com/problems/word-ladder
Kakao,Maximum Points in an Archery Competition,100,https://leetcode.com/problems/maximum-points-in-an-archery-competition
Kakao,Minimum Moves to Reach Target with Rotations,100,https://leetcode.com/problems/minimum-moves-to-reach-target-with-rotations
Karat,Text Justification,100,https://leetcode.com/problems/text-justification
Karat,Check if Every Row and Column Contains All Numbers,89.6,https://leetcode.com/problems/check-if-every-row-and-column-contains-all-numbers
Karat,Find Words That Can Be Formed by Characters,88.5,https://leetcode.com/problems/find-words-that-can-be-formed-by-characters
Karat,Word Search,86.1,https://leetcode.com/problems/word-search
Karat,Alert Using Same Key-Card Three or More Times in a One Hour Period,80.2,https://leetcode.com/problems/alert-using-same-key-card-three-or-more-times-in-a-one-hour-period
Karat,Course Schedule,60.9,https://leetcode.com/problems/course-schedule
Karat,Ransom Note,60.9,https://leetcode.com/problems/ransom-note
Karat,Valid Sudoku,55.4,https://leetcode.com/problems/valid-sudoku
Karat,Number of Islands,55.4,https://leetcode.com/problems/number-of-islands
Karat,Maximal Square,55.4,https://leetcode.com/problems/maximal-square
Karat,Subdomain Visit Count,47.6,https://leetcode.com/problems/subdomain-visit-count
Karat,Word Search II,47.6,https://leetcode.com/problems/word-search-ii
Karat,Course Schedule II,47.6,https://leetcode.com/problems/course-schedule-ii
Karat,Jump Game,47.6,https://leetcode.com/problems/jump-game
Karat,Two Sum,47.6,https://leetcode.com/problems/two-sum
KLA,Maximum Product of First and Last Elements of a Subsequence,100,https://leetcode.com/problems/maximum-product-of-first-and-last-elements-of-a-subsequence
KLA,Reaching Points,80.3,https://leetcode.com/problems/reaching-points
KLA,LRU Cache,80.3,https://leetcode.com/problems/lru-cache
KLA,Roman to Integer,70.9,https://leetcode.com/problems/roman-to-integer
KLA,LFU Cache,70.9,https://leetcode.com/problems/lfu-cache
KLA,Maximum Swap,70.9,https://leetcode.com/problems/maximum-swap
KLA,Two Sum,70.9,https://leetcode.com/problems/two-sum
KLA,Find Median from Data Stream,70.9,https://leetcode.com/problems/find-median-from-data-stream
Komprise,Time Needed to Buy Tickets,100,https://leetcode.com/problems/time-needed-to-buy-tickets
Komprise,Candy,100,https://leetcode.com/problems/candy
Larsen & Toubro,Find the Sum of Encrypted Integers,100,https://leetcode.com/problems/find-the-sum-of-encrypted-integers
Larsen & Toubro,Longest Strictly Increasing or Strictly Decreasing Subarray,100,https://leetcode.com/problems/longest-strictly-increasing-or-strictly-decreasing-subarray
Lendingkart Technologies,Smallest String With A Given Numeric Value,100,https://leetcode.com/problems/smallest-string-with-a-given-numeric-value
Lenskart,Spiral Matrix,100,https://leetcode.com/problems/spiral-matrix
Lenskart,Container With Most Water,100,https://leetcode.com/problems/container-with-most-water
Licious,First Missing Positive,100,https://leetcode.com/problems/first-missing-positive
Licious,Longest Increasing Subsequence,100,https://leetcode.com/problems/longest-increasing-subsequence
Liftoff,Diagonal Traverse,100,https://leetcode.com/problems/diagonal-traverse
Liftoff,Random Pick with Weight,89.7,https://leetcode.com/problems/random-pick-with-weight
Liftoff,N-Queens II,86,https://leetcode.com/problems/n-queens-ii
Liftoff,Diagonal Traverse II,75.7,https://leetcode.com/problems/diagonal-traverse-ii
LINE,Sliding Window Maximum,100,https://leetcode.com/problems/sliding-window-maximum
LINE,Sudoku Solver,83.7,https://leetcode.com/problems/sudoku-solver
LINE,Frog Jump,83.7,https://leetcode.com/problems/frog-jump
LINE,Minimum Cost to Cut a Stick,83.7,https://leetcode.com/problems/minimum-cost-to-cut-a-stick
LinkedIn,Max Stack,100,https://leetcode.com/problems/max-stack
LinkedIn,Nested List Weight Sum II,94.7,https://leetcode.com/problems/nested-list-weight-sum-ii
LinkedIn,All O`one Data Structure,94.4,https://leetcode.com/problems/all-oone-data-structure
LinkedIn,Word Ladder,79.1,https://leetcode.com/problems/word-ladder
LinkedIn,Find the Celebrity,79.1,https://leetcode.com/problems/find-the-celebrity
LinkedIn,Nested List Weight Sum,77.8,https://leetcode.com/problems/nested-list-weight-sum
LinkedIn,Shortest Word Distance II,77.4,https://leetcode.com/problems/shortest-word-distance-ii
LinkedIn,Maximum Subarray,77.4,https://leetcode.com/problems/maximum-subarray
LinkedIn,Find Leaves of Binary Tree,77.4,https://leetcode.com/problems/find-leaves-of-binary-tree
LinkedIn,Valid Parentheses,76.5,https://leetcode.com/problems/valid-parentheses
LinkedIn,Number of Islands,75.6,https://leetcode.com/problems/number-of-islands
LinkedIn,Maximum Product Subarray,73,https://leetcode.com/problems/maximum-product-subarray
LinkedIn,Can Place Flowers,72.4,https://leetcode.com/problems/can-place-flowers
LinkedIn,Search in Rotated Sorted Array,71.3,https://leetcode.com/problems/search-in-rotated-sorted-array
LinkedIn,"Pow(x, n)",70.6,https://leetcode.com/problems/powx-n
LinkedIn,Binary Tree Upside Down,69.3,https://leetcode.com/problems/binary-tree-upside-down
LinkedIn,Insert Delete GetRandom O(1),69.3,https://leetcode.com/problems/insert-delete-getrandom-o1
LinkedIn,Partition to K Equal Sum Subsets,68.7,https://leetcode.com/problems/partition-to-k-equal-sum-subsets
LinkedIn,Find First and Last Position of Element in Sorted Array,67.9,https://leetcode.com/problems/find-first-and-last-position-of-element-in-sorted-array
LinkedIn,Paint House,67.9,https://leetcode.com/problems/paint-house
LinkedIn,Serialize and Deserialize Binary Tree,66.4,https://leetcode.com/problems/serialize-and-deserialize-binary-tree
LinkedIn,Minimum Window Substring,64.8,https://leetcode.com/problems/minimum-window-substring
LinkedIn,Maximum Depth of Binary Tree,63.9,https://leetcode.com/problems/maximum-depth-of-binary-tree
LinkedIn,Factor Combinations,63.9,https://leetcode.com/problems/factor-combinations
LinkedIn,Shortest Word Distance,63.9,https://leetcode.com/problems/shortest-word-distance
LinkedIn,Exclusive Time of Functions,63.9,https://leetcode.com/problems/exclusive-time-of-functions
LinkedIn,Lowest Common Ancestor of a Binary Tree,63,https://leetcode.com/problems/lowest-common-ancestor-of-a-binary-tree
LinkedIn,Kth Largest Element in an Array,63,https://leetcode.com/problems/kth-largest-element-in-an-array
LinkedIn,Letter Combinations of a Phone Number,63,https://leetcode.com/problems/letter-combinations-of-a-phone-number
LinkedIn,Lowest Common Ancestor of a Binary Search Tree,62.1,https://leetcode.com/problems/lowest-common-ancestor-of-a-binary-search-tree
LinkedIn,Isomorphic Strings,62.1,https://leetcode.com/problems/isomorphic-strings
LinkedIn,Symmetric Tree,61,https://leetcode.com/problems/symmetric-tree
LinkedIn,Sort Transformed Array,61,https://leetcode.com/problems/sort-transformed-array
LinkedIn,Merge Intervals,61,https://leetcode.com/problems/merge-intervals
LinkedIn,Count Integers in Intervals,60,https://leetcode.com/problems/count-integers-in-intervals
LinkedIn,Valid Perfect Square,60,https://leetcode.com/problems/valid-perfect-square
LinkedIn,Valid Number,60,https://leetcode.com/problems/valid-number
LinkedIn,Kth Smallest Product of Two Sorted Arrays,60,https://leetcode.com/problems/kth-smallest-product-of-two-sorted-arrays
LinkedIn,Max Points on a Line,58.8,https://leetcode.com/problems/max-points-on-a-line
LinkedIn,Second Minimum Node In a Binary Tree,58.8,https://leetcode.com/problems/second-minimum-node-in-a-binary-tree
LinkedIn,Closest Binary Search Tree Value II,58.8,https://leetcode.com/problems/closest-binary-search-tree-value-ii
LinkedIn,House Robber,57.6,https://leetcode.com/problems/house-robber
LinkedIn,Evaluate Reverse Polish Notation,57.6,https://leetcode.com/problems/evaluate-reverse-polish-notation
LinkedIn,Repeated DNA Sequences,57.6,https://leetcode.com/problems/repeated-dna-sequences
LinkedIn,LRU Cache,56.3,https://leetcode.com/problems/lru-cache
LinkedIn,Binary Tree Level Order Traversal,56.3,https://leetcode.com/problems/binary-tree-level-order-traversal
LinkedIn,Can I Win,56.3,https://leetcode.com/problems/can-i-win
LinkedIn,Longest Palindromic Subsequence,56.3,https://leetcode.com/problems/longest-palindromic-subsequence
LinkedIn,Permutations II,54.9,https://leetcode.com/problems/permutations-ii
LinkedIn,Merge Two Sorted Lists,54.9,https://leetcode.com/problems/merge-two-sorted-lists
LinkedIn,Flatten Nested List Iterator,54.9,https://leetcode.com/problems/flatten-nested-list-iterator
LinkedIn,Shortest Word Distance III,54.9,https://leetcode.com/problems/shortest-word-distance-iii
LinkedIn,Permutations,54.9,https://leetcode.com/problems/permutations
LinkedIn,Palindromic Substrings,53.4,https://leetcode.com/problems/palindromic-substrings
LinkedIn,Sparse Matrix Multiplication,53.4,https://leetcode.com/problems/sparse-matrix-multiplication
LinkedIn,Find K Pairs with Smallest Sums,53.4,https://leetcode.com/problems/find-k-pairs-with-smallest-sums
LinkedIn,Two Sum,53.4,https://leetcode.com/problems/two-sum
LinkedIn,Binary Tree Zigzag Level Order Traversal,53.4,https://leetcode.com/problems/binary-tree-zigzag-level-order-traversal
LinkedIn,Merge k Sorted Lists,53.4,https://leetcode.com/problems/merge-k-sorted-lists
LinkedIn,Product of Array Except Self,51.8,https://leetcode.com/problems/product-of-array-except-self
LinkedIn,Text Justification,51.8,https://leetcode.com/problems/text-justification
LinkedIn,Find K Closest Elements,50,https://leetcode.com/problems/find-k-closest-elements
LinkedIn,Sum of Square Numbers,50,https://leetcode.com/problems/sum-of-square-numbers
LinkedIn,Time to Cross a Bridge,50,https://leetcode.com/problems/time-to-cross-a-bridge
LinkedIn,Maximize Total Tastiness of Purchased Fruits,50,https://leetcode.com/problems/maximize-total-tastiness-of-purchased-fruits
LinkedIn,Find Largest Value in Each Tree Row,50,https://leetcode.com/problems/find-largest-value-in-each-tree-row
LinkedIn,Maximum Number of Non-overlapping Palindrome Substrings,50,https://leetcode.com/problems/maximum-number-of-non-overlapping-palindrome-substrings
LinkedIn,Insert Interval,50,https://leetcode.com/problems/insert-interval
LinkedIn,Minimum Deletions to Make Array Divisible,50,https://leetcode.com/problems/minimum-deletions-to-make-array-divisible
LinkedIn,Insert Delete GetRandom O(1) - Duplicates allowed,50,https://leetcode.com/problems/insert-delete-getrandom-o1-duplicates-allowed
LinkedIn,Two Sum III - Data structure design,50,https://leetcode.com/problems/two-sum-iii-data-structure-design
LinkedIn,Create Binary Tree From Descriptions,50,https://leetcode.com/problems/create-binary-tree-from-descriptions
LinkedIn,Binary Search Tree Iterator,50,https://leetcode.com/problems/binary-search-tree-iterator
LinkedIn,Max Area of Island,48,https://leetcode.com/problems/max-area-of-island
LinkedIn,Edit Distance,45.8,https://leetcode.com/problems/edit-distance
LinkedIn,Rotate List,45.8,https://leetcode.com/problems/rotate-list
LinkedIn,Graph Valid Tree,45.8,https://leetcode.com/problems/graph-valid-tree
LinkedIn,Valid Triangle Number,45.8,https://leetcode.com/problems/valid-triangle-number
LinkedIn,Number of Connected Components in an Undirected Graph,43.4,https://leetcode.com/problems/number-of-connected-components-in-an-undirected-graph
LinkedIn,Min Stack,43.4,https://leetcode.com/problems/min-stack
LinkedIn,Shuffle an Array,40.5,https://leetcode.com/problems/shuffle-an-array
LinkedIn,Word Ladder II,40.5,https://leetcode.com/problems/word-ladder-ii
LinkedIn,Combination Sum,37.1,https://leetcode.com/problems/combination-sum
LinkedIn,Merge Sorted Array,37.1,https://leetcode.com/problems/merge-sorted-array
LinkedIn,Longest Palindromic Substring,37.1,https://leetcode.com/problems/longest-palindromic-substring
LinkedIn,Integer to Roman,33,https://leetcode.com/problems/integer-to-roman
LinkedIn,Intersection of Two Arrays,33,https://leetcode.com/problems/intersection-of-two-arrays
LinkedIn,Fizz Buzz,33,https://leetcode.com/problems/fizz-buzz
LinkedIn,Diameter of Binary Tree,27.8,https://leetcode.com/problems/diameter-of-binary-tree
LinkedIn,Same Tree,27.8,https://leetcode.com/problems/same-tree
LinkedIn,House Robber IV,27.8,https://leetcode.com/problems/house-robber-iv
LinkedIn,Longest Substring Without Repeating Characters,27.8,https://leetcode.com/problems/longest-substring-without-repeating-characters
LinkedIn,Median of Two Sorted Arrays,27.8,https://leetcode.com/problems/median-of-two-sorted-arrays
LinkedIn,House Robber II,27.8,https://leetcode.com/problems/house-robber-ii
LinkedIn,Next Permutation,20.8,https://leetcode.com/problems/next-permutation
LinkedIn,Reorder List,20.8,https://leetcode.com/problems/reorder-list
LinkedIn,Minimum Time to Type Word Using Special Typewriter,20.8,https://leetcode.com/problems/minimum-time-to-type-word-using-special-typewriter
LinkedIn,Design Add and Search Words Data Structure,20.8,https://leetcode.com/problems/design-add-and-search-words-data-structure
LinkedIn,Best Time to Buy and Sell Stock,20.8,https://leetcode.com/problems/best-time-to-buy-and-sell-stock
LinkedIn,Validate Binary Search Tree,20.8,https://leetcode.com/problems/validate-binary-search-tree
LiveRamp,Distribute Candies,100,https://leetcode.com/problems/distribute-candies
LiveRamp,Shortest Unsorted Continuous Subarray,100,https://leetcode.com/problems/shortest-unsorted-continuous-subarray
LiveRamp,Longest Harmonious Subsequence,100,https://leetcode.com/problems/longest-harmonious-subsequence
LiveRamp,Largest Time for Given Digits,100,https://leetcode.com/problems/largest-time-for-given-digits
LiveRamp,Longest Palindromic Substring,65.1,https://leetcode.com/problems/longest-palindromic-substring
LiveRamp,Course Schedule,65.1,https://leetcode.com/problems/course-schedule
Lowe's,The Number of Good Subsets,100,https://leetcode.com/problems/the-number-of-good-subsets
Lowe's,Groups of Strings,100,https://leetcode.com/problems/groups-of-strings
Lowe's,Find the Original Typed String I,100,https://leetcode.com/problems/find-the-original-typed-string-i
Lowe's,Minimum Operations to Make Array Values Equal to K,100,https://leetcode.com/problems/minimum-operations-to-make-array-values-equal-to-k
LTI,Maximum White Tiles Covered by a Carpet,100,https://leetcode.com/problems/maximum-white-tiles-covered-by-a-carpet
LTI,Reverse Integer,88.8,https://leetcode.com/problems/reverse-integer
LTI,Closest Subsequence Sum,88.8,https://leetcode.com/problems/closest-subsequence-sum
LTI,Count Zero Request Servers,88.8,https://leetcode.com/problems/count-zero-request-servers
Lucid,Collect Coins in a Tree,100,https://leetcode.com/problems/collect-coins-in-a-tree
Lucid,Maximum Number of Balls in a Box,100,https://leetcode.com/problems/maximum-number-of-balls-in-a-box
Lucid,Valid Parentheses,73.8,https://leetcode.com/problems/valid-parentheses
Lucid,Min Stack,73.8,https://leetcode.com/problems/min-stack
Lucid,Generate Parentheses,64.9,https://leetcode.com/problems/generate-parentheses
Lucid,Longest Substring Without Repeating Characters,64.9,https://leetcode.com/problems/longest-substring-without-repeating-characters
Lucid,Gas Station,64.9,https://leetcode.com/problems/gas-station
Lucid,Number of Islands,64.9,https://leetcode.com/problems/number-of-islands
Luxoft,Two Sum,100,https://leetcode.com/problems/two-sum
Luxoft,Reverse Linked List,89.2,https://leetcode.com/problems/reverse-linked-list
Lyft,Rotting Oranges,100,https://leetcode.com/problems/rotting-oranges
Lyft,Time Based Key-Value Store,94.3,https://leetcode.com/problems/time-based-key-value-store
Lyft,Read N Characters Given read4 II - Call Multiple Times,93.5,https://leetcode.com/problems/read-n-characters-given-read4-ii-call-multiple-times
Lyft,Minimum Window Substring,91.9,https://leetcode.com/problems/minimum-window-substring
Lyft,Max Stack,79.8,https://leetcode.com/problems/max-stack
Lyft,Convert Sorted List to Binary Search Tree,78.2,https://leetcode.com/problems/convert-sorted-list-to-binary-search-tree
Lyft,Smallest Range Covering Elements from K Lists,74.6,https://leetcode.com/problems/smallest-range-covering-elements-from-k-lists
Lyft,Check Completeness of a Binary Tree,74.6,https://leetcode.com/problems/check-completeness-of-a-binary-tree
Lyft,String Compression,74.6,https://leetcode.com/problems/string-compression
Lyft,Car Pooling,74.6,https://leetcode.com/problems/car-pooling
Lyft,Range Sum Query 2D - Immutable,70.1,https://leetcode.com/problems/range-sum-query-2d-immutable
Lyft,Min Stack,67.5,https://leetcode.com/problems/min-stack
Lyft,Word Ladder II,64.4,https://leetcode.com/problems/word-ladder-ii
Lyft,Longest Consecutive Sequence,60.8,https://leetcode.com/problems/longest-consecutive-sequence
Lyft,Implement Trie (Prefix Tree),56.4,https://leetcode.com/problems/implement-trie-prefix-tree
Lyft,Water and Jug Problem,56.4,https://leetcode.com/problems/water-and-jug-problem
Lyft,Longest Substring Without Repeating Characters,56.4,https://leetcode.com/problems/longest-substring-without-repeating-characters
Lyft,Decode Ways,56.4,https://leetcode.com/problems/decode-ways
Lyft,Asteroid Collision,50.7,https://leetcode.com/problems/asteroid-collision
Lyft,Meeting Rooms II,50.7,https://leetcode.com/problems/meeting-rooms-ii
Lyft,Product of Array Except Self,50.7,https://leetcode.com/problems/product-of-array-except-self
Lyft,Maximum Candies You Can Get from Boxes,50.7,https://leetcode.com/problems/maximum-candies-you-can-get-from-boxes
Lyft,Sort List,50.7,https://leetcode.com/problems/sort-list
Lyft,Process Tasks Using Servers,42.7,https://leetcode.com/problems/process-tasks-using-servers
Lyft,Find Minimum Time to Finish All Jobs,42.7,https://leetcode.com/problems/find-minimum-time-to-finish-all-jobs
Lyft,Coordinate With Maximum Network Quality,42.7,https://leetcode.com/problems/coordinate-with-maximum-network-quality
Machine Zone,Range Module,100,https://leetcode.com/problems/range-module
Machine Zone,Number of Transactions per Visit,100,https://leetcode.com/problems/number-of-transactions-per-visit
MakeMyTrip,Reachable Nodes With Restrictions,100,https://leetcode.com/problems/reachable-nodes-with-restrictions
MakeMyTrip,Length of Longest Subarray With at Most K Frequency,100,https://leetcode.com/problems/length-of-longest-subarray-with-at-most-k-frequency
MakeMyTrip,Sum Of Special Evenly-Spaced Elements In Array,100,https://leetcode.com/problems/sum-of-special-evenly-spaced-elements-in-array
MakeMyTrip,Longest Ideal Subsequence,100,https://leetcode.com/problems/longest-ideal-subsequence
MakeMyTrip,First Missing Positive,94.4,https://leetcode.com/problems/first-missing-positive
MakeMyTrip,Cheapest Flights Within K Stops,82.7,https://leetcode.com/problems/cheapest-flights-within-k-stops
MakeMyTrip,Merge Intervals,70,https://leetcode.com/problems/merge-intervals
MakeMyTrip,Trapping Rain Water,70,https://leetcode.com/problems/trapping-rain-water
MakeMyTrip,Jump Game,70,https://leetcode.com/problems/jump-game
MakeMyTrip,Minimum Window Substring,70,https://leetcode.com/problems/minimum-window-substring
MakeMyTrip,Generate Parentheses,60,https://leetcode.com/problems/generate-parentheses
MakeMyTrip,Search a 2D Matrix II,60,https://leetcode.com/problems/search-a-2d-matrix-ii
MakeMyTrip,Longest Palindromic Substring,60,https://leetcode.com/problems/longest-palindromic-substring
MakeMyTrip,Word Search,60,https://leetcode.com/problems/word-search
MakeMyTrip,Regular Expression Matching,60,https://leetcode.com/problems/regular-expression-matching
MakeMyTrip,Implement Trie (Prefix Tree),60,https://leetcode.com/problems/implement-trie-prefix-tree
MakeMyTrip,Min Stack,60,https://leetcode.com/problems/min-stack
MakeMyTrip,Edit Distance,60,https://leetcode.com/problems/edit-distance
MakeMyTrip,Sliding Window Maximum,60,https://leetcode.com/problems/sliding-window-maximum
MakeMyTrip,Product of Array Except Self,60,https://leetcode.com/problems/product-of-array-except-self
MakeMyTrip,Evaluate Division,60,https://leetcode.com/problems/evaluate-division
MakeMyTrip,Longest Valid Parentheses,60,https://leetcode.com/problems/longest-valid-parentheses
MakeMyTrip,Longest Substring Without Repeating Characters,60,https://leetcode.com/problems/longest-substring-without-repeating-characters
MakeMyTrip,Reverse Nodes in k-Group,60,https://leetcode.com/problems/reverse-nodes-in-k-group
MakeMyTrip,Increasing Triplet Subsequence,60,https://leetcode.com/problems/increasing-triplet-subsequence
MakeMyTrip,Majority Element,60,https://leetcode.com/problems/majority-element
MakeMyTrip,Jump Game II,60,https://leetcode.com/problems/jump-game-ii
MakeMyTrip,Find First and Last Position of Element in Sorted Array,60,https://leetcode.com/problems/find-first-and-last-position-of-element-in-sorted-array
MakeMyTrip,Insert Delete GetRandom O(1),60,https://leetcode.com/problems/insert-delete-getrandom-o1
Mapbox,Sort Integers by The Number of 1 Bits,100,https://leetcode.com/problems/sort-integers-by-the-number-of-1-bits
Mapbox,Implement Trie (Prefix Tree),72.2,https://leetcode.com/problems/implement-trie-prefix-tree
MAQ Software,Unique Substrings in Wraparound String,100,https://leetcode.com/problems/unique-substrings-in-wraparound-string
MAQ Software,Longest Substring Without Repeating Characters,74,https://leetcode.com/problems/longest-substring-without-repeating-characters
MAQ Software,Trapping Rain Water,65.3,https://leetcode.com/problems/trapping-rain-water
MAQ Software,Largest Rectangle in Histogram,65.3,https://leetcode.com/problems/largest-rectangle-in-histogram
MAQ Software,Longest Palindromic Substring,65.3,https://leetcode.com/problems/longest-palindromic-substring
Mastercard,Two Sum,100,https://leetcode.com/problems/two-sum
Mastercard,Valid Parentheses,94.1,https://leetcode.com/problems/valid-parentheses
Mastercard,Valid Anagram,86.5,https://leetcode.com/problems/valid-anagram
Mastercard,Best Time to Buy and Sell Stock,86.5,https://leetcode.com/problems/best-time-to-buy-and-sell-stock
Mastercard,Subsets,75.8,https://leetcode.com/problems/subsets
Mastercard,Fizz Buzz,75.8,https://leetcode.com/problems/fizz-buzz
Mastercard,Container With Most Water,75.8,https://leetcode.com/problems/container-with-most-water
Mastercard,Rotate Image,75.8,https://leetcode.com/problems/rotate-image
Mastercard,Longest Palindromic Substring,75.8,https://leetcode.com/problems/longest-palindromic-substring
Mastercard,Candy,75.8,https://leetcode.com/problems/candy
Mastercard,Gas Station,75.8,https://leetcode.com/problems/gas-station
Mastercard,Coin Change,75.8,https://leetcode.com/problems/coin-change
MathWorks,Count Subarrays With Fixed Bounds,100,https://leetcode.com/problems/count-subarrays-with-fixed-bounds
MathWorks,Maximum Number of Alloys,98.5,https://leetcode.com/problems/maximum-number-of-alloys
MathWorks,Sell Diminishing-Valued Colored Balls,91.2,https://leetcode.com/problems/sell-diminishing-valued-colored-balls
MathWorks,Reshape the Matrix,91.2,https://leetcode.com/problems/reshape-the-matrix
MathWorks,Total Cost to Hire K Workers,91.2,https://leetcode.com/problems/total-cost-to-hire-k-workers
MathWorks,Earliest Second to Mark Indices I,88.9,https://leetcode.com/problems/earliest-second-to-mark-indices-i
MathWorks,Binary Tree Cameras,88.9,https://leetcode.com/problems/binary-tree-cameras
MathWorks,Keyboard Row,88.9,https://leetcode.com/problems/keyboard-row
MathWorks,Maximum Palindromes After Operations,88.9,https://leetcode.com/problems/maximum-palindromes-after-operations
MathWorks,Shopping Offers,88.9,https://leetcode.com/problems/shopping-offers
MathWorks,Earliest Second to Mark Indices II,88.9,https://leetcode.com/problems/earliest-second-to-mark-indices-ii
MathWorks,Last Substring in Lexicographical Order,88.9,https://leetcode.com/problems/last-substring-in-lexicographical-order
MathWorks,Count Anagrams,88.9,https://leetcode.com/problems/count-anagrams
MathWorks,Remove Colored Pieces if Both Neighbors are the Same Color,88.9,https://leetcode.com/problems/remove-colored-pieces-if-both-neighbors-are-the-same-color
MathWorks,Minimum Cost Tree From Leaf Values,88.9,https://leetcode.com/problems/minimum-cost-tree-from-leaf-values
MathWorks,Pass the Pillow,80.5,https://leetcode.com/problems/pass-the-pillow
MathWorks,String Transformation,80.5,https://leetcode.com/problems/string-transformation
MathWorks,Minimum Edge Reversals So Every Node Is Reachable,72.6,https://leetcode.com/problems/minimum-edge-reversals-so-every-node-is-reachable
MathWorks,Longest String Chain,60.7,https://leetcode.com/problems/longest-string-chain
MathWorks,Sum of Distances in Tree,60.7,https://leetcode.com/problems/sum-of-distances-in-tree
MathWorks,Number of Divisible Triplet Sums,60.7,https://leetcode.com/problems/number-of-divisible-triplet-sums
MathWorks,Split Array Largest Sum,60.7,https://leetcode.com/problems/split-array-largest-sum
MathWorks,Break a Palindrome,51.2,https://leetcode.com/problems/break-a-palindrome
MathWorks,Reverse Nodes in k-Group,51.2,https://leetcode.com/problems/reverse-nodes-in-k-group
MathWorks,Maximum Difference Between Increasing Elements,51.2,https://leetcode.com/problems/maximum-difference-between-increasing-elements
MathWorks,Convert Binary Number in a Linked List to Integer,51.2,https://leetcode.com/problems/convert-binary-number-in-a-linked-list-to-integer
MathWorks,Longest Repeating Character Replacement,51.2,https://leetcode.com/problems/longest-repeating-character-replacement
MathWorks,Distinct Subsequences,51.2,https://leetcode.com/problems/distinct-subsequences
MathWorks,Beautiful Arrangement,51.2,https://leetcode.com/problems/beautiful-arrangement
McKinsey,Maximal Score After Applying K Operations,100,https://leetcode.com/problems/maximal-score-after-applying-k-operations
McKinsey,Shortest Bridge,100,https://leetcode.com/problems/shortest-bridge
McKinsey,Number of Operations to Make Network Connected,97.7,https://leetcode.com/problems/number-of-operations-to-make-network-connected
McKinsey,Minimum One Bit Operations to Make Integers Zero,80.2,https://leetcode.com/problems/minimum-one-bit-operations-to-make-integers-zero
Media.net,Minimum Operations to Form Subsequence With Target Sum,100,https://leetcode.com/problems/minimum-operations-to-form-subsequence-with-target-sum
Media.net,Count the Number of Square-Free Subsets,92.9,https://leetcode.com/problems/count-the-number-of-square-free-subsets
Media.net,Scramble String,86.4,https://leetcode.com/problems/scramble-string
Media.net,Maximum Genetic Difference Query,86.4,https://leetcode.com/problems/maximum-genetic-difference-query
Media.net,Furthest Building You Can Reach,82.4,https://leetcode.com/problems/furthest-building-you-can-reach
Media.net,Minimum Total Space Wasted With K Resizing Operations,82.4,https://leetcode.com/problems/minimum-total-space-wasted-with-k-resizing-operations
Media.net,Make the XOR of All Segments Equal to Zero,82.4,https://leetcode.com/problems/make-the-xor-of-all-segments-equal-to-zero
Media.net,Minimum Time Visiting All Points,82.4,https://leetcode.com/problems/minimum-time-visiting-all-points
Media.net,Minimum XOR Sum of Two Arrays,82.4,https://leetcode.com/problems/minimum-xor-sum-of-two-arrays
Media.net,Minimum Cost to Buy Apples,82.4,https://leetcode.com/problems/minimum-cost-to-buy-apples
Media.net,Queens That Can Attack the King,82.4,https://leetcode.com/problems/queens-that-can-attack-the-king
Media.net,Maximum XOR of Two Non-Overlapping Subtrees,82.4,https://leetcode.com/problems/maximum-xor-of-two-non-overlapping-subtrees
Media.net,Difference Between Maximum and Minimum Price Sum,82.4,https://leetcode.com/problems/difference-between-maximum-and-minimum-price-sum
Media.net,Sum of Remoteness of All Cells,82.4,https://leetcode.com/problems/sum-of-remoteness-of-all-cells
Media.net,Maximum Value of an Ordered Triplet II,82.4,https://leetcode.com/problems/maximum-value-of-an-ordered-triplet-ii
Media.net,Maximum Value of an Ordered Triplet I,82.4,https://leetcode.com/problems/maximum-value-of-an-ordered-triplet-i
Media.net,Best Time to Buy and Sell Stock,77.4,https://leetcode.com/problems/best-time-to-buy-and-sell-stock
Media.net,Flatten Binary Tree to Linked List,74.4,https://leetcode.com/problems/flatten-binary-tree-to-linked-list
Media.net,Substring with Concatenation of All Words,74.4,https://leetcode.com/problems/substring-with-concatenation-of-all-words
Media.net,Merge Two Sorted Lists,70.9,https://leetcode.com/problems/merge-two-sorted-lists
Media.net,Painting the Walls,66.9,https://leetcode.com/problems/painting-the-walls
Media.net,Fizz Buzz,61.9,https://leetcode.com/problems/fizz-buzz
Media.net,Jump Game,61.9,https://leetcode.com/problems/jump-game
Media.net,LRU Cache,55.5,https://leetcode.com/problems/lru-cache
Media.net,Number of Submatrices That Sum to Target,55.5,https://leetcode.com/problems/number-of-submatrices-that-sum-to-target
Media.net,Binary Search Tree Iterator,55.5,https://leetcode.com/problems/binary-search-tree-iterator
Media.net,Valid Phone Numbers,55.5,https://leetcode.com/problems/valid-phone-numbers
Media.net,The Number of Good Subsets,55.5,https://leetcode.com/problems/the-number-of-good-subsets
Media.net,Valid Sudoku,55.5,https://leetcode.com/problems/valid-sudoku
Media.net,Best Time to Buy and Sell Stock II,55.5,https://leetcode.com/problems/best-time-to-buy-and-sell-stock-ii
Media.net,All O`one Data Structure,46.5,https://leetcode.com/problems/all-oone-data-structure
Media.net,Merge Intervals,46.5,https://leetcode.com/problems/merge-intervals
Media.net,Sliding Window Maximum,46.5,https://leetcode.com/problems/sliding-window-maximum
Media.net,Longest Palindromic Substring,46.5,https://leetcode.com/problems/longest-palindromic-substring
Media.net,Sum of Distances in Tree,46.5,https://leetcode.com/problems/sum-of-distances-in-tree
Media.net,Majority Element,46.5,https://leetcode.com/problems/majority-element
Media.net,Trapping Rain Water,46.5,https://leetcode.com/problems/trapping-rain-water
Media.net,Search in Rotated Sorted Array,46.5,https://leetcode.com/problems/search-in-rotated-sorted-array
Media.net,Minimize the Maximum Difference of Pairs,46.5,https://leetcode.com/problems/minimize-the-maximum-difference-of-pairs
Mercari,Smallest Missing Non-negative Integer After Operations,100,https://leetcode.com/problems/smallest-missing-non-negative-integer-after-operations
Mercari,Crawler Log Folder,94.5,https://leetcode.com/problems/crawler-log-folder
Mercari,Count Largest Group,94.5,https://leetcode.com/problems/count-largest-group
Mercari,Minimum Subsequence in Non-Increasing Order,94.5,https://leetcode.com/problems/minimum-subsequence-in-non-increasing-order
Mercari,Max Difference You Can Get From Changing an Integer,94.5,https://leetcode.com/problems/max-difference-you-can-get-from-changing-an-integer
Meta,Merge Sorted Array,88.1,https://leetcode.com/problems/merge-sorted-array
Meta,"Pow(x, n)",86.9,https://leetcode.com/problems/powx-n
Meta,Simplify Path,85.9,https://leetcode.com/problems/simplify-path
Meta,Merge Intervals,84.8,https://leetcode.com/problems/merge-intervals
Meta,Two Sum,83.8,https://leetcode.com/problems/two-sum
Meta,Next Permutation,78.3,https://leetcode.com/problems/next-permutation
Meta,Merge k Sorted Lists,77.2,https://leetcode.com/problems/merge-k-sorted-lists
Meta,3Sum,76.7,https://leetcode.com/problems/3sum
Meta,Find First and Last Position of Element in Sorted Array,72.1,https://leetcode.com/problems/find-first-and-last-position-of-element-in-sorted-array
Meta,Valid Parentheses,71.1,https://leetcode.com/problems/valid-parentheses
Meta,Valid Number,70.2,https://leetcode.com/problems/valid-number
Meta,Minimum Window Substring,68.6,https://leetcode.com/problems/minimum-window-substring
Meta,Longest Common Prefix,66.7,https://leetcode.com/problems/longest-common-prefix
Meta,Add Two Numbers,65.1,https://leetcode.com/problems/add-two-numbers
Meta,Letter Combinations of a Phone Number,64.1,https://leetcode.com/problems/letter-combinations-of-a-phone-number
Meta,Subsets,64.1,https://leetcode.com/problems/subsets
Meta,Remove Nth Node From End of List,63.6,https://leetcode.com/problems/remove-nth-node-from-end-of-list
Meta,Longest Substring Without Repeating Characters,63.1,https://leetcode.com/problems/longest-substring-without-repeating-characters
Meta,Trapping Rain Water,60.6,https://leetcode.com/problems/trapping-rain-water
Meta,String to Integer (atoi),59.7,https://leetcode.com/problems/string-to-integer-atoi
Meta,Longest Palindromic Substring,59,https://leetcode.com/problems/longest-palindromic-substring
Meta,Remove Duplicates from Sorted Array,59,https://leetcode.com/problems/remove-duplicates-from-sorted-array
Meta,Median of Two Sorted Arrays,58.2,https://leetcode.com/problems/median-of-two-sorted-arrays
Meta,Palindrome Number,57,https://leetcode.com/problems/palindrome-number
Meta,Search in Rotated Sorted Array,57,https://leetcode.com/problems/search-in-rotated-sorted-array
Meta,Roman to Integer,56.3,https://leetcode.com/problems/roman-to-integer
Meta,Merge Two Sorted Lists,53.9,https://leetcode.com/problems/merge-two-sorted-lists
Meta,Group Anagrams,53.6,https://leetcode.com/problems/group-anagrams
Meta,Count and Say,53.4,https://leetcode.com/problems/count-and-say
Meta,Climbing Stairs,52.8,https://leetcode.com/problems/climbing-stairs
Meta,Maximum Subarray,52.1,https://leetcode.com/problems/maximum-subarray
Meta,Container With Most Water,51.8,https://leetcode.com/problems/container-with-most-water
Meta,Set Matrix Zeroes,51.2,https://leetcode.com/problems/set-matrix-zeroes
Meta,Sort Colors,51.2,https://leetcode.com/problems/sort-colors
Meta,Add Binary,50.8,https://leetcode.com/problems/add-binary
Meta,Multiply Strings,50.1,https://leetcode.com/problems/multiply-strings
Meta,Reverse Integer,49.4,https://leetcode.com/problems/reverse-integer
Meta,Word Search,48.3,https://leetcode.com/problems/word-search
Meta,Plus One,47.5,https://leetcode.com/problems/plus-one
Meta,Generate Parentheses,47.5,https://leetcode.com/problems/generate-parentheses
Meta,Rotate Image,47.1,https://leetcode.com/problems/rotate-image
Meta,Spiral Matrix,46.6,https://leetcode.com/problems/spiral-matrix
Meta,Regular Expression Matching,46.2,https://leetcode.com/problems/regular-expression-matching
Meta,Insert Interval,45.3,https://leetcode.com/problems/insert-interval
Meta,Find the Index of the First Occurrence in a String,44.8,https://leetcode.com/problems/find-the-index-of-the-first-occurrence-in-a-string
Meta,Sqrt(x),44.3,https://leetcode.com/problems/sqrtx
Meta,Search a 2D Matrix,43.3,https://leetcode.com/problems/search-a-2d-matrix
Meta,Binary Tree Zigzag Level Order Traversal,43.3,https://leetcode.com/problems/binary-tree-zigzag-level-order-traversal
Meta,Divide Two Integers,43.3,https://leetcode.com/problems/divide-two-integers
Meta,Largest Rectangle in Histogram,42.7,https://leetcode.com/problems/largest-rectangle-in-histogram
Meta,Binary Tree Level Order Traversal,42.7,https://leetcode.com/problems/binary-tree-level-order-traversal
Meta,Remove Duplicates from Sorted Array II,42.2,https://leetcode.com/problems/remove-duplicates-from-sorted-array-ii
Meta,Unique Paths,42.2,https://leetcode.com/problems/unique-paths
Meta,Remove Element,41.6,https://leetcode.com/problems/remove-element
Meta,Jump Game,41.6,https://leetcode.com/problems/jump-game
Meta,Text Justification,41,https://leetcode.com/problems/text-justification
Meta,Validate Binary Search Tree,41,https://leetcode.com/problems/validate-binary-search-tree
Meta,3Sum Closest,40.4,https://leetcode.com/problems/3sum-closest
Meta,Decode Ways,39.8,https://leetcode.com/problems/decode-ways
Meta,Combination Sum,39.8,https://leetcode.com/problems/combination-sum
Meta,Subsets II,37,https://leetcode.com/problems/subsets-ii
Meta,4Sum,37,https://leetcode.com/problems/4sum
Meta,Maximal Rectangle,37,https://leetcode.com/problems/maximal-rectangle
Meta,Valid Sudoku,37,https://leetcode.com/problems/valid-sudoku
Meta,Permutations,36.2,https://leetcode.com/problems/permutations
Meta,Reverse Nodes in k-Group,36.2,https://leetcode.com/problems/reverse-nodes-in-k-group
Meta,Zigzag Conversion,36.2,https://leetcode.com/problems/zigzag-conversion
Meta,First Missing Positive,35.4,https://leetcode.com/problems/first-missing-positive
Meta,Wildcard Matching,35.4,https://leetcode.com/problems/wildcard-matching
Meta,Binary Tree Inorder Traversal,34.5,https://leetcode.com/problems/binary-tree-inorder-traversal
Meta,Minimum Depth of Binary Tree,34.5,https://leetcode.com/problems/minimum-depth-of-binary-tree
Meta,Combination Sum II,34.5,https://leetcode.com/problems/combination-sum-ii
Meta,Unique Paths II,34.5,https://leetcode.com/problems/unique-paths-ii
Meta,N-Queens,33.6,https://leetcode.com/problems/n-queens
Meta,Construct Binary Tree from Preorder and Inorder Traversal,33.6,https://leetcode.com/problems/construct-binary-tree-from-preorder-and-inorder-traversal
Meta,Search Insert Position,33.6,https://leetcode.com/problems/search-insert-position
Meta,Jump Game II,33.6,https://leetcode.com/problems/jump-game-ii
Meta,Rotate List,32.6,https://leetcode.com/problems/rotate-list
Meta,Search in Rotated Sorted Array II,32.6,https://leetcode.com/problems/search-in-rotated-sorted-array-ii
Meta,Maximum Depth of Binary Tree,31.6,https://leetcode.com/problems/maximum-depth-of-binary-tree
Meta,Reverse Linked List II,31.6,https://leetcode.com/problems/reverse-linked-list-ii
Meta,Edit Distance,31.6,https://leetcode.com/problems/edit-distance
Meta,Length of Last Word,31.6,https://leetcode.com/problems/length-of-last-word
Meta,Sudoku Solver,30.6,https://leetcode.com/problems/sudoku-solver
Meta,Symmetric Tree,30.6,https://leetcode.com/problems/symmetric-tree
Meta,Convert Sorted List to Binary Search Tree,26.9,https://leetcode.com/problems/convert-sorted-list-to-binary-search-tree
Meta,Restore IP Addresses,26.9,https://leetcode.com/problems/restore-ip-addresses
Meta,Longest Valid Parentheses,26.9,https://leetcode.com/problems/longest-valid-parentheses
Meta,Same Tree,25.5,https://leetcode.com/problems/same-tree
Meta,Integer to Roman,25.5,https://leetcode.com/problems/integer-to-roman
Meta,Swap Nodes in Pairs,25.5,https://leetcode.com/problems/swap-nodes-in-pairs
Meta,Combinations,24,https://leetcode.com/problems/combinations
Meta,Convert Sorted Array to Binary Search Tree,22.3,https://leetcode.com/problems/convert-sorted-array-to-binary-search-tree
Meta,Minimum Path Sum,22.3,https://leetcode.com/problems/minimum-path-sum
Meta,Balanced Binary Tree,22.3,https://leetcode.com/problems/balanced-binary-tree
Meta,Permutations II,18.4,https://leetcode.com/problems/permutations-ii
Meta,Unique Binary Search Trees II,16.1,https://leetcode.com/problems/unique-binary-search-trees-ii
Meta,Substring with Concatenation of All Words,16.1,https://leetcode.com/problems/substring-with-concatenation-of-all-words
Meta,Spiral Matrix II,13.6,https://leetcode.com/problems/spiral-matrix-ii
Meta,Binary Tree Level Order Traversal II,7.5,https://leetcode.com/problems/binary-tree-level-order-traversal-ii
Microsoft,Two Sum,100,https://leetcode.com/problems/two-sum
Microsoft,Merge Sorted Array,83.7,https://leetcode.com/problems/merge-sorted-array
Microsoft,Longest Substring Without Repeating Characters,79.4,https://leetcode.com/problems/longest-substring-without-repeating-characters
Microsoft,Add Two Numbers,78.3,https://leetcode.com/problems/add-two-numbers
Microsoft,Longest Palindromic Substring,75.8,https://leetcode.com/problems/longest-palindromic-substring
Microsoft,Trapping Rain Water,75.7,https://leetcode.com/problems/trapping-rain-water
Microsoft,Merge Intervals,73.8,https://leetcode.com/problems/merge-intervals
Microsoft,Valid Parentheses,72.9,https://leetcode.com/problems/valid-parentheses
Microsoft,Median of Two Sorted Arrays,72.9,https://leetcode.com/problems/median-of-two-sorted-arrays
Microsoft,Maximum Subarray,72.9,https://leetcode.com/problems/maximum-subarray
Microsoft,3Sum,72.9,https://leetcode.com/problems/3sum
Microsoft,Group Anagrams,69.8,https://leetcode.com/problems/group-anagrams
Microsoft,Search in Rotated Sorted Array,68.5,https://leetcode.com/problems/search-in-rotated-sorted-array
Microsoft,Reverse Nodes in k-Group,68.5,https://leetcode.com/problems/reverse-nodes-in-k-group
Microsoft,Merge Two Sorted Lists,68.5,https://leetcode.com/problems/merge-two-sorted-lists
Microsoft,Spiral Matrix,68.3,https://leetcode.com/problems/spiral-matrix
Microsoft,Roman to Integer,68.3,https://leetcode.com/problems/roman-to-integer
Microsoft,Climbing Stairs,68,https://leetcode.com/problems/climbing-stairs
Microsoft,Rotate Image,67.7,https://leetcode.com/problems/rotate-image
Microsoft,Container With Most Water,67.7,https://leetcode.com/problems/container-with-most-water
Microsoft,Merge k Sorted Lists,67.5,https://leetcode.com/problems/merge-k-sorted-lists
Microsoft,Palindrome Number,67.5,https://leetcode.com/problems/palindrome-number
Microsoft,Sort Colors,65.8,https://leetcode.com/problems/sort-colors
Microsoft,Longest Common Prefix,65.8,https://leetcode.com/problems/longest-common-prefix
Microsoft,Remove Duplicates from Sorted Array,64.5,https://leetcode.com/problems/remove-duplicates-from-sorted-array
Microsoft,Set Matrix Zeroes,62.9,https://leetcode.com/problems/set-matrix-zeroes
Microsoft,Letter Combinations of a Phone Number,62.5,https://leetcode.com/problems/letter-combinations-of-a-phone-number
Microsoft,Reverse Integer,62.5,https://leetcode.com/problems/reverse-integer
Microsoft,Word Search,60.6,https://leetcode.com/problems/word-search
Microsoft,Generate Parentheses,60.2,https://leetcode.com/problems/generate-parentheses
Microsoft,Jump Game,59.4,https://leetcode.com/problems/jump-game
Microsoft,Next Permutation,59,https://leetcode.com/problems/next-permutation
Microsoft,Remove Element,58.1,https://leetcode.com/problems/remove-element
Microsoft,Minimum Path Sum,58.1,https://leetcode.com/problems/minimum-path-sum
Microsoft,Binary Tree Zigzag Level Order Traversal,57.6,https://leetcode.com/problems/binary-tree-zigzag-level-order-traversal
Microsoft,String to Integer (atoi),55.6,https://leetcode.com/problems/string-to-integer-atoi
Microsoft,Validate Binary Search Tree,55.6,https://leetcode.com/problems/validate-binary-search-tree
Microsoft,First Missing Positive,54.6,https://leetcode.com/problems/first-missing-positive
Microsoft,Find the Index of the First Occurrence in a String,54.6,https://leetcode.com/problems/find-the-index-of-the-first-occurrence-in-a-string
Microsoft,Combination Sum,54.6,https://leetcode.com/problems/combination-sum
Microsoft,Find First and Last Position of Element in Sorted Array,54.6,https://leetcode.com/problems/find-first-and-last-position-of-element-in-sorted-array
Microsoft,Largest Rectangle in Histogram,54.6,https://leetcode.com/problems/largest-rectangle-in-histogram
Microsoft,Jump Game II,54,https://leetcode.com/problems/jump-game-ii
Microsoft,Permutations,54,https://leetcode.com/problems/permutations
Microsoft,Unique Paths,52.8,https://leetcode.com/problems/unique-paths
Microsoft,Swap Nodes in Pairs,52.8,https://leetcode.com/problems/swap-nodes-in-pairs
Microsoft,4Sum,52.2,https://leetcode.com/problems/4sum
Microsoft,Search Insert Position,52.2,https://leetcode.com/problems/search-insert-position
Microsoft,"Pow(x, n)",52.2,https://leetcode.com/problems/powx-n
Microsoft,Integer to Roman,52.2,https://leetcode.com/problems/integer-to-roman
Microsoft,Subsets,52.2,https://leetcode.com/problems/subsets
Microsoft,Regular Expression Matching,51.6,https://leetcode.com/problems/regular-expression-matching
Microsoft,Search a 2D Matrix,50.9,https://leetcode.com/problems/search-a-2d-matrix
Microsoft,Binary Tree Level Order Traversal,50.9,https://leetcode.com/problems/binary-tree-level-order-traversal
Microsoft,N-Queens,50.9,https://leetcode.com/problems/n-queens
Microsoft,Valid Sudoku,50.2,https://leetcode.com/problems/valid-sudoku
Microsoft,Binary Tree Inorder Traversal,49.5,https://leetcode.com/problems/binary-tree-inorder-traversal
Microsoft,Divide Two Integers,49.5,https://leetcode.com/problems/divide-two-integers
Microsoft,Remove Nth Node From End of List,49.5,https://leetcode.com/problems/remove-nth-node-from-end-of-list
Microsoft,Edit Distance,49.5,https://leetcode.com/problems/edit-distance
Microsoft,Simplify Path,49.5,https://leetcode.com/problems/simplify-path
Microsoft,Restore IP Addresses,48.8,https://leetcode.com/problems/restore-ip-addresses
Microsoft,Sudoku Solver,48.8,https://leetcode.com/problems/sudoku-solver
Microsoft,Longest Valid Parentheses,47.2,https://leetcode.com/problems/longest-valid-parentheses
Microsoft,Decode Ways,45.5,https://leetcode.com/problems/decode-ways
Microsoft,Maximal Rectangle,44.5,https://leetcode.com/problems/maximal-rectangle
Microsoft,Sqrt(x),44.5,https://leetcode.com/problems/sqrtx
Microsoft,Reverse Linked List II,43.6,https://leetcode.com/problems/reverse-linked-list-ii
Microsoft,Permutations II,43.6,https://leetcode.com/problems/permutations-ii
Microsoft,Zigzag Conversion,43.6,https://leetcode.com/problems/zigzag-conversion
Microsoft,Plus One,42.5,https://leetcode.com/problems/plus-one
Microsoft,Symmetric Tree,42.5,https://leetcode.com/problems/symmetric-tree
Microsoft,Add Binary,41.4,https://leetcode.com/problems/add-binary
Microsoft,Minimum Window Substring,41.4,https://leetcode.com/problems/minimum-window-substring
Microsoft,Search in Rotated Sorted Array II,39,https://leetcode.com/problems/search-in-rotated-sorted-array-ii
Microsoft,Wildcard Matching,39,https://leetcode.com/problems/wildcard-matching
Microsoft,Remove Duplicates from Sorted List,39,https://leetcode.com/problems/remove-duplicates-from-sorted-list
Microsoft,Remove Duplicates from Sorted Array II,37.7,https://leetcode.com/problems/remove-duplicates-from-sorted-array-ii
Microsoft,Insert Interval,37.7,https://leetcode.com/problems/insert-interval
Microsoft,Combination Sum II,37.7,https://leetcode.com/problems/combination-sum-ii
Microsoft,Multiply Strings,37.7,https://leetcode.com/problems/multiply-strings
Microsoft,Text Justification,37.7,https://leetcode.com/problems/text-justification
Microsoft,Spiral Matrix II,37.7,https://leetcode.com/problems/spiral-matrix-ii
Microsoft,Length of Last Word,37.7,https://leetcode.com/problems/length-of-last-word
Microsoft,Recover Binary Search Tree,36.2,https://leetcode.com/problems/recover-binary-search-tree
Microsoft,Interleaving String,36.2,https://leetcode.com/problems/interleaving-string
Microsoft,Same Tree,36.2,https://leetcode.com/problems/same-tree
Microsoft,Maximum Depth of Binary Tree,36.2,https://leetcode.com/problems/maximum-depth-of-binary-tree
Microsoft,Subsets II,36.2,https://leetcode.com/problems/subsets-ii
Microsoft,Rotate List,36.2,https://leetcode.com/problems/rotate-list
Microsoft,Remove Duplicates from Sorted List II,34.7,https://leetcode.com/problems/remove-duplicates-from-sorted-list-ii
Microsoft,Combinations,31.1,https://leetcode.com/problems/combinations
Microsoft,Count and Say,31.1,https://leetcode.com/problems/count-and-say
Microsoft,3Sum Closest,31.1,https://leetcode.com/problems/3sum-closest
Microsoft,Substring with Concatenation of All Words,26.7,https://leetcode.com/problems/substring-with-concatenation-of-all-words
Microsoft,Partition List,24.1,https://leetcode.com/problems/partition-list
Microsoft,Unique Paths II,24.1,https://leetcode.com/problems/unique-paths-ii
Microsoft,Unique Binary Search Trees,21,https://leetcode.com/problems/unique-binary-search-trees
Microsoft,N-Queens II,21,https://leetcode.com/problems/n-queens-ii
Microsoft,Unique Binary Search Trees II,13.2,https://leetcode.com/problems/unique-binary-search-trees-ii
Microstrategy,Airplane Seat Assignment Probability,100,https://leetcode.com/problems/airplane-seat-assignment-probability
Microstrategy,Zigzag Conversion,85.2,https://leetcode.com/problems/zigzag-conversion
Microstrategy,Backspace String Compare,80.4,https://leetcode.com/problems/backspace-string-compare
Microstrategy,Top K Frequent Elements,65.6,https://leetcode.com/problems/top-k-frequent-elements
Microstrategy,Best Time to Buy and Sell Stock,65.6,https://leetcode.com/problems/best-time-to-buy-and-sell-stock
Microstrategy,Battleships in a Board,65.6,https://leetcode.com/problems/battleships-in-a-board
Microstrategy,Number of Ways to Build Sturdy Brick Wall,65.6,https://leetcode.com/problems/number-of-ways-to-build-sturdy-brick-wall
Microstrategy,Permutations,65.6,https://leetcode.com/problems/permutations
Microstrategy,Minimum Number of Swaps to Make the String Balanced,65.6,https://leetcode.com/problems/minimum-number-of-swaps-to-make-the-string-balanced
Millennium,"Pow(x, n)",100,https://leetcode.com/problems/powx-n
Millennium,Find the Smallest Divisor Given a Threshold,100,https://leetcode.com/problems/find-the-smallest-divisor-given-a-threshold
Millennium,Broken Calculator,100,https://leetcode.com/problems/broken-calculator
Millennium,Partition Array Into Two Arrays to Minimize Sum Difference,100,https://leetcode.com/problems/partition-array-into-two-arrays-to-minimize-sum-difference
Millennium,Valid Parentheses,100,https://leetcode.com/problems/valid-parentheses
Millennium,Palindromic Substrings,100,https://leetcode.com/problems/palindromic-substrings
Millennium,Best Time to Buy and Sell Stock,100,https://leetcode.com/problems/best-time-to-buy-and-sell-stock
Mindtickle,Find Array Given Subset Sums,100,https://leetcode.com/problems/find-array-given-subset-sums
Mindtickle,Get the Maximum Score,100,https://leetcode.com/problems/get-the-maximum-score
Mindtickle,Number of Ways to Wear Different Hats to Each Other,100,https://leetcode.com/problems/number-of-ways-to-wear-different-hats-to-each-other
Mindtickle,Capacity To Ship Packages Within D Days,64.6,https://leetcode.com/problems/capacity-to-ship-packages-within-d-days
MindTree,Count Integers With Even Digit Sum,100,https://leetcode.com/problems/count-integers-with-even-digit-sum
MindTree,Two Sum,75.2,https://leetcode.com/problems/two-sum
MindTree,Average Time of Process per Machine,66.8,https://leetcode.com/problems/average-time-of-process-per-machine
Miro,Insert Delete GetRandom O(1),100,https://leetcode.com/problems/insert-delete-getrandom-o1
Miro,Meeting Rooms II,100,https://leetcode.com/problems/meeting-rooms-ii
Miro,Container With Most Water,89.7,https://leetcode.com/problems/container-with-most-water
Mitsogo,Find the Integer Added to Array I,100,https://leetcode.com/problems/find-the-integer-added-to-array-i
Mitsogo,Find the Integer Added to Array II,100,https://leetcode.com/problems/find-the-integer-added-to-array-ii
Mitsogo,Minimum Substring Partition of Equal Character Frequency,100,https://leetcode.com/problems/minimum-substring-partition-of-equal-character-frequency
Mitsogo,Construct String with Minimum Cost,100,https://leetcode.com/problems/construct-string-with-minimum-cost
Mitsogo,Maximum Total Reward Using Operations I,100,https://leetcode.com/problems/maximum-total-reward-using-operations-i
Mitsogo,Maximum Total Reward Using Operations II,100,https://leetcode.com/problems/maximum-total-reward-using-operations-ii
Mitsogo,Shortest Subarray With OR at Least K II,100,https://leetcode.com/problems/shortest-subarray-with-or-at-least-k-ii
Mitsogo,Shortest Subarray With OR at Least K I,100,https://leetcode.com/problems/shortest-subarray-with-or-at-least-k-i
Mitsogo,Right Triangles,100,https://leetcode.com/problems/right-triangles
Mitsogo,Symmetric Coordinates,100,https://leetcode.com/problems/symmetric-coordinates
Mitsogo,Pascal's Triangle,71.1,https://leetcode.com/problems/pascals-triangle
Mitsogo,Next Permutation,71.1,https://leetcode.com/problems/next-permutation
Mitsogo,Next Greater Element III,61.3,https://leetcode.com/problems/next-greater-element-iii
Mitsogo,Zigzag Conversion,61.3,https://leetcode.com/problems/zigzag-conversion
Mitsogo,Jump Game II,61.3,https://leetcode.com/problems/jump-game-ii
Mitsogo,Valid Parentheses,61.3,https://leetcode.com/problems/valid-parentheses
Mixpanel,Interval List Intersections,100,https://leetcode.com/problems/interval-list-intersections
Mixpanel,Flatten Nested List Iterator,100,https://leetcode.com/problems/flatten-nested-list-iterator
Mixpanel,Stock Price Fluctuation ,84.3,https://leetcode.com/problems/stock-price-fluctuation
Mobileye,Copy List with Random Pointer,100,https://leetcode.com/problems/copy-list-with-random-pointer
Mobileye,LRU Cache,90,https://leetcode.com/problems/lru-cache
Moengage,Redistribute Characters to Make All Strings Equal,100,https://leetcode.com/problems/redistribute-characters-to-make-all-strings-equal
Moengage,Decode Ways,68.5,https://leetcode.com/problems/decode-ways
Moloco,Longest String Chain,100,https://leetcode.com/problems/longest-string-chain
Moloco,Design a Stack With Increment Operation,92.6,https://leetcode.com/problems/design-a-stack-with-increment-operation
Moloco,Trapping Rain Water,92.6,https://leetcode.com/problems/trapping-rain-water
Moloco,Meeting Rooms II,82.2,https://leetcode.com/problems/meeting-rooms-ii
Moloco,Single Element in a Sorted Array,82.2,https://leetcode.com/problems/single-element-in-a-sorted-array
Moloco,Longest Continuous Subarray With Absolute Diff Less Than or Equal to Limit,82.2,https://leetcode.com/problems/longest-continuous-subarray-with-absolute-diff-less-than-or-equal-to-limit
Moloco,Number of Islands,82.2,https://leetcode.com/problems/number-of-islands
MongoDB,Word Break,100,https://leetcode.com/problems/word-break
MongoDB,Web Crawler Multithreaded,95.2,https://leetcode.com/problems/web-crawler-multithreaded
MongoDB,Intersection of Two Arrays,95.2,https://leetcode.com/problems/intersection-of-two-arrays
MongoDB,Insert Interval,89.3,https://leetcode.com/problems/insert-interval
MongoDB,Merge Two Binary Trees,89.3,https://leetcode.com/problems/merge-two-binary-trees
MongoDB,Stock Price Fluctuation ,89.3,https://leetcode.com/problems/stock-price-fluctuation
MongoDB,Text Justification,89.3,https://leetcode.com/problems/text-justification
MongoDB,LRU Cache,81.7,https://leetcode.com/problems/lru-cache
MongoDB,Merge k Sorted Lists,81.7,https://leetcode.com/problems/merge-k-sorted-lists
MongoDB,Valid Sudoku,71.1,https://leetcode.com/problems/valid-sudoku
MongoDB,Search in Rotated Sorted Array,71.1,https://leetcode.com/problems/search-in-rotated-sorted-array
MongoDB,Design Hit Counter,71.1,https://leetcode.com/problems/design-hit-counter
MongoDB,Sliding Window Maximum,71.1,https://leetcode.com/problems/sliding-window-maximum
MongoDB,Lowest Common Ancestor of a Binary Tree,71.1,https://leetcode.com/problems/lowest-common-ancestor-of-a-binary-tree
Morgan Stanley,Best Time to Buy and Sell Stock,100,https://leetcode.com/problems/best-time-to-buy-and-sell-stock
Morgan Stanley,Minimum Cost to Move Chips to The Same Position,89.7,https://leetcode.com/problems/minimum-cost-to-move-chips-to-the-same-position
Morgan Stanley,Find The Original Array of Prefix Xor,89.7,https://leetcode.com/problems/find-the-original-array-of-prefix-xor
Morgan Stanley,Best Team With No Conflicts,89.7,https://leetcode.com/problems/best-team-with-no-conflicts
Morgan Stanley,Find Subarrays With Equal Sum,87.5,https://leetcode.com/problems/find-subarrays-with-equal-sum
Morgan Stanley,Minimum Number of Lines to Cover Points,87.5,https://leetcode.com/problems/minimum-number-of-lines-to-cover-points
Morgan Stanley,The Employee That Worked on the Longest Task,87.5,https://leetcode.com/problems/the-employee-that-worked-on-the-longest-task
Morgan Stanley,Find the Longest Valid Obstacle Course at Each Position,87.5,https://leetcode.com/problems/find-the-longest-valid-obstacle-course-at-each-position
Morgan Stanley,Count Subarrays With Fixed Bounds,75.5,https://leetcode.com/problems/count-subarrays-with-fixed-bounds
Morgan Stanley,Two Sum,71.2,https://leetcode.com/problems/two-sum
Morgan Stanley,Merge Intervals,71.2,https://leetcode.com/problems/merge-intervals
Morgan Stanley,Longest Substring Without Repeating Characters,65.9,https://leetcode.com/problems/longest-substring-without-repeating-characters
Morgan Stanley,First Missing Positive,65.9,https://leetcode.com/problems/first-missing-positive
Morgan Stanley,Kth Largest Element in an Array,59.2,https://leetcode.com/problems/kth-largest-element-in-an-array
Morgan Stanley,3Sum,59.2,https://leetcode.com/problems/3sum
Morgan Stanley,Group Anagrams,59.2,https://leetcode.com/problems/group-anagrams
Morgan Stanley,Make K-Subarray Sums Equal,59.2,https://leetcode.com/problems/make-k-subarray-sums-equal
Morgan Stanley,Contiguous Array,59.2,https://leetcode.com/problems/contiguous-array
Morgan Stanley,Minimum Number of Refueling Stops,59.2,https://leetcode.com/problems/minimum-number-of-refueling-stops
Morgan Stanley,LRU Cache,59.2,https://leetcode.com/problems/lru-cache
Morgan Stanley,Copy List with Random Pointer,59.2,https://leetcode.com/problems/copy-list-with-random-pointer
Morgan Stanley,Reverse String,49.7,https://leetcode.com/problems/reverse-string
Morgan Stanley,Maximum Subarray,49.7,https://leetcode.com/problems/maximum-subarray
Morgan Stanley,Remove Duplicates from Sorted Array,49.7,https://leetcode.com/problems/remove-duplicates-from-sorted-array
Morgan Stanley,Stamping The Sequence,49.7,https://leetcode.com/problems/stamping-the-sequence
Morgan Stanley,Generate Parentheses,49.7,https://leetcode.com/problems/generate-parentheses
Morgan Stanley,Kth Missing Positive Number,49.7,https://leetcode.com/problems/kth-missing-positive-number
Morgan Stanley,Coin Change II,49.7,https://leetcode.com/problems/coin-change-ii
Morgan Stanley,Min Stack,49.7,https://leetcode.com/problems/min-stack
Morgan Stanley,Palindrome Linked List,49.7,https://leetcode.com/problems/palindrome-linked-list
Morgan Stanley,Valid Parentheses,49.7,https://leetcode.com/problems/valid-parentheses
Morgan Stanley,Letter Combinations of a Phone Number,49.7,https://leetcode.com/problems/letter-combinations-of-a-phone-number
Morgan Stanley,Word Search,49.7,https://leetcode.com/problems/word-search
Morgan Stanley,Minimum Operations to Reduce X to Zero,49.7,https://leetcode.com/problems/minimum-operations-to-reduce-x-to-zero
Morgan Stanley,Number of Islands,49.7,https://leetcode.com/problems/number-of-islands
Morgan Stanley,Subarrays with K Different Integers,49.7,https://leetcode.com/problems/subarrays-with-k-different-integers
Morgan Stanley,Jump Game,49.7,https://leetcode.com/problems/jump-game
Morgan Stanley,Steps to Make Array Non-decreasing,49.7,https://leetcode.com/problems/steps-to-make-array-non-decreasing
Morgan Stanley,Meeting Rooms II,49.7,https://leetcode.com/problems/meeting-rooms-ii
Morgan Stanley,Count of Range Sum,49.7,https://leetcode.com/problems/count-of-range-sum
Morgan Stanley,Rotate List,49.7,https://leetcode.com/problems/rotate-list
Morgan Stanley,Sort Colors,49.7,https://leetcode.com/problems/sort-colors
Morgan Stanley,Next Greater Element I,49.7,https://leetcode.com/problems/next-greater-element-i
Morgan Stanley,Count of Integers,49.7,https://leetcode.com/problems/count-of-integers
Morgan Stanley,Decode Ways,49.7,https://leetcode.com/problems/decode-ways
Morgan Stanley,Subarray Sum Equals K,49.7,https://leetcode.com/problems/subarray-sum-equals-k
Morgan Stanley,Count Binary Substrings,49.7,https://leetcode.com/problems/count-binary-substrings
Morgan Stanley,Subtree of Another Tree,49.7,https://leetcode.com/problems/subtree-of-another-tree
Morgan Stanley,Reverse Words in a String,49.7,https://leetcode.com/problems/reverse-words-in-a-string
Morgan Stanley,House Robber,49.7,https://leetcode.com/problems/house-robber
Morgan Stanley,Longest Palindromic Substring,49.7,https://leetcode.com/problems/longest-palindromic-substring
Mountblue,Decode String,100,https://leetcode.com/problems/decode-string
Mountblue,Score of Parentheses,93.1,https://leetcode.com/problems/score-of-parentheses
Moveworks,Text Justification,100,https://leetcode.com/problems/text-justification
Moveworks,Shortest Uncommon Substring in an Array,92.7,https://leetcode.com/problems/shortest-uncommon-substring-in-an-array
Moveworks,Synonymous Sentences,91.5,https://leetcode.com/problems/synonymous-sentences
Moveworks,Word Break II,86,https://leetcode.com/problems/word-break-ii
Moveworks,Maximum Number of Removable Characters,52,https://leetcode.com/problems/maximum-number-of-removable-characters
Moveworks,Merge Intervals,52,https://leetcode.com/problems/merge-intervals
MSCI,Group Anagrams,100,https://leetcode.com/problems/group-anagrams
Myntra,Maximum Earnings From Taxi,100,https://leetcode.com/problems/maximum-earnings-from-taxi
Myntra,Asteroid Collision,76.1,https://leetcode.com/problems/asteroid-collision
Myntra,Trapping Rain Water,69.3,https://leetcode.com/problems/trapping-rain-water
Myntra,Container With Most Water,69.3,https://leetcode.com/problems/container-with-most-water
Myntra,Rotting Oranges,69.3,https://leetcode.com/problems/rotting-oranges
Myntra,3Sum,69.3,https://leetcode.com/problems/3sum
Myntra,First Missing Positive,69.3,https://leetcode.com/problems/first-missing-positive
Myntra,Largest Rectangle in Histogram,69.3,https://leetcode.com/problems/largest-rectangle-in-histogram
Myntra,Deepest Leaves Sum,69.3,https://leetcode.com/problems/deepest-leaves-sum
Myntra,Repeated Substring Pattern,69.3,https://leetcode.com/problems/repeated-substring-pattern
Myntra,Largest Number,69.3,https://leetcode.com/problems/largest-number
Myntra,LRU Cache,69.3,https://leetcode.com/problems/lru-cache
Myntra,Lowest Common Ancestor of a Binary Tree,59.7,https://leetcode.com/problems/lowest-common-ancestor-of-a-binary-tree
Myntra,Group Anagrams,59.7,https://leetcode.com/problems/group-anagrams
Myntra,Minimum Time to Collect All Apples in a Tree,59.7,https://leetcode.com/problems/minimum-time-to-collect-all-apples-in-a-tree
Myntra,Maximal Square,59.7,https://leetcode.com/problems/maximal-square
Myntra,Wiggle Sort,59.7,https://leetcode.com/problems/wiggle-sort
Myntra,Target Sum,59.7,https://leetcode.com/problems/target-sum
Myntra,Minimum Moves to Equal Array Elements II,59.7,https://leetcode.com/problems/minimum-moves-to-equal-array-elements-ii
Myntra,Two Sum,59.7,https://leetcode.com/problems/two-sum
Myntra,Flatten Binary Tree to Linked List,59.7,https://leetcode.com/problems/flatten-binary-tree-to-linked-list
Myntra,Best Time to Buy and Sell Stock,59.7,https://leetcode.com/problems/best-time-to-buy-and-sell-stock
Nagarro,Count Number of Ways to Place Houses,100,https://leetcode.com/problems/count-number-of-ways-to-place-houses
Nagarro,Longest Substring Without Repeating Characters,79.4,https://leetcode.com/problems/longest-substring-without-repeating-characters
Nagarro,Minimum Window Substring,72.9,https://leetcode.com/problems/minimum-window-substring
Nagarro,Two Sum,63.8,https://leetcode.com/problems/two-sum
Nagarro,Valid Parentheses,63.8,https://leetcode.com/problems/valid-parentheses
Nagarro,Contains Duplicate,63.8,https://leetcode.com/problems/contains-duplicate
Nagarro,Subarray Sum Equals K,63.8,https://leetcode.com/problems/subarray-sum-equals-k
Nagarro,Valid Anagram,63.8,https://leetcode.com/problems/valid-anagram
Nagarro,Remove Duplicates from Sorted Array,63.8,https://leetcode.com/problems/remove-duplicates-from-sorted-array
National Instruments,Decoded String at Index,100,https://leetcode.com/problems/decoded-string-at-index
National Instruments,Champagne Tower,85.3,https://leetcode.com/problems/champagne-tower
National Instruments,Trapping Rain Water,74.6,https://leetcode.com/problems/trapping-rain-water
National Instruments,Snakes and Ladders,66,https://leetcode.com/problems/snakes-and-ladders
National Payments Corporation of India,Special Array II,100,https://leetcode.com/problems/special-array-ii
National Payments Corporation of India,Special Array I,100,https://leetcode.com/problems/special-array-i
Navan,LRU Cache,100,https://leetcode.com/problems/lru-cache
Navan,Trapping Rain Water,89.4,https://leetcode.com/problems/trapping-rain-water
Navan,Word Ladder,89.4,https://leetcode.com/problems/word-ladder
Navan,Paint House,89.4,https://leetcode.com/problems/paint-house
Navi,Minimize the Maximum Difference of Pairs,100,https://leetcode.com/problems/minimize-the-maximum-difference-of-pairs
Navi,Minimum Number of Days to Make m Bouquets,80.7,https://leetcode.com/problems/minimum-number-of-days-to-make-m-bouquets
Navi,Search in Rotated Sorted Array,66.2,https://leetcode.com/problems/search-in-rotated-sorted-array
Navi,Trapping Rain Water,66.2,https://leetcode.com/problems/trapping-rain-water
NCR,Number of People Aware of a Secret,100,https://leetcode.com/problems/number-of-people-aware-of-a-secret
NCR,Longest Substring Without Repeating Characters,89.6,https://leetcode.com/problems/longest-substring-without-repeating-characters
NetApp,Find First and Last Position of Element in Sorted Array,100,https://leetcode.com/problems/find-first-and-last-position-of-element-in-sorted-array
NetApp,LRU Cache,100,https://leetcode.com/problems/lru-cache
NetApp,Move Zeroes,100,https://leetcode.com/problems/move-zeroes
NetApp,Reverse Linked List,87.3,https://leetcode.com/problems/reverse-linked-list
NetApp,Basic Calculator II,87.3,https://leetcode.com/problems/basic-calculator-ii
NetApp,Alien Dictionary,87.3,https://leetcode.com/problems/alien-dictionary
NetApp,Path Sum III,87.3,https://leetcode.com/problems/path-sum-iii
NetApp,Reconstruct Original Digits from English,87.3,https://leetcode.com/problems/reconstruct-original-digits-from-english
NetApp,Group Anagrams,87.3,https://leetcode.com/problems/group-anagrams
NetApp,Merge k Sorted Lists,87.3,https://leetcode.com/problems/merge-k-sorted-lists
NetEase,Strange Printer,100,https://leetcode.com/problems/strange-printer
NetEase,Most Profit Assigning Work,98.1,https://leetcode.com/problems/most-profit-assigning-work
Netflix,Merge Intervals,100,https://leetcode.com/problems/merge-intervals
Netflix,Logger Rate Limiter,89.4,https://leetcode.com/problems/logger-rate-limiter
Netflix,Meeting Rooms II,87.7,https://leetcode.com/problems/meeting-rooms-ii
Netflix,First Missing Positive,87.7,https://leetcode.com/problems/first-missing-positive
Netflix,Reconstruct Itinerary,85.8,https://leetcode.com/problems/reconstruct-itinerary
Netflix,Random Pick with Weight,81.3,https://leetcode.com/problems/random-pick-with-weight
Netflix,Time Based Key-Value Store,75.8,https://leetcode.com/problems/time-based-key-value-store
Netflix,Flatten Nested List Iterator,75.8,https://leetcode.com/problems/flatten-nested-list-iterator
Netflix,LRU Cache,72.4,https://leetcode.com/problems/lru-cache
Netflix,Top K Frequent Elements,72.4,https://leetcode.com/problems/top-k-frequent-elements
Netflix,Summary Ranges,72.4,https://leetcode.com/problems/summary-ranges
Netflix,Cache With Time Limit,68.4,https://leetcode.com/problems/cache-with-time-limit
Netflix,Contains Duplicate II,63.5,https://leetcode.com/problems/contains-duplicate-ii
Netflix,Longest Substring Without Repeating Characters,63.5,https://leetcode.com/problems/longest-substring-without-repeating-characters
Netflix,Contains Duplicate III,63.5,https://leetcode.com/problems/contains-duplicate-iii
Netflix,Top K Frequent Words,57.2,https://leetcode.com/problems/top-k-frequent-words
Netflix,Contains Duplicate,57.2,https://leetcode.com/problems/contains-duplicate
Netflix,Koko Eating Bananas,57.2,https://leetcode.com/problems/koko-eating-bananas
Netflix,Word Search,57.2,https://leetcode.com/problems/word-search
Netflix,Daily Temperatures,57.2,https://leetcode.com/problems/daily-temperatures
Netflix,Best Time to Buy and Sell Stock,57.2,https://leetcode.com/problems/best-time-to-buy-and-sell-stock
Netflix,Valid Parentheses,57.2,https://leetcode.com/problems/valid-parentheses
Netflix,Insert Delete GetRandom O(1),57.2,https://leetcode.com/problems/insert-delete-getrandom-o1
Netflix,Search in Rotated Sorted Array,57.2,https://leetcode.com/problems/search-in-rotated-sorted-array
Netflix,Course Schedule II,57.2,https://leetcode.com/problems/course-schedule-ii
Netflix,Text Justification,48.3,https://leetcode.com/problems/text-justification
Netflix,Spiral Matrix,48.3,https://leetcode.com/problems/spiral-matrix
Netflix,Merge Sorted Array,48.3,https://leetcode.com/problems/merge-sorted-array
Netflix,Number of Flowers in Full Bloom,48.3,https://leetcode.com/problems/number-of-flowers-in-full-bloom
Netflix,Rotate Image,48.3,https://leetcode.com/problems/rotate-image
Netflix,Coin Change,48.3,https://leetcode.com/problems/coin-change
Netflix,Word Break,48.3,https://leetcode.com/problems/word-break
Netflix,Generate Parentheses,48.3,https://leetcode.com/problems/generate-parentheses
Netflix,Rotate Array,48.3,https://leetcode.com/problems/rotate-array
Netflix,Network Delay Time,48.3,https://leetcode.com/problems/network-delay-time
Netflix,Minimum Remove to Make Valid Parentheses,48.3,https://leetcode.com/problems/minimum-remove-to-make-valid-parentheses
Netflix,To Be Or Not To Be,48.3,https://leetcode.com/problems/to-be-or-not-to-be
Netflix,Implement Queue using Stacks,48.3,https://leetcode.com/problems/implement-queue-using-stacks
Netskope,Word Break,100,https://leetcode.com/problems/word-break
Netskope,Merge Intervals,100,https://leetcode.com/problems/merge-intervals
Netskope,Palindromic Substrings,100,https://leetcode.com/problems/palindromic-substrings
Netsuite,Employee Bonus,100,https://leetcode.com/problems/employee-bonus
Netsuite,Average Salary Excluding the Minimum and Maximum Salary,100,https://leetcode.com/problems/average-salary-excluding-the-minimum-and-maximum-salary
Nextdoor,Compare Version Numbers,100,https://leetcode.com/problems/compare-version-numbers
Nextdoor,All O`one Data Structure,98,https://leetcode.com/problems/all-oone-data-structure
Nextdoor,Merge Intervals,78.9,https://leetcode.com/problems/merge-intervals
Nextdoor,Letter Combinations of a Phone Number,64.4,https://leetcode.com/problems/letter-combinations-of-a-phone-number
Nextdoor,Trapping Rain Water,64.4,https://leetcode.com/problems/trapping-rain-water
Nextdoor,Nested List Weight Sum,64.4,https://leetcode.com/problems/nested-list-weight-sum
Nextdoor,Divide Two Integers,64.4,https://leetcode.com/problems/divide-two-integers
Nextdoor,Time Based Key-Value Store,64.4,https://leetcode.com/problems/time-based-key-value-store
Niantic,String to Integer (atoi),100,https://leetcode.com/problems/string-to-integer-atoi
Niantic,Brace Expansion,100,https://leetcode.com/problems/brace-expansion
Niantic,LRU Cache,88.7,https://leetcode.com/problems/lru-cache
Niantic,Find the Duplicate Number,88.7,https://leetcode.com/problems/find-the-duplicate-number
Niantic,Group Anagrams,88.7,https://leetcode.com/problems/group-anagrams
Nielsen,Group Anagrams,100,https://leetcode.com/problems/group-anagrams
Nielsen,Longest Palindromic Substring,100,https://leetcode.com/problems/longest-palindromic-substring
Nielsen,Merge Intervals,88.7,https://leetcode.com/problems/merge-intervals
Nielsen,Edit Distance,88.7,https://leetcode.com/problems/edit-distance
Nielsen,Best Time to Buy and Sell Stock IV,88.7,https://leetcode.com/problems/best-time-to-buy-and-sell-stock-iv
Nielsen,Two Sum,88.7,https://leetcode.com/problems/two-sum
Nike,Happy Number,100,https://leetcode.com/problems/happy-number
Nike,Diagonal Traverse,92.4,https://leetcode.com/problems/diagonal-traverse
Nike,Valid Parentheses,92.4,https://leetcode.com/problems/valid-parentheses
Nike,Maximum Subarray,92.4,https://leetcode.com/problems/maximum-subarray
Nike,Min Stack,92.4,https://leetcode.com/problems/min-stack
Nike,Can Place Flowers,92.4,https://leetcode.com/problems/can-place-flowers
Nike,Next Permutation,92.4,https://leetcode.com/problems/next-permutation
Nike,Longest Substring Without Repeating Characters,81.6,https://leetcode.com/problems/longest-substring-without-repeating-characters
Nike,Design Graph With Shortest Path Calculator,81.6,https://leetcode.com/problems/design-graph-with-shortest-path-calculator
Nike,Best Time to Buy and Sell Stock II,81.6,https://leetcode.com/problems/best-time-to-buy-and-sell-stock-ii
NinjaCart,Integer to Roman,100,https://leetcode.com/problems/integer-to-roman
Nokia,Minimum Cost of Buying Candies With Discount,100,https://leetcode.com/problems/minimum-cost-of-buying-candies-with-discount
Nokia,LRU Cache,88.3,https://leetcode.com/problems/lru-cache
Nokia,Check If It Is a Good Array,88.3,https://leetcode.com/problems/check-if-it-is-a-good-array
Nokia,Count Primes,88.3,https://leetcode.com/problems/count-primes
Nokia,Longest Common Prefix,88.3,https://leetcode.com/problems/longest-common-prefix
Nokia,Valid Anagram,88.3,https://leetcode.com/problems/valid-anagram
Nordstrom,Palindrome Permutation,100,https://leetcode.com/problems/palindrome-permutation
Nordstrom,Integer to English Words,100,https://leetcode.com/problems/integer-to-english-words
Nordstrom,House Robber,100,https://leetcode.com/problems/house-robber
Nordstrom,House Robber II,100,https://leetcode.com/problems/house-robber-ii
Nordstrom,Spiral Matrix,100,https://leetcode.com/problems/spiral-matrix
Nordstrom,Course Schedule,100,https://leetcode.com/problems/course-schedule
Nordstrom,Word Break,88.1,https://leetcode.com/problems/word-break
Nordstrom,LRU Cache,88.1,https://leetcode.com/problems/lru-cache
Nordstrom,Meeting Rooms II,88.1,https://leetcode.com/problems/meeting-rooms-ii
Nordstrom,Display Table of Food Orders in a Restaurant,88.1,https://leetcode.com/problems/display-table-of-food-orders-in-a-restaurant
Notion,Time Based Key-Value Store,100,https://leetcode.com/problems/time-based-key-value-store
Notion,Text Justification,100,https://leetcode.com/problems/text-justification
Notion,Design a Todo List,100,https://leetcode.com/problems/design-a-todo-list
Nuro,Subrectangle Queries,100,https://leetcode.com/problems/subrectangle-queries
Nuro,Maximum Number of Visible Points,95.1,https://leetcode.com/problems/maximum-number-of-visible-points
Nuro,Shortest Path in a Grid with Obstacles Elimination,73.6,https://leetcode.com/problems/shortest-path-in-a-grid-with-obstacles-elimination
Nuro,Evaluate Division,73.6,https://leetcode.com/problems/evaluate-division
Nuro,Interleaving String,64.8,https://leetcode.com/problems/interleaving-string
Nuro,Moving Average from Data Stream,64.8,https://leetcode.com/problems/moving-average-from-data-stream
Nuro,Interval List Intersections,64.8,https://leetcode.com/problems/interval-list-intersections
Nuro,Line Reflection,64.8,https://leetcode.com/problems/line-reflection
Nuro,Sliding Window Maximum,64.8,https://leetcode.com/problems/sliding-window-maximum
Nutanix,Check If Word Is Valid After Substitutions,100,https://leetcode.com/problems/check-if-word-is-valid-after-substitutions
Nutanix,Partitioning Into Minimum Number Of Deci-Binary Numbers,97.5,https://leetcode.com/problems/partitioning-into-minimum-number-of-deci-binary-numbers
Nutanix,Grumpy Bookstore Owner,97.5,https://leetcode.com/problems/grumpy-bookstore-owner
Nutanix,Delivering Boxes from Storage to Ports,97.5,https://leetcode.com/problems/delivering-boxes-from-storage-to-ports
Nutanix,Broken Calculator,97.5,https://leetcode.com/problems/broken-calculator
Nutanix,Detect Cycles in 2D Grid,97.5,https://leetcode.com/problems/detect-cycles-in-2d-grid
Nutanix,Maximum Sum of an Hourglass,97.5,https://leetcode.com/problems/maximum-sum-of-an-hourglass
Nutanix,Online Majority Element In Subarray,97.5,https://leetcode.com/problems/online-majority-element-in-subarray
Nutanix,Swap For Longest Repeated Character Substring,97.5,https://leetcode.com/problems/swap-for-longest-repeated-character-substring
Nutanix,Car Fleet,97.5,https://leetcode.com/problems/car-fleet
Nutanix,Minimum Processing Time,97.5,https://leetcode.com/problems/minimum-processing-time
Nutanix,LRU Cache,83.8,https://leetcode.com/problems/lru-cache
Nutanix,Pacific Atlantic Water Flow,79,https://leetcode.com/problems/pacific-atlantic-water-flow
Nutanix,Increasing Triplet Subsequence,73,https://leetcode.com/problems/increasing-triplet-subsequence
Nutanix,Group Anagrams,73,https://leetcode.com/problems/group-anagrams
Nutanix,Sliding Window Maximum,73,https://leetcode.com/problems/sliding-window-maximum
Nutanix,Rotting Oranges,73,https://leetcode.com/problems/rotting-oranges
Nutanix,Merge Intervals,73,https://leetcode.com/problems/merge-intervals
Nutanix,Product of Array Except Self,65.4,https://leetcode.com/problems/product-of-array-except-self
Nutanix,Top K Frequent Elements,65.4,https://leetcode.com/problems/top-k-frequent-elements
Nutanix,Valid Number,65.4,https://leetcode.com/problems/valid-number
Nutanix,Decode String,65.4,https://leetcode.com/problems/decode-string
Nutanix,Search a 2D Matrix,65.4,https://leetcode.com/problems/search-a-2d-matrix
Nutanix,Maximum Frequency Stack,65.4,https://leetcode.com/problems/maximum-frequency-stack
Nutanix,Spiral Matrix,65.4,https://leetcode.com/problems/spiral-matrix
Nutanix,Two Sum,65.4,https://leetcode.com/problems/two-sum
Nutanix,Reverse Linked List II,65.4,https://leetcode.com/problems/reverse-linked-list-ii
Nutanix,Boundary of Binary Tree,65.4,https://leetcode.com/problems/boundary-of-binary-tree
Nutanix,First Missing Positive,65.4,https://leetcode.com/problems/first-missing-positive
Nutanix,Set Matrix Zeroes,65.4,https://leetcode.com/problems/set-matrix-zeroes
Nutanix,Meeting Rooms II,54.7,https://leetcode.com/problems/meeting-rooms-ii
Nutanix,Search in Rotated Sorted Array,54.7,https://leetcode.com/problems/search-in-rotated-sorted-array
Nutanix,Amount of Time for Binary Tree to Be Infected,54.7,https://leetcode.com/problems/amount-of-time-for-binary-tree-to-be-infected
Nutanix,Clone Graph,54.7,https://leetcode.com/problems/clone-graph
Nutanix,Surrounded Regions,54.7,https://leetcode.com/problems/surrounded-regions
Nutanix,Longest Palindromic Subsequence,54.7,https://leetcode.com/problems/longest-palindromic-subsequence
Nutanix,Merge k Sorted Lists,54.7,https://leetcode.com/problems/merge-k-sorted-lists
Nutanix,Binary Tree Maximum Path Sum,54.7,https://leetcode.com/problems/binary-tree-maximum-path-sum
Nutanix,Swap Nodes in Pairs,54.7,https://leetcode.com/problems/swap-nodes-in-pairs
Nutanix,Longest Common Subsequence,54.7,https://leetcode.com/problems/longest-common-subsequence
Nutanix,Minimum Number of Swaps to Make the String Balanced,54.7,https://leetcode.com/problems/minimum-number-of-swaps-to-make-the-string-balanced
Nutanix,Find Minimum in Rotated Sorted Array,54.7,https://leetcode.com/problems/find-minimum-in-rotated-sorted-array
Nutanix,All Nodes Distance K in Binary Tree,54.7,https://leetcode.com/problems/all-nodes-distance-k-in-binary-tree
Nutanix,Longest Palindromic Substring,54.7,https://leetcode.com/problems/longest-palindromic-substring
Nutanix,Container With Most Water,54.7,https://leetcode.com/problems/container-with-most-water
Nutanix,Jump Game II,54.7,https://leetcode.com/problems/jump-game-ii
Nutanix,Word Ladder,54.7,https://leetcode.com/problems/word-ladder
Nutanix,Course Schedule,54.7,https://leetcode.com/problems/course-schedule
Nutanix,Heaters,54.7,https://leetcode.com/problems/heaters
Nutanix,Longest Continuous Subarray With Absolute Diff Less Than or Equal to Limit,54.7,https://leetcode.com/problems/longest-continuous-subarray-with-absolute-diff-less-than-or-equal-to-limit
Nutanix,Best Time to Buy and Sell Stock,54.7,https://leetcode.com/problems/best-time-to-buy-and-sell-stock
Nutanix,Number of Islands,54.7,https://leetcode.com/problems/number-of-islands
Nutanix,Maximum Product of Three Numbers,54.7,https://leetcode.com/problems/maximum-product-of-three-numbers
Nutanix,Add Two Numbers,54.7,https://leetcode.com/problems/add-two-numbers
Nutanix,Reverse Nodes in k-Group,54.7,https://leetcode.com/problems/reverse-nodes-in-k-group
Nutanix,Min Cost to Connect All Points,54.7,https://leetcode.com/problems/min-cost-to-connect-all-points
Nutanix,3Sum,54.7,https://leetcode.com/problems/3sum
Nutanix,Word Break,54.7,https://leetcode.com/problems/word-break
Nutanix,Binary Tree Zigzag Level Order Traversal,54.7,https://leetcode.com/problems/binary-tree-zigzag-level-order-traversal
Nutanix,Trapping Rain Water,54.7,https://leetcode.com/problems/trapping-rain-water
Nvidia,Last Stone Weight,100,https://leetcode.com/problems/last-stone-weight
Nvidia,LRU Cache,89.6,https://leetcode.com/problems/lru-cache
Nvidia,Group Anagrams,86.8,https://leetcode.com/problems/group-anagrams
Nvidia,Minimum Operations to Reduce an Integer to 0,85.3,https://leetcode.com/problems/minimum-operations-to-reduce-an-integer-to-0
Nvidia,Special Binary String,83.7,https://leetcode.com/problems/special-binary-string
Nvidia,Best Time to Buy and Sell Stock,82,https://leetcode.com/problems/best-time-to-buy-and-sell-stock
Nvidia,Two Sum,80.1,https://leetcode.com/problems/two-sum
Nvidia,Longest Substring Without Repeating Characters,80.1,https://leetcode.com/problems/longest-substring-without-repeating-characters
Nvidia,Add Two Numbers,78,https://leetcode.com/problems/add-two-numbers
Nvidia,Maximum Subarray,78,https://leetcode.com/problems/maximum-subarray
Nvidia,Number of Islands,78,https://leetcode.com/problems/number-of-islands
Nvidia,Maximum Number of Visible Points,75.8,https://leetcode.com/problems/maximum-number-of-visible-points
Nvidia,Search in Rotated Sorted Array,75.8,https://leetcode.com/problems/search-in-rotated-sorted-array
Nvidia,Reverse Bits,75.8,https://leetcode.com/problems/reverse-bits
Nvidia,Dot Product of Two Sparse Vectors,70.6,https://leetcode.com/problems/dot-product-of-two-sparse-vectors
Nvidia,Valid Parentheses,70.6,https://leetcode.com/problems/valid-parentheses
Nvidia,Missing Number,70.6,https://leetcode.com/problems/missing-number
Nvidia,Merge k Sorted Lists,67.4,https://leetcode.com/problems/merge-k-sorted-lists
Nvidia,Merge Intervals,67.4,https://leetcode.com/problems/merge-intervals
Nvidia,Move Zeroes,67.4,https://leetcode.com/problems/move-zeroes
Nvidia,Task Scheduler II,67.4,https://leetcode.com/problems/task-scheduler-ii
Nvidia,Fibonacci Number,63.8,https://leetcode.com/problems/fibonacci-number
Nvidia,Copy List with Random Pointer,63.8,https://leetcode.com/problems/copy-list-with-random-pointer
Nvidia,Find Median from Data Stream,63.8,https://leetcode.com/problems/find-median-from-data-stream
Nvidia,Rotate Image,63.8,https://leetcode.com/problems/rotate-image
Nvidia,Insert Delete GetRandom O(1),59.6,https://leetcode.com/problems/insert-delete-getrandom-o1
Nvidia,Rectangle Area,59.6,https://leetcode.com/problems/rectangle-area
Nvidia,String to Integer (atoi),59.6,https://leetcode.com/problems/string-to-integer-atoi
Nvidia,Generate Parentheses,59.6,https://leetcode.com/problems/generate-parentheses
Nvidia,Trapping Rain Water,59.6,https://leetcode.com/problems/trapping-rain-water
Nvidia,Find the Duplicate Number,59.6,https://leetcode.com/problems/find-the-duplicate-number
Nvidia,Climbing Stairs,59.6,https://leetcode.com/problems/climbing-stairs
Nvidia,Break a Palindrome,59.6,https://leetcode.com/problems/break-a-palindrome
Nvidia,Kth Largest Element in an Array,59.6,https://leetcode.com/problems/kth-largest-element-in-an-array
Nvidia,Binary Tree Maximum Path Sum,54.4,https://leetcode.com/problems/binary-tree-maximum-path-sum
Nvidia,Snapshot Array,54.4,https://leetcode.com/problems/snapshot-array
Nvidia,Delete Duplicate Folders in System,54.4,https://leetcode.com/problems/delete-duplicate-folders-in-system
Nvidia,Spiral Matrix,54.4,https://leetcode.com/problems/spiral-matrix
Nvidia,Sliding Puzzle,54.4,https://leetcode.com/problems/sliding-puzzle
Nvidia,H-Index,54.4,https://leetcode.com/problems/h-index
Nvidia,Single Element in a Sorted Array,54.4,https://leetcode.com/problems/single-element-in-a-sorted-array
Nvidia,Maximal Square,54.4,https://leetcode.com/problems/maximal-square
Nvidia,Reverse Linked List II,54.4,https://leetcode.com/problems/reverse-linked-list-ii
Nvidia,Validate Binary Search Tree,54.4,https://leetcode.com/problems/validate-binary-search-tree
Nvidia,Intersection of Two Linked Lists,54.4,https://leetcode.com/problems/intersection-of-two-linked-lists
Nvidia,Longest Common Prefix,47.7,https://leetcode.com/problems/longest-common-prefix
Nvidia,Ways to Make a Fair Array,47.7,https://leetcode.com/problems/ways-to-make-a-fair-array
Nvidia,Find Peak Element,47.7,https://leetcode.com/problems/find-peak-element
Nvidia,Implement Trie (Prefix Tree),47.7,https://leetcode.com/problems/implement-trie-prefix-tree
Nvidia,Double a Number Represented as a Linked List,47.7,https://leetcode.com/problems/double-a-number-represented-as-a-linked-list
Nvidia,Minimum Add to Make Parentheses Valid,47.7,https://leetcode.com/problems/minimum-add-to-make-parentheses-valid
Nvidia,Maximum Sum of Distinct Subarrays With Length K,47.7,https://leetcode.com/problems/maximum-sum-of-distinct-subarrays-with-length-k
Nvidia,Max Points on a Line,47.7,https://leetcode.com/problems/max-points-on-a-line
Nvidia,Reverse Linked List,47.7,https://leetcode.com/problems/reverse-linked-list
Nvidia,Convert Binary Search Tree to Sorted Doubly Linked List,47.7,https://leetcode.com/problems/convert-binary-search-tree-to-sorted-doubly-linked-list
Nvidia,Majority Element,47.7,https://leetcode.com/problems/majority-element
Nvidia,Serialize and Deserialize Binary Tree,47.7,https://leetcode.com/problems/serialize-and-deserialize-binary-tree
Nvidia,Minimum Size Subarray Sum,47.7,https://leetcode.com/problems/minimum-size-subarray-sum
Nvidia,Merge Sorted Array,47.7,https://leetcode.com/problems/merge-sorted-array
Nvidia,Reverse Integer,47.7,https://leetcode.com/problems/reverse-integer
Nvidia,Course Schedule II,47.7,https://leetcode.com/problems/course-schedule-ii
Nvidia,Keys and Rooms,47.7,https://leetcode.com/problems/keys-and-rooms
Nvidia,Minimum Knight Moves,47.7,https://leetcode.com/problems/minimum-knight-moves
Nvidia,Find Pivot Index,47.7,https://leetcode.com/problems/find-pivot-index
Nvidia,Design HashMap,47.7,https://leetcode.com/problems/design-hashmap
Nvidia,Counting Bits,47.7,https://leetcode.com/problems/counting-bits
Nvidia,Best Time to Buy and Sell Stock IV,47.7,https://leetcode.com/problems/best-time-to-buy-and-sell-stock-iv
Nvidia,House Robber,47.7,https://leetcode.com/problems/house-robber
Nvidia,Find The Original Array of Prefix Xor,47.7,https://leetcode.com/problems/find-the-original-array-of-prefix-xor
Nvidia,Intersection of Two Arrays,47.7,https://leetcode.com/problems/intersection-of-two-arrays
Nvidia,Shuffle an Array,47.7,https://leetcode.com/problems/shuffle-an-array
Nvidia,Verify Preorder Sequence in Binary Search Tree,47.7,https://leetcode.com/problems/verify-preorder-sequence-in-binary-search-tree
Nvidia,Linked List Random Node,47.7,https://leetcode.com/problems/linked-list-random-node
Nvidia,Set Matrix Zeroes,47.7,https://leetcode.com/problems/set-matrix-zeroes
Nvidia,Remove Duplicates from Sorted List,38.4,https://leetcode.com/problems/remove-duplicates-from-sorted-list
Nvidia,Coin Change,38.4,https://leetcode.com/problems/coin-change
Nvidia,Course Schedule,38.4,https://leetcode.com/problems/course-schedule
Nvidia,Print in Order,38.4,https://leetcode.com/problems/print-in-order
Nvidia,Range Sum Query 2D - Immutable,38.4,https://leetcode.com/problems/range-sum-query-2d-immutable
Nvidia,Fizz Buzz,38.4,https://leetcode.com/problems/fizz-buzz
Nvidia,Meeting Rooms II,38.4,https://leetcode.com/problems/meeting-rooms-ii
Nvidia,Delete Node in a Linked List,38.4,https://leetcode.com/problems/delete-node-in-a-linked-list
Nvidia,Validate IP Address,38.4,https://leetcode.com/problems/validate-ip-address
Nvidia,Greatest Common Divisor of Strings,38.4,https://leetcode.com/problems/greatest-common-divisor-of-strings
Nvidia,Robot Bounded In Circle,38.4,https://leetcode.com/problems/robot-bounded-in-circle
Nvidia,Valid Sudoku,38.4,https://leetcode.com/problems/valid-sudoku
Nvidia,Longest Increasing Path in a Matrix,38.4,https://leetcode.com/problems/longest-increasing-path-in-a-matrix
Nvidia,Maximum Product Subarray,38.4,https://leetcode.com/problems/maximum-product-subarray
Nvidia,Subarray Product Less Than K,38.4,https://leetcode.com/problems/subarray-product-less-than-k
Nvidia,Min Stack,38.4,https://leetcode.com/problems/min-stack
Nvidia,3Sum,38.4,https://leetcode.com/problems/3sum
Nvidia,Is Subsequence,38.4,https://leetcode.com/problems/is-subsequence
Nvidia,Remove Nth Node From End of List,38.4,https://leetcode.com/problems/remove-nth-node-from-end-of-list
Nvidia,Number of Operations to Make Network Connected,38.4,https://leetcode.com/problems/number-of-operations-to-make-network-connected
Nvidia,All Possible Full Binary Trees,38.4,https://leetcode.com/problems/all-possible-full-binary-trees
Nvidia,Rectangle Overlap,38.4,https://leetcode.com/problems/rectangle-overlap
Nvidia,Sort Characters By Frequency,38.4,https://leetcode.com/problems/sort-characters-by-frequency
Nvidia,Swapping Nodes in a Linked List,38.4,https://leetcode.com/problems/swapping-nodes-in-a-linked-list
Nvidia,Single Number,38.4,https://leetcode.com/problems/single-number
Nvidia,Count the Number of Good Subsequences,38.4,https://leetcode.com/problems/count-the-number-of-good-subsequences
Nykaa,Largest Number,100,https://leetcode.com/problems/largest-number
Nykaa,Koko Eating Bananas,88.7,https://leetcode.com/problems/koko-eating-bananas
Nykaa,Merge k Sorted Lists,88.7,https://leetcode.com/problems/merge-k-sorted-lists
Nykaa,Diagonal Traverse,88.7,https://leetcode.com/problems/diagonal-traverse
Nykaa,Remove Duplicates from Sorted Array II,88.7,https://leetcode.com/problems/remove-duplicates-from-sorted-array-ii
Odoo,Valid Parentheses,100,https://leetcode.com/problems/valid-parentheses
Odoo,Min Stack,94.7,https://leetcode.com/problems/min-stack
Odoo,Evaluate Reverse Polish Notation,78.1,https://leetcode.com/problems/evaluate-reverse-polish-notation
Odoo,Reverse String,78.1,https://leetcode.com/problems/reverse-string
Odoo,Fair Candy Swap,78.1,https://leetcode.com/problems/fair-candy-swap
Okta,Insert Delete GetRandom O(1),100,https://leetcode.com/problems/insert-delete-getrandom-o1
Okta,Find Median from Data Stream,100,https://leetcode.com/problems/find-median-from-data-stream
Okta,Merge Intervals,87.9,https://leetcode.com/problems/merge-intervals
Okta,Daily Temperatures,87.9,https://leetcode.com/problems/daily-temperatures
Okta,Strings Differ by One Character,87.9,https://leetcode.com/problems/strings-differ-by-one-character
Okta,Koko Eating Bananas,87.9,https://leetcode.com/problems/koko-eating-bananas
Okta,LRU Cache,87.9,https://leetcode.com/problems/lru-cache
OKX,Number of Islands,100,https://leetcode.com/problems/number-of-islands
OKX,Kth Smallest Element in a Sorted Matrix,89.1,https://leetcode.com/problems/kth-smallest-element-in-a-sorted-matrix
OKX,Count Subarrays With Fixed Bounds,89.1,https://leetcode.com/problems/count-subarrays-with-fixed-bounds
Ola Cabs,Best Time to Buy and Sell Stock,100,https://leetcode.com/problems/best-time-to-buy-and-sell-stock
Ola Cabs,Decode String,100,https://leetcode.com/problems/decode-string
OpenAI,Design SQL,100,https://leetcode.com/problems/design-sql
OpenAI,Flatten Nested List Iterator,85.4,https://leetcode.com/problems/flatten-nested-list-iterator
OpenAI,Design Excel Sum Formula,75.4,https://leetcode.com/problems/design-excel-sum-formula
OpenAI,Time Based Key-Value Store,71.8,https://leetcode.com/problems/time-based-key-value-store
OpenAI,Web Crawler Multithreaded,67.5,https://leetcode.com/problems/web-crawler-multithreaded
OpenAI,Design Memory Allocator,61.8,https://leetcode.com/problems/design-memory-allocator
OpenAI,Simplify Path,53.9,https://leetcode.com/problems/simplify-path
OpenAI,Flood Fill,53.9,https://leetcode.com/problems/flood-fill
OpenAI,Encode and Decode Strings,53.9,https://leetcode.com/problems/encode-and-decode-strings
OpenAI,Largest Local Values in a Matrix,53.9,https://leetcode.com/problems/largest-local-values-in-a-matrix
OpenAI,Asteroid Collision,53.9,https://leetcode.com/problems/asteroid-collision
Opendoor,Design Excel Sum Formula,100,https://leetcode.com/problems/design-excel-sum-formula
opentext,Largest 3-Same-Digit Number in String,100,https://leetcode.com/problems/largest-3-same-digit-number-in-string
opentext,Longest Substring Without Repeating Characters,74.2,https://leetcode.com/problems/longest-substring-without-repeating-characters
opentext,Best Time to Buy and Sell Stock,65.5,https://leetcode.com/problems/best-time-to-buy-and-sell-stock
opentext,Valid Parentheses,65.5,https://leetcode.com/problems/valid-parentheses
Optiver,Number of Days Between Two Dates,100,https://leetcode.com/problems/number-of-days-between-two-dates
Optiver,LRU Cache,87.1,https://leetcode.com/problems/lru-cache
Optiver,Best Time to Buy and Sell Stock,87.1,https://leetcode.com/problems/best-time-to-buy-and-sell-stock
Optum,Reverse Prefix of Word,100,https://leetcode.com/problems/reverse-prefix-of-word
Optum,Bank Account Summary,100,https://leetcode.com/problems/bank-account-summary
Optum,Longest Common Subsequence,73.3,https://leetcode.com/problems/longest-common-subsequence
Optum,Longest Substring Without Repeating Characters,64.3,https://leetcode.com/problems/longest-substring-without-repeating-characters
Optum,Sort Colors,64.3,https://leetcode.com/problems/sort-colors
Optum,Maximum Subarray,64.3,https://leetcode.com/problems/maximum-subarray
Oracle,LRU Cache,100,https://leetcode.com/problems/lru-cache
Oracle,Number of Islands,89.5,https://leetcode.com/problems/number-of-islands
Oracle,Two Sum,88.3,https://leetcode.com/problems/two-sum
Oracle,Longest Substring Without Repeating Characters,85.8,https://leetcode.com/problems/longest-substring-without-repeating-characters
Oracle,Merge Intervals,85.1,https://leetcode.com/problems/merge-intervals
Oracle,Group Anagrams,82.2,https://leetcode.com/problems/group-anagrams
Oracle,Longest Palindromic Substring,77.8,https://leetcode.com/problems/longest-palindromic-substring
Oracle,Merge k Sorted Lists,72.5,https://leetcode.com/problems/merge-k-sorted-lists
Oracle,Sliding Window Maximum,71.2,https://leetcode.com/problems/sliding-window-maximum
Oracle,Container With Most Water,71.2,https://leetcode.com/problems/container-with-most-water
Oracle,Search in Rotated Sorted Array,71.2,https://leetcode.com/problems/search-in-rotated-sorted-array
Oracle,Binary Tree Right Side View,69.9,https://leetcode.com/problems/binary-tree-right-side-view
Oracle,Longest Consecutive Sequence,68.5,https://leetcode.com/problems/longest-consecutive-sequence
Oracle,Trapping Rain Water,66.9,https://leetcode.com/problems/trapping-rain-water
Oracle,Add Two Numbers,66.9,https://leetcode.com/problems/add-two-numbers
Oracle,Spiral Matrix,66.9,https://leetcode.com/problems/spiral-matrix
Oracle,Reverse Linked List,63.6,https://leetcode.com/problems/reverse-linked-list
Oracle,Merge Two Sorted Lists,61.6,https://leetcode.com/problems/merge-two-sorted-lists
Oracle,Jump Game,61.6,https://leetcode.com/problems/jump-game
Oracle,Best Time to Buy and Sell Stock,61.6,https://leetcode.com/problems/best-time-to-buy-and-sell-stock
Oracle,"Pow(x, n)",61.6,https://leetcode.com/problems/powx-n
Oracle,3Sum,61.6,https://leetcode.com/problems/3sum
Oracle,Course Schedule,61.6,https://leetcode.com/problems/course-schedule
Oracle,Roman to Integer,61.6,https://leetcode.com/problems/roman-to-integer
Oracle,Binary Tree Zigzag Level Order Traversal,59.6,https://leetcode.com/problems/binary-tree-zigzag-level-order-traversal
Oracle,Binary Tree Maximum Path Sum,59.6,https://leetcode.com/problems/binary-tree-maximum-path-sum
Oracle,Search a 2D Matrix II,59.6,https://leetcode.com/problems/search-a-2d-matrix-ii
Oracle,Course Schedule II,59.6,https://leetcode.com/problems/course-schedule-ii
Oracle,Gas Station,59.6,https://leetcode.com/problems/gas-station
Oracle,Longest Common Prefix,57.3,https://leetcode.com/problems/longest-common-prefix
Oracle,Maximum Subarray,57.3,https://leetcode.com/problems/maximum-subarray
Oracle,Word Search,57.3,https://leetcode.com/problems/word-search
Oracle,First Missing Positive,57.3,https://leetcode.com/problems/first-missing-positive
Oracle,Kth Largest Element in an Array,54.7,https://leetcode.com/problems/kth-largest-element-in-an-array
Oracle,Set Matrix Zeroes,54.7,https://leetcode.com/problems/set-matrix-zeroes
Oracle,Lowest Common Ancestor of a Binary Tree,54.7,https://leetcode.com/problems/lowest-common-ancestor-of-a-binary-tree
Oracle,Min Stack,54.7,https://leetcode.com/problems/min-stack
Oracle,Validate Binary Search Tree,54.7,https://leetcode.com/problems/validate-binary-search-tree
Oracle,Linked List Cycle,54.7,https://leetcode.com/problems/linked-list-cycle
Oracle,Restore IP Addresses,54.7,https://leetcode.com/problems/restore-ip-addresses
Oracle,Product of Array Except Self,54.7,https://leetcode.com/problems/product-of-array-except-self
Oracle,Combination Sum,54.7,https://leetcode.com/problems/combination-sum
Oracle,Valid Anagram,51.8,https://leetcode.com/problems/valid-anagram
Oracle,Sort Colors,51.8,https://leetcode.com/problems/sort-colors
Oracle,Median of Two Sorted Arrays,51.8,https://leetcode.com/problems/median-of-two-sorted-arrays
Oracle,Zigzag Conversion,51.8,https://leetcode.com/problems/zigzag-conversion
Oracle,Delete Node in a Linked List,51.8,https://leetcode.com/problems/delete-node-in-a-linked-list
Oracle,Find First and Last Position of Element in Sorted Array,51.8,https://leetcode.com/problems/find-first-and-last-position-of-element-in-sorted-array
Oracle,Generate Parentheses,51.8,https://leetcode.com/problems/generate-parentheses
Oracle,Maximal Square,51.8,https://leetcode.com/problems/maximal-square
Oracle,Jump Game II,51.8,https://leetcode.com/problems/jump-game-ii
Oracle,Rotate Image,48.4,https://leetcode.com/problems/rotate-image
Oracle,Isomorphic Strings,48.4,https://leetcode.com/problems/isomorphic-strings
Oracle,Remove Duplicates from Sorted Array,48.4,https://leetcode.com/problems/remove-duplicates-from-sorted-array
Oracle,Combination Sum II,48.4,https://leetcode.com/problems/combination-sum-ii
Oracle,Minimum Size Subarray Sum,48.4,https://leetcode.com/problems/minimum-size-subarray-sum
Oracle,Majority Element,48.4,https://leetcode.com/problems/majority-element
Oracle,Letter Combinations of a Phone Number,48.4,https://leetcode.com/problems/letter-combinations-of-a-phone-number
Oracle,Kth Smallest Element in a BST,48.4,https://leetcode.com/problems/kth-smallest-element-in-a-bst
Oracle,Integer to Roman,48.4,https://leetcode.com/problems/integer-to-roman
Oracle,Permutations,44.5,https://leetcode.com/problems/permutations
Oracle,Copy List with Random Pointer,44.5,https://leetcode.com/problems/copy-list-with-random-pointer
Oracle,Word Break II,44.5,https://leetcode.com/problems/word-break-ii
Oracle,Decode Ways,44.5,https://leetcode.com/problems/decode-ways
Oracle,Longest Valid Parentheses,44.5,https://leetcode.com/problems/longest-valid-parentheses
Oracle,Rotate Array,44.5,https://leetcode.com/problems/rotate-array
Oracle,Largest Number,44.5,https://leetcode.com/problems/largest-number
Oracle,Regular Expression Matching,39.7,https://leetcode.com/problems/regular-expression-matching
Oracle,Invert Binary Tree,39.7,https://leetcode.com/problems/invert-binary-tree
Oracle,Palindrome Number,39.7,https://leetcode.com/problems/palindrome-number
Oracle,Find Peak Element,39.7,https://leetcode.com/problems/find-peak-element
Oracle,Insert Interval,39.7,https://leetcode.com/problems/insert-interval
Oracle,Max Points on a Line,39.7,https://leetcode.com/problems/max-points-on-a-line
Oracle,Merge Sorted Array,39.7,https://leetcode.com/problems/merge-sorted-array
Oracle,Sudoku Solver,39.7,https://leetcode.com/problems/sudoku-solver
Oracle,Unique Paths,39.7,https://leetcode.com/problems/unique-paths
Oracle,Populating Next Right Pointers in Each Node,39.7,https://leetcode.com/problems/populating-next-right-pointers-in-each-node
Oracle,Rotate List,39.7,https://leetcode.com/problems/rotate-list
Oracle,Basic Calculator,33.6,https://leetcode.com/problems/basic-calculator
Oracle,Text Justification,33.6,https://leetcode.com/problems/text-justification
Oracle,Minimum Window Substring,33.6,https://leetcode.com/problems/minimum-window-substring
Oracle,Number of Unique Good Subsequences,33.6,https://leetcode.com/problems/number-of-unique-good-subsequences
Oracle,Remove Duplicates from Sorted List,33.6,https://leetcode.com/problems/remove-duplicates-from-sorted-list
Oracle,Palindrome Linked List,33.6,https://leetcode.com/problems/palindrome-linked-list
Oracle,Implement Queue using Stacks,33.6,https://leetcode.com/problems/implement-queue-using-stacks
Oracle,Implement Stack using Queues,33.6,https://leetcode.com/problems/implement-stack-using-queues
Oracle,Two Sum II - Input Array Is Sorted,33.6,https://leetcode.com/problems/two-sum-ii-input-array-is-sorted
Oracle,Excel Sheet Column Title,33.6,https://leetcode.com/problems/excel-sheet-column-title
Oracle,Path Sum II,33.6,https://leetcode.com/problems/path-sum-ii
Oracle,Sort List,33.6,https://leetcode.com/problems/sort-list
Oracle,Find Subsequence of Length K With the Largest Sum,33.6,https://leetcode.com/problems/find-subsequence-of-length-k-with-the-largest-sum
Oracle,Count Number of Pairs With Absolute Difference K,33.6,https://leetcode.com/problems/count-number-of-pairs-with-absolute-difference-k
Oracle,Pascal's Triangle,25.3,https://leetcode.com/problems/pascals-triangle
Oracle,Maximum Product Subarray,25.3,https://leetcode.com/problems/maximum-product-subarray
Oracle,Valid Sudoku,25.3,https://leetcode.com/problems/valid-sudoku
Oracle,Lowest Common Ancestor of a Binary Search Tree,25.3,https://leetcode.com/problems/lowest-common-ancestor-of-a-binary-search-tree
Oracle,Maximal Rectangle,25.3,https://leetcode.com/problems/maximal-rectangle
Oracle,Delete Duplicate Emails,25.3,https://leetcode.com/problems/delete-duplicate-emails
Oracle,Intersection of Two Linked Lists,25.3,https://leetcode.com/problems/intersection-of-two-linked-lists
Oracle,Climbing Stairs,25.3,https://leetcode.com/problems/climbing-stairs
Otter.ai,Trapping Rain Water II,100,https://leetcode.com/problems/trapping-rain-water-ii
Otter.ai,The Number of the Smallest Unoccupied Chair,82.5,https://leetcode.com/problems/the-number-of-the-smallest-unoccupied-chair
Otter.ai,Frog Jump,82.5,https://leetcode.com/problems/frog-jump
Otter.ai,Word Break,82.5,https://leetcode.com/problems/word-break
Otter.ai,Flatten Deeply Nested Array,82.5,https://leetcode.com/problems/flatten-deeply-nested-array
oyo,4Sum,100,https://leetcode.com/problems/4sum
oyo,Furthest Building You Can Reach,100,https://leetcode.com/problems/furthest-building-you-can-reach
oyo,Container With Most Water,87.4,https://leetcode.com/problems/container-with-most-water
oyo,Largest Rectangle in Histogram,87.4,https://leetcode.com/problems/largest-rectangle-in-histogram
oyo,Maximum Profit in Job Scheduling,87.4,https://leetcode.com/problems/maximum-profit-in-job-scheduling
oyo,Sliding Window Maximum,87.4,https://leetcode.com/problems/sliding-window-maximum
oyo,Koko Eating Bananas,87.4,https://leetcode.com/problems/koko-eating-bananas
oyo,Copy List with Random Pointer,87.4,https://leetcode.com/problems/copy-list-with-random-pointer
oyo,House Robber III,87.4,https://leetcode.com/problems/house-robber-iii
Ozon,Valid Parentheses,100,https://leetcode.com/problems/valid-parentheses
Ozon,Merge Intervals,91.8,https://leetcode.com/problems/merge-intervals
Ozon,Squares of a Sorted Array,91.8,https://leetcode.com/problems/squares-of-a-sorted-array
Ozon,Monotonic Array,86.4,https://leetcode.com/problems/monotonic-array
Ozon,Department Top Three Salaries,86.4,https://leetcode.com/problems/department-top-three-salaries
Ozon,Two Sum,79.4,https://leetcode.com/problems/two-sum
Ozon,Move Zeroes,69.5,https://leetcode.com/problems/move-zeroes
Ozon,Reverse Linked List,69.5,https://leetcode.com/problems/reverse-linked-list
Ozon,First Unique Character in a String,69.5,https://leetcode.com/problems/first-unique-character-in-a-string
Ozon,Invert Binary Tree,69.5,https://leetcode.com/problems/invert-binary-tree
Ozon,Best Time to Buy and Sell Stock,69.5,https://leetcode.com/problems/best-time-to-buy-and-sell-stock
Ozon,Decode String,69.5,https://leetcode.com/problems/decode-string
Ozon,Department Highest Salary,69.5,https://leetcode.com/problems/department-highest-salary
Ozon,Longest Substring Without Repeating Characters,69.5,https://leetcode.com/problems/longest-substring-without-repeating-characters
Palantir Technologies,Find Beautiful Indices in the Given Array I,100,https://leetcode.com/problems/find-beautiful-indices-in-the-given-array-i
Palantir Technologies,Find Beautiful Indices in the Given Array II,92,https://leetcode.com/problems/find-beautiful-indices-in-the-given-array-ii
Palantir Technologies,Minimum Time Difference,82.4,https://leetcode.com/problems/minimum-time-difference
Palantir Technologies,Integer to English Words,82.4,https://leetcode.com/problems/integer-to-english-words
Palantir Technologies,LRU Cache,80.6,https://leetcode.com/problems/lru-cache
Palantir Technologies,Range Sum Query - Immutable,80.6,https://leetcode.com/problems/range-sum-query-immutable
Palantir Technologies,Contains Duplicate II,80.6,https://leetcode.com/problems/contains-duplicate-ii
Palantir Technologies,Selling Pieces of Wood,78.7,https://leetcode.com/problems/selling-pieces-of-wood
Palantir Technologies,Maximum Size Subarray Sum Equals k,78.7,https://leetcode.com/problems/maximum-size-subarray-sum-equals-k
Palantir Technologies,Single Number,78.7,https://leetcode.com/problems/single-number
Palantir Technologies,Check If It Is a Straight Line,78.7,https://leetcode.com/problems/check-if-it-is-a-straight-line
Palantir Technologies,Contains Duplicate,78.7,https://leetcode.com/problems/contains-duplicate
Palantir Technologies,Contains Duplicate III,78.7,https://leetcode.com/problems/contains-duplicate-iii
Palantir Technologies,Merge k Sorted Lists,68.1,https://leetcode.com/problems/merge-k-sorted-lists
Palantir Technologies,Shortest Word Distance III,64.3,https://leetcode.com/problems/shortest-word-distance-iii
Palantir Technologies,Merge Intervals,64.3,https://leetcode.com/problems/merge-intervals
Palantir Technologies,Construct Quad Tree,59.7,https://leetcode.com/problems/construct-quad-tree
Palantir Technologies,Minimum Equal Sum of Two Arrays After Replacing Zeros,53.7,https://leetcode.com/problems/minimum-equal-sum-of-two-arrays-after-replacing-zeros
Palantir Technologies,Find Players With Zero or One Losses,53.7,https://leetcode.com/problems/find-players-with-zero-or-one-losses
Palantir Technologies,Count the Number of Good Subsequences,53.7,https://leetcode.com/problems/count-the-number-of-good-subsequences
Palantir Technologies,Flood Fill,45.4,https://leetcode.com/problems/flood-fill
Palantir Technologies,Accounts Merge,45.4,https://leetcode.com/problems/accounts-merge
Palantir Technologies,Number of Islands,45.4,https://leetcode.com/problems/number-of-islands
Palantir Technologies,All Ancestors of a Node in a Directed Acyclic Graph,45.4,https://leetcode.com/problems/all-ancestors-of-a-node-in-a-directed-acyclic-graph
Palantir Technologies,Number of Divisible Triplet Sums,45.4,https://leetcode.com/problems/number-of-divisible-triplet-sums
Palantir Technologies,Trapping Rain Water II,45.4,https://leetcode.com/problems/trapping-rain-water-ii
Palantir Technologies,Sort List,45.4,https://leetcode.com/problems/sort-list
Palantir Technologies,Daily Temperatures,45.4,https://leetcode.com/problems/daily-temperatures
Palantir Technologies,Best Time to Buy and Sell Stock,45.4,https://leetcode.com/problems/best-time-to-buy-and-sell-stock
Palo Alto Networks,LRU Cache,100,https://leetcode.com/problems/lru-cache
Palo Alto Networks,Find the Longest Equal Subarray,94.5,https://leetcode.com/problems/find-the-longest-equal-subarray
Palo Alto Networks,Longest Substring Without Repeating Characters,84.2,https://leetcode.com/problems/longest-substring-without-repeating-characters
Palo Alto Networks,Median of Two Sorted Arrays,76.5,https://leetcode.com/problems/median-of-two-sorted-arrays
Palo Alto Networks,String Compression,76.5,https://leetcode.com/problems/string-compression
Palo Alto Networks,Meeting Rooms,64.9,https://leetcode.com/problems/meeting-rooms
Palo Alto Networks,Insert Delete GetRandom O(1),64.9,https://leetcode.com/problems/insert-delete-getrandom-o1
Palo Alto Networks,Sliding Window Maximum,64.9,https://leetcode.com/problems/sliding-window-maximum
Palo Alto Networks,Minimum Path Sum,64.9,https://leetcode.com/problems/minimum-path-sum
Palo Alto Networks,Two Sum,64.9,https://leetcode.com/problems/two-sum
Palo Alto Networks,Min Stack,64.9,https://leetcode.com/problems/min-stack
Palo Alto Networks,Binary Tree Level Order Traversal,64.9,https://leetcode.com/problems/binary-tree-level-order-traversal
Palo Alto Networks,Maximum Length of a Concatenated String with Unique Characters,64.9,https://leetcode.com/problems/maximum-length-of-a-concatenated-string-with-unique-characters
Palo Alto Networks,Group Anagrams,64.9,https://leetcode.com/problems/group-anagrams
Palo Alto Networks,Word Break,55.7,https://leetcode.com/problems/word-break
Palo Alto Networks,Design HashMap,55.7,https://leetcode.com/problems/design-hashmap
Palo Alto Networks,Merge Sorted Array,55.7,https://leetcode.com/problems/merge-sorted-array
Palo Alto Networks,Merge Two Sorted Lists,55.7,https://leetcode.com/problems/merge-two-sorted-lists
Palo Alto Networks,Integer to Roman,55.7,https://leetcode.com/problems/integer-to-roman
Palo Alto Networks,Shortest Path in Binary Matrix,55.7,https://leetcode.com/problems/shortest-path-in-binary-matrix
Palo Alto Networks,Top K Frequent Words,55.7,https://leetcode.com/problems/top-k-frequent-words
Palo Alto Networks,Longest Palindromic Substring,55.7,https://leetcode.com/problems/longest-palindromic-substring
Palo Alto Networks,Valid Parentheses,55.7,https://leetcode.com/problems/valid-parentheses
Palo Alto Networks,Restore IP Addresses,55.7,https://leetcode.com/problems/restore-ip-addresses
Palo Alto Networks,Search in Rotated Sorted Array,55.7,https://leetcode.com/problems/search-in-rotated-sorted-array
Palo Alto Networks,Basic Calculator,55.7,https://leetcode.com/problems/basic-calculator
Patreon,Simplify Path,100,https://leetcode.com/problems/simplify-path
Patreon,Logger Rate Limiter,76.2,https://leetcode.com/problems/logger-rate-limiter
Patreon,Binary Tree Maximum Path Sum,68.2,https://leetcode.com/problems/binary-tree-maximum-path-sum
Paycom,Group Anagrams,100,https://leetcode.com/problems/group-anagrams
Paycom,Degree of an Array,100,https://leetcode.com/problems/degree-of-an-array
Paycom,Contains Duplicate,89.7,https://leetcode.com/problems/contains-duplicate
Paycom,Minimum Absolute Difference,89.7,https://leetcode.com/problems/minimum-absolute-difference
PayPal,Zigzag Conversion,100,https://leetcode.com/problems/zigzag-conversion
PayPal,LRU Cache,79.2,https://leetcode.com/problems/lru-cache
PayPal,Minimum Replacements to Sort the Array,77.5,https://leetcode.com/problems/minimum-replacements-to-sort-the-array
PayPal,Count Vowel Strings in Ranges,77.5,https://leetcode.com/problems/count-vowel-strings-in-ranges
PayPal,Count the Number of Vowel Strings in Range,77.5,https://leetcode.com/problems/count-the-number-of-vowel-strings-in-range
PayPal,Meeting Scheduler,75.5,https://leetcode.com/problems/meeting-scheduler
PayPal,Maximum Number of Integers to Choose From a Range I,75.5,https://leetcode.com/problems/maximum-number-of-integers-to-choose-from-a-range-i
PayPal,Number of Valid Move Combinations On Chessboard,75.5,https://leetcode.com/problems/number-of-valid-move-combinations-on-chessboard
PayPal,Word Search,75.5,https://leetcode.com/problems/word-search
PayPal,Time Needed to Rearrange a Binary String,75.5,https://leetcode.com/problems/time-needed-to-rearrange-a-binary-string
PayPal,Number of Islands,75.5,https://leetcode.com/problems/number-of-islands
PayPal,Maximum Frequency Score of a Subarray,75.5,https://leetcode.com/problems/maximum-frequency-score-of-a-subarray
PayPal,Minimum Non-Zero Product of the Array Elements,73.4,https://leetcode.com/problems/minimum-non-zero-product-of-the-array-elements
PayPal,Maximum Number of Integers to Choose From a Range II,73.4,https://leetcode.com/problems/maximum-number-of-integers-to-choose-from-a-range-ii
PayPal,Paint House III,73.4,https://leetcode.com/problems/paint-house-iii
PayPal,Maximum Sum Obtained of Any Permutation,73.4,https://leetcode.com/problems/maximum-sum-obtained-of-any-permutation
PayPal,Count Array Pairs Divisible by K,73.4,https://leetcode.com/problems/count-array-pairs-divisible-by-k
PayPal,Smallest Greater Multiple Made of Two Digits,73.4,https://leetcode.com/problems/smallest-greater-multiple-made-of-two-digits
PayPal,Best Time to Buy and Sell Stock,73.4,https://leetcode.com/problems/best-time-to-buy-and-sell-stock
PayPal,Group Anagrams,73.4,https://leetcode.com/problems/group-anagrams
PayPal,Longest Increasing Subsequence,71,https://leetcode.com/problems/longest-increasing-subsequence
PayPal,Maximal Square,71,https://leetcode.com/problems/maximal-square
PayPal,Two Sum,71,https://leetcode.com/problems/two-sum
PayPal,Product of Array Except Self,68.4,https://leetcode.com/problems/product-of-array-except-self
PayPal,Coin Change,68.4,https://leetcode.com/problems/coin-change
PayPal,Pairs of Songs With Total Durations Divisible by 60,65.5,https://leetcode.com/problems/pairs-of-songs-with-total-durations-divisible-by-60
PayPal,Longest Substring Without Repeating Characters,62,https://leetcode.com/problems/longest-substring-without-repeating-characters
PayPal,Minimum Absolute Difference,62,https://leetcode.com/problems/minimum-absolute-difference
PayPal,Merge Intervals,62,https://leetcode.com/problems/merge-intervals
PayPal,Merge Sorted Array,62,https://leetcode.com/problems/merge-sorted-array
PayPal,Subarray Sum Equals K,62,https://leetcode.com/problems/subarray-sum-equals-k
PayPal,Find the Smallest Divisor Given a Threshold,58,https://leetcode.com/problems/find-the-smallest-divisor-given-a-threshold
PayPal,Maximum Number of Events That Can Be Attended,58,https://leetcode.com/problems/maximum-number-of-events-that-can-be-attended
PayPal,Loud and Rich,58,https://leetcode.com/problems/loud-and-rich
PayPal,Reorganize String,58,https://leetcode.com/problems/reorganize-string
PayPal,Valid Anagram,53,https://leetcode.com/problems/valid-anagram
PayPal,Count Vowel Substrings of a String,53,https://leetcode.com/problems/count-vowel-substrings-of-a-string
PayPal,Valid Parentheses,53,https://leetcode.com/problems/valid-parentheses
PayPal,Trapping Rain Water,53,https://leetcode.com/problems/trapping-rain-water
PayPal,House Robber,53,https://leetcode.com/problems/house-robber
PayPal,Meeting Rooms III,53,https://leetcode.com/problems/meeting-rooms-iii
PayPal,Random Pick with Weight,53,https://leetcode.com/problems/random-pick-with-weight
PayPal,Sort Colors,53,https://leetcode.com/problems/sort-colors
PayPal,Last Stone Weight,53,https://leetcode.com/problems/last-stone-weight
PayPal,Top K Frequent Elements,53,https://leetcode.com/problems/top-k-frequent-elements
PayPal,Minimum Increment to Make Array Unique,46.7,https://leetcode.com/problems/minimum-increment-to-make-array-unique
PayPal,Maximum Subarray,46.7,https://leetcode.com/problems/maximum-subarray
PayPal,Median of Two Sorted Arrays,46.7,https://leetcode.com/problems/median-of-two-sorted-arrays
PayPal,Kth Largest Element in an Array,46.7,https://leetcode.com/problems/kth-largest-element-in-an-array
PayPal,Rotate Image,46.7,https://leetcode.com/problems/rotate-image
PayPal,Koko Eating Bananas,46.7,https://leetcode.com/problems/koko-eating-bananas
PayPal,Palindromic Substrings,46.7,https://leetcode.com/problems/palindromic-substrings
PayPal,Jump Game,46.7,https://leetcode.com/problems/jump-game
PayPal,Text Justification,46.7,https://leetcode.com/problems/text-justification
PayPal,Minimum Number of Swaps to Make the String Balanced,46.7,https://leetcode.com/problems/minimum-number-of-swaps-to-make-the-string-balanced
PayPal,3Sum Smaller,46.7,https://leetcode.com/problems/3sum-smaller
PayPal,Count and Say,46.7,https://leetcode.com/problems/count-and-say
PayPal,Subarray Product Less Than K,46.7,https://leetcode.com/problems/subarray-product-less-than-k
PayPal,Reverse Linked List,46.7,https://leetcode.com/problems/reverse-linked-list
PayPal,Happy Number,46.7,https://leetcode.com/problems/happy-number
PayPal,Find First and Last Position of Element in Sorted Array,46.7,https://leetcode.com/problems/find-first-and-last-position-of-element-in-sorted-array
PayPal,Search in Rotated Sorted Array,46.7,https://leetcode.com/problems/search-in-rotated-sorted-array
PayPal,Degree of an Array,46.7,https://leetcode.com/problems/degree-of-an-array
PayPal,Valid Sudoku,46.7,https://leetcode.com/problems/valid-sudoku
PayPal,Flatten Deeply Nested Array,46.7,https://leetcode.com/problems/flatten-deeply-nested-array
PayPal,LFU Cache,46.7,https://leetcode.com/problems/lfu-cache
PayPal,3Sum,46.7,https://leetcode.com/problems/3sum
PayPal,Longest Consecutive Sequence,46.7,https://leetcode.com/problems/longest-consecutive-sequence
PayPal,Meeting Rooms II,37.9,https://leetcode.com/problems/meeting-rooms-ii
PayPal,Squares of a Sorted Array,37.9,https://leetcode.com/problems/squares-of-a-sorted-array
PayPal,Course Schedule,37.9,https://leetcode.com/problems/course-schedule
PayPal,Search a 2D Matrix II,37.9,https://leetcode.com/problems/search-a-2d-matrix-ii
PayPal,Maximum Profit in Job Scheduling,37.9,https://leetcode.com/problems/maximum-profit-in-job-scheduling
PayPal,Spiral Matrix,37.9,https://leetcode.com/problems/spiral-matrix
PayPal,Flatten Binary Tree to Linked List,37.9,https://leetcode.com/problems/flatten-binary-tree-to-linked-list
PayPal,Find Median from Data Stream,37.9,https://leetcode.com/problems/find-median-from-data-stream
PayPal,Find Pivot Index,37.9,https://leetcode.com/problems/find-pivot-index
PayPal,Path Sum,37.9,https://leetcode.com/problems/path-sum
PayPal,Maximum Product Subarray,37.9,https://leetcode.com/problems/maximum-product-subarray
PayPal,Lexicographically Smallest Palindrome,37.9,https://leetcode.com/problems/lexicographically-smallest-palindrome
PayPal,Maximum Population Year,37.9,https://leetcode.com/problems/maximum-population-year
PayPal,Min Stack,37.9,https://leetcode.com/problems/min-stack
PayPal,Word Search II,37.9,https://leetcode.com/problems/word-search-ii
PayPal,Delete Node in a Linked List,37.9,https://leetcode.com/problems/delete-node-in-a-linked-list
PayPal,Minimum Window Substring,37.9,https://leetcode.com/problems/minimum-window-substring
PayPal,First Unique Character in a String,37.9,https://leetcode.com/problems/first-unique-character-in-a-string
PayPal,Maximum Frequency Stack,37.9,https://leetcode.com/problems/maximum-frequency-stack
PayPal,Invalid Transactions,37.9,https://leetcode.com/problems/invalid-transactions
PayPal,Container With Most Water,37.9,https://leetcode.com/problems/container-with-most-water
PayPal,Process Tasks Using Servers,37.9,https://leetcode.com/problems/process-tasks-using-servers
PayPal,Find Peak Element,37.9,https://leetcode.com/problems/find-peak-element
PayPal,Intersection of Two Arrays,37.9,https://leetcode.com/problems/intersection-of-two-arrays
PayPal,Find Minimum in Rotated Sorted Array,37.9,https://leetcode.com/problems/find-minimum-in-rotated-sorted-array
PayPal,Minimum Number of Removals to Make Mountain Array,37.9,https://leetcode.com/problems/minimum-number-of-removals-to-make-mountain-array
PayPal,Divide Players Into Teams of Equal Skill,37.9,https://leetcode.com/problems/divide-players-into-teams-of-equal-skill
PayPal,Jump Game II,37.9,https://leetcode.com/problems/jump-game-ii
PayPal,Number of Substrings Containing All Three Characters,37.9,https://leetcode.com/problems/number-of-substrings-containing-all-three-characters
PayPal,First Missing Positive,37.9,https://leetcode.com/problems/first-missing-positive
PayPal,Merge In Between Linked Lists,37.9,https://leetcode.com/problems/merge-in-between-linked-lists
PayPal,Design Twitter,37.9,https://leetcode.com/problems/design-twitter
PayPay,Largest 3-Same-Digit Number in String,100,https://leetcode.com/problems/largest-3-same-digit-number-in-string
PayPay,Block Placement Queries,73.7,https://leetcode.com/problems/block-placement-queries
PayPay,Zigzag Conversion,64.9,https://leetcode.com/problems/zigzag-conversion
Paytm,Remove All Adjacent Duplicates In String,100,https://leetcode.com/problems/remove-all-adjacent-duplicates-in-string
Paytm,Minimize Maximum of Array,97.6,https://leetcode.com/problems/minimize-maximum-of-array
Paytm,Number of Unequal Triplets in Array,97.6,https://leetcode.com/problems/number-of-unequal-triplets-in-array
Paytm,Find Indices With Index and Value Difference I,97.6,https://leetcode.com/problems/find-indices-with-index-and-value-difference-i
Paytm,Find Indices With Index and Value Difference II,97.6,https://leetcode.com/problems/find-indices-with-index-and-value-difference-ii
Paytm,Longest Nice Subarray,97.6,https://leetcode.com/problems/longest-nice-subarray
Paytm,Min Stack,94.9,https://leetcode.com/problems/min-stack
Paytm,Number of Divisible Substrings,80.2,https://leetcode.com/problems/number-of-divisible-substrings
Paytm,Linked List Cycle II,80.2,https://leetcode.com/problems/linked-list-cycle-ii
Paytm,Valid Parentheses,74.6,https://leetcode.com/problems/valid-parentheses
Paytm,Container With Most Water,74.6,https://leetcode.com/problems/container-with-most-water
Paytm,Two Sum,67.3,https://leetcode.com/problems/two-sum
Paytm,Reverse Words in a String,67.3,https://leetcode.com/problems/reverse-words-in-a-string
Paytm,Longest Palindromic Substring,67.3,https://leetcode.com/problems/longest-palindromic-substring
Paytm,Next Permutation,67.3,https://leetcode.com/problems/next-permutation
Paytm,Longest Substring Without Repeating Characters,67.3,https://leetcode.com/problems/longest-substring-without-repeating-characters
Paytm,3Sum,67.3,https://leetcode.com/problems/3sum
Paytm,Word Search,57.2,https://leetcode.com/problems/word-search
Paytm,Largest Number,57.2,https://leetcode.com/problems/largest-number
Paytm,Reverse Linked List,57.2,https://leetcode.com/problems/reverse-linked-list
Paytm,Trapping Rain Water,57.2,https://leetcode.com/problems/trapping-rain-water
Paytm,Execute Asynchronous Functions in Parallel,57.2,https://leetcode.com/problems/execute-asynchronous-functions-in-parallel
Paytm,Longest Consecutive Sequence,57.2,https://leetcode.com/problems/longest-consecutive-sequence
Paytm,Second Highest Salary,57.2,https://leetcode.com/problems/second-highest-salary
Paytm,Product of Array Except Self,57.2,https://leetcode.com/problems/product-of-array-except-self
Paytm,Best Time to Buy and Sell Stock II,57.2,https://leetcode.com/problems/best-time-to-buy-and-sell-stock-ii
Paytm,String Compression,57.2,https://leetcode.com/problems/string-compression
Paytm,Sum of Subarray Minimums,57.2,https://leetcode.com/problems/sum-of-subarray-minimums
Paytm,Search in Rotated Sorted Array,57.2,https://leetcode.com/problems/search-in-rotated-sorted-array
Paytm,Find Minimum in Rotated Sorted Array,57.2,https://leetcode.com/problems/find-minimum-in-rotated-sorted-array
PayU,Count Operations to Obtain Zero,100,https://leetcode.com/problems/count-operations-to-obtain-zero
PayU,Longest Repeating Character Replacement,66.6,https://leetcode.com/problems/longest-repeating-character-replacement
peak6,Maximum Profit of Operating a Centennial Wheel,100,https://leetcode.com/problems/maximum-profit-of-operating-a-centennial-wheel
peak6,Coordinate With Maximum Network Quality,100,https://leetcode.com/problems/coordinate-with-maximum-network-quality
Peloton,Insert Delete GetRandom O(1) - Duplicates allowed,100,https://leetcode.com/problems/insert-delete-getrandom-o1-duplicates-allowed
Peloton,Insert Delete GetRandom O(1),95,https://leetcode.com/problems/insert-delete-getrandom-o1
Peloton,Subdomain Visit Count,79.6,https://leetcode.com/problems/subdomain-visit-count
persistent systems,Minimum Bit Flips to Convert Number,100,https://leetcode.com/problems/minimum-bit-flips-to-convert-number
persistent systems,Group Anagrams,84.6,https://leetcode.com/problems/group-anagrams
persistent systems,Palindrome Number,73.2,https://leetcode.com/problems/palindrome-number
persistent systems,Valid Parentheses,73.2,https://leetcode.com/problems/valid-parentheses
persistent systems,Valid Anagram,64.2,https://leetcode.com/problems/valid-anagram
persistent systems,Maximum Subarray,64.2,https://leetcode.com/problems/maximum-subarray
persistent systems,Two Sum,64.2,https://leetcode.com/problems/two-sum
persistent systems,Longest Substring Without Repeating Characters,64.2,https://leetcode.com/problems/longest-substring-without-repeating-characters
persistent systems,Longest Palindromic Substring,64.2,https://leetcode.com/problems/longest-palindromic-substring
persistent systems,Merge Sorted Array,64.2,https://leetcode.com/problems/merge-sorted-array
PhonePe,Frog Jump,100,https://leetcode.com/problems/frog-jump
PhonePe,Burst Balloons,94.2,https://leetcode.com/problems/burst-balloons
PhonePe,Decoded String at Index,90.7,https://leetcode.com/problems/decoded-string-at-index
PhonePe,Maximum Tastiness of Candy Basket,86.6,https://leetcode.com/problems/maximum-tastiness-of-candy-basket
PhonePe,Simple Bank System,86.6,https://leetcode.com/problems/simple-bank-system
PhonePe,Smallest Range Covering Elements from K Lists,86.6,https://leetcode.com/problems/smallest-range-covering-elements-from-k-lists
PhonePe,Viewers Turned Streamers,84.3,https://leetcode.com/problems/viewers-turned-streamers
PhonePe,Frequencies of Shortest Supersequences,84.3,https://leetcode.com/problems/frequencies-of-shortest-supersequences
PhonePe,Smallest String With Swaps,84.3,https://leetcode.com/problems/smallest-string-with-swaps
PhonePe,Maximum Amount of Money Robot Can Earn,84.3,https://leetcode.com/problems/maximum-amount-of-money-robot-can-earn
PhonePe,Check if Point Is Reachable,84.3,https://leetcode.com/problems/check-if-point-is-reachable
PhonePe,Count the Number of Arrays with K Matching Adjacent Elements,84.3,https://leetcode.com/problems/count-the-number-of-arrays-with-k-matching-adjacent-elements
PhonePe,Find Beautiful Indices in the Given Array II,84.3,https://leetcode.com/problems/find-beautiful-indices-in-the-given-array-ii
PhonePe,Remove K Digits,78.8,https://leetcode.com/problems/remove-k-digits
PhonePe,Most Stones Removed with Same Row or Column,75.5,https://leetcode.com/problems/most-stones-removed-with-same-row-or-column
PhonePe,Bus Routes,75.5,https://leetcode.com/problems/bus-routes
PhonePe,Trapping Rain Water,71.8,https://leetcode.com/problems/trapping-rain-water
PhonePe,Longest Palindromic Substring,71.8,https://leetcode.com/problems/longest-palindromic-substring
PhonePe,House Robber II,67.3,https://leetcode.com/problems/house-robber-ii
PhonePe,Queue Reconstruction by Height,67.3,https://leetcode.com/problems/queue-reconstruction-by-height
PhonePe,Split Array Largest Sum,67.3,https://leetcode.com/problems/split-array-largest-sum
PhonePe,Candy,67.3,https://leetcode.com/problems/candy
PhonePe,Frequency of the Most Frequent Element,67.3,https://leetcode.com/problems/frequency-of-the-most-frequent-element
PhonePe,House Robber,67.3,https://leetcode.com/problems/house-robber
PhonePe,Best Time to Buy and Sell Stock,67.3,https://leetcode.com/problems/best-time-to-buy-and-sell-stock
PhonePe,Kth Smallest Element in a Sorted Matrix,67.3,https://leetcode.com/problems/kth-smallest-element-in-a-sorted-matrix
PhonePe,Maximum Profit in Job Scheduling,67.3,https://leetcode.com/problems/maximum-profit-in-job-scheduling
PhonePe,Amount of Time for Binary Tree to Be Infected,61.9,https://leetcode.com/problems/amount-of-time-for-binary-tree-to-be-infected
PhonePe,Longest Continuous Subarray With Absolute Diff Less Than or Equal to Limit,61.9,https://leetcode.com/problems/longest-continuous-subarray-with-absolute-diff-less-than-or-equal-to-limit
PhonePe,Reachable Nodes In Subdivided Graph,61.9,https://leetcode.com/problems/reachable-nodes-in-subdivided-graph
PhonePe,Koko Eating Bananas,61.9,https://leetcode.com/problems/koko-eating-bananas
PhonePe,Sum of Distances in Tree,61.9,https://leetcode.com/problems/sum-of-distances-in-tree
PhonePe,Make Lexicographically Smallest Array by Swapping Elements,61.9,https://leetcode.com/problems/make-lexicographically-smallest-array-by-swapping-elements
PhonePe,IPO,61.9,https://leetcode.com/problems/ipo
PhonePe,Jump Game II,61.9,https://leetcode.com/problems/jump-game-ii
PhonePe,House Robber III,54.9,https://leetcode.com/problems/house-robber-iii
PhonePe,Distribute Coins in Binary Tree,54.9,https://leetcode.com/problems/distribute-coins-in-binary-tree
PhonePe,Sort Colors,54.9,https://leetcode.com/problems/sort-colors
PhonePe,Merge Intervals,54.9,https://leetcode.com/problems/merge-intervals
PhonePe,Maximal Square,54.9,https://leetcode.com/problems/maximal-square
PhonePe,Split Array into Consecutive Subsequences,54.9,https://leetcode.com/problems/split-array-into-consecutive-subsequences
PhonePe,Best Time to Buy and Sell Stock III,54.9,https://leetcode.com/problems/best-time-to-buy-and-sell-stock-iii
PhonePe,Word Ladder,54.9,https://leetcode.com/problems/word-ladder
PhonePe,Minimum Cost to Cut a Stick,54.9,https://leetcode.com/problems/minimum-cost-to-cut-a-stick
PhonePe,Rotting Oranges,54.9,https://leetcode.com/problems/rotting-oranges
PhonePe,Matchsticks to Square,54.9,https://leetcode.com/problems/matchsticks-to-square
PhonePe,Sliding Window Maximum,54.9,https://leetcode.com/problems/sliding-window-maximum
PhonePe,Accounts Merge,54.9,https://leetcode.com/problems/accounts-merge
PhonePe,Swim in Rising Water,54.9,https://leetcode.com/problems/swim-in-rising-water
PhonePe,Best Time to Buy and Sell Stock IV,45.1,https://leetcode.com/problems/best-time-to-buy-and-sell-stock-iv
PhonePe,Evaluate Division,45.1,https://leetcode.com/problems/evaluate-division
PhonePe,Binary Tree Level Order Traversal,45.1,https://leetcode.com/problems/binary-tree-level-order-traversal
PhonePe,Group Anagrams,45.1,https://leetcode.com/problems/group-anagrams
PhonePe,Longest Consecutive Sequence,45.1,https://leetcode.com/problems/longest-consecutive-sequence
PhonePe,LRU Cache,45.1,https://leetcode.com/problems/lru-cache
PhonePe,Find Duplicate Subtrees,45.1,https://leetcode.com/problems/find-duplicate-subtrees
PhonePe,Ways to Make a Fair Array,45.1,https://leetcode.com/problems/ways-to-make-a-fair-array
PhonePe,First Missing Positive,45.1,https://leetcode.com/problems/first-missing-positive
PhonePe,Heaters,45.1,https://leetcode.com/problems/heaters
PhonePe,Snakes and Ladders,45.1,https://leetcode.com/problems/snakes-and-ladders
PhonePe,Sum of Subarray Minimums,45.1,https://leetcode.com/problems/sum-of-subarray-minimums
PhonePe,Asteroid Collision,45.1,https://leetcode.com/problems/asteroid-collision
PhonePe,Generate Parentheses,45.1,https://leetcode.com/problems/generate-parentheses
PhonePe,Insert Interval,45.1,https://leetcode.com/problems/insert-interval
PhonePe,Binary Tree Cameras,45.1,https://leetcode.com/problems/binary-tree-cameras
PhonePe,Maximum Performance of a Team,45.1,https://leetcode.com/problems/maximum-performance-of-a-team
PhonePe,Jump Game,45.1,https://leetcode.com/problems/jump-game
PhonePe,Partition Array Into Two Arrays to Minimize Sum Difference,45.1,https://leetcode.com/problems/partition-array-into-two-arrays-to-minimize-sum-difference
PhonePe,Largest Rectangle in Histogram,45.1,https://leetcode.com/problems/largest-rectangle-in-histogram
PhonePe,Decode Ways II,45.1,https://leetcode.com/problems/decode-ways-ii
PhonePe,Find Minimum Time to Finish All Jobs,45.1,https://leetcode.com/problems/find-minimum-time-to-finish-all-jobs
PhonePe,Alien Dictionary,45.1,https://leetcode.com/problems/alien-dictionary
PhonePe,Daily Temperatures,45.1,https://leetcode.com/problems/daily-temperatures
PhonePe,Course Schedule II,45.1,https://leetcode.com/problems/course-schedule-ii
PhonePe,Longest Repeating Character Replacement,45.1,https://leetcode.com/problems/longest-repeating-character-replacement
PhonePe,Complete Binary Tree Inserter,45.1,https://leetcode.com/problems/complete-binary-tree-inserter
PhonePe,String Compression,45.1,https://leetcode.com/problems/string-compression
PhonePe,Number of Islands,45.1,https://leetcode.com/problems/number-of-islands
PhonePe,Magnetic Force Between Two Balls,45.1,https://leetcode.com/problems/magnetic-force-between-two-balls
PhonePe,Number of Islands II,45.1,https://leetcode.com/problems/number-of-islands-ii
PhonePe,Copy List with Random Pointer,45.1,https://leetcode.com/problems/copy-list-with-random-pointer
PhonePe,Maximum Total Damage With Spell Casting,45.1,https://leetcode.com/problems/maximum-total-damage-with-spell-casting
PhonePe,Find All Possible Recipes from Given Supplies,45.1,https://leetcode.com/problems/find-all-possible-recipes-from-given-supplies
PhonePe,Gas Station,45.1,https://leetcode.com/problems/gas-station
PhonePe,Walking Robot Simulation,45.1,https://leetcode.com/problems/walking-robot-simulation
PhonePe,Minimum Cost Tree From Leaf Values,45.1,https://leetcode.com/problems/minimum-cost-tree-from-leaf-values
PhonePe,Best Time to Buy and Sell Stock II,45.1,https://leetcode.com/problems/best-time-to-buy-and-sell-stock-ii
PhonePe,Apply Operations to Maximize Frequency Score,45.1,https://leetcode.com/problems/apply-operations-to-maximize-frequency-score
PhonePe,Make Sum Divisible by P,45.1,https://leetcode.com/problems/make-sum-divisible-by-p
PhonePe,Minimum Height Trees,45.1,https://leetcode.com/problems/minimum-height-trees
PhonePe,Find the Celebrity,45.1,https://leetcode.com/problems/find-the-celebrity
PhonePe,Longest Common Prefix,45.1,https://leetcode.com/problems/longest-common-prefix
PhonePe,Number of Flowers in Full Bloom,45.1,https://leetcode.com/problems/number-of-flowers-in-full-bloom
Pinterest,Count and Say,100,https://leetcode.com/problems/count-and-say
Pinterest,Reconstruct Itinerary,94.8,https://leetcode.com/problems/reconstruct-itinerary
Pinterest,Shortest Path in a Grid with Obstacles Elimination,93.4,https://leetcode.com/problems/shortest-path-in-a-grid-with-obstacles-elimination
Pinterest,Optimal Account Balancing,92.4,https://leetcode.com/problems/optimal-account-balancing
Pinterest,Count Subarrays With Score Less Than K,90.8,https://leetcode.com/problems/count-subarrays-with-score-less-than-k
Pinterest,Maximum Profit in Job Scheduling,89.6,https://leetcode.com/problems/maximum-profit-in-job-scheduling
Pinterest,Bus Routes,85.7,https://leetcode.com/problems/bus-routes
Pinterest,Expression Add Operators,85,https://leetcode.com/problems/expression-add-operators
Pinterest,Find Median from Data Stream,78.8,https://leetcode.com/problems/find-median-from-data-stream
Pinterest,Shortest Way to Form String,76.6,https://leetcode.com/problems/shortest-way-to-form-string
Pinterest,Is Subsequence,74.2,https://leetcode.com/problems/is-subsequence
Pinterest,Reorganize String,72.8,https://leetcode.com/problems/reorganize-string
Pinterest,Longest Word in Dictionary,69.8,https://leetcode.com/problems/longest-word-in-dictionary
Pinterest,Design Search Autocomplete System,69.8,https://leetcode.com/problems/design-search-autocomplete-system
Pinterest,Find Median Given Frequency of Numbers,66.2,https://leetcode.com/problems/find-median-given-frequency-of-numbers
Pinterest,Jump Game III,64.2,https://leetcode.com/problems/jump-game-iii
Pinterest,Find K-th Smallest Pair Distance,61.9,https://leetcode.com/problems/find-k-th-smallest-pair-distance
Pinterest,Coin Change,61.9,https://leetcode.com/problems/coin-change
Pinterest,String Compression,59.2,https://leetcode.com/problems/string-compression
Pinterest,Sparse Matrix Multiplication,59.2,https://leetcode.com/problems/sparse-matrix-multiplication
Pinterest,Meeting Rooms III,59.2,https://leetcode.com/problems/meeting-rooms-iii
Pinterest,Target Sum,56.2,https://leetcode.com/problems/target-sum
Pinterest,Unique Paths II,56.2,https://leetcode.com/problems/unique-paths-ii
Pinterest,Minimize Result by Adding Parentheses to Expression,52.7,https://leetcode.com/problems/minimize-result-by-adding-parentheses-to-expression
Pinterest,The Number of Weak Characters in the Game,48.3,https://leetcode.com/problems/the-number-of-weak-characters-in-the-game
Pinterest,Is Graph Bipartite?,48.3,https://leetcode.com/problems/is-graph-bipartite
Pinterest,Employee Free Time,48.3,https://leetcode.com/problems/employee-free-time
Pinterest,Unique Paths III,48.3,https://leetcode.com/problems/unique-paths-iii
Pinterest,Top K Frequent Elements,42.7,https://leetcode.com/problems/top-k-frequent-elements
Pinterest,Accounts Merge,42.7,https://leetcode.com/problems/accounts-merge
Pinterest,Combination Sum,42.7,https://leetcode.com/problems/combination-sum
Pinterest,Split Array Largest Sum,42.7,https://leetcode.com/problems/split-array-largest-sum
Pinterest,Multiply Strings,42.7,https://leetcode.com/problems/multiply-strings
Pinterest,Letter Combinations of a Phone Number,42.7,https://leetcode.com/problems/letter-combinations-of-a-phone-number
Pinterest,Possible Bipartition,42.7,https://leetcode.com/problems/possible-bipartition
Pinterest,Single Element in a Sorted Array,42.7,https://leetcode.com/problems/single-element-in-a-sorted-array
Pinterest,Meeting Rooms II,42.7,https://leetcode.com/problems/meeting-rooms-ii
Pinterest,Snakes and Ladders,34.9,https://leetcode.com/problems/snakes-and-ladders
Pinterest,The Maze,34.9,https://leetcode.com/problems/the-maze
Pinterest,Find the Celebrity,34.9,https://leetcode.com/problems/find-the-celebrity
Pinterest,Find First and Last Position of Element in Sorted Array,34.9,https://leetcode.com/problems/find-first-and-last-position-of-element-in-sorted-array
Pinterest,Shortest Path to Get All Keys,34.9,https://leetcode.com/problems/shortest-path-to-get-all-keys
Pinterest,Number of Islands,34.9,https://leetcode.com/problems/number-of-islands
Pinterest,Candy Crush,34.9,https://leetcode.com/problems/candy-crush
Pinterest,Dot Product of Two Sparse Vectors,34.9,https://leetcode.com/problems/dot-product-of-two-sparse-vectors
Pinterest,Implement Trie (Prefix Tree),34.9,https://leetcode.com/problems/implement-trie-prefix-tree
Pinterest,Sudoku Solver,34.9,https://leetcode.com/problems/sudoku-solver
Pinterest,Find Minimum Time to Finish All Jobs,34.9,https://leetcode.com/problems/find-minimum-time-to-finish-all-jobs
Pinterest,Smallest Range Covering Elements from K Lists,34.9,https://leetcode.com/problems/smallest-range-covering-elements-from-k-lists
Pocket Gems,Find the Index of the First Occurrence in a String,100,https://leetcode.com/problems/find-the-index-of-the-first-occurrence-in-a-string
Pocket Gems,Sort Colors,100,https://leetcode.com/problems/sort-colors
Pocket Gems,Non-negative Integers without Consecutive Ones,100,https://leetcode.com/problems/non-negative-integers-without-consecutive-ones
Pocket Gems,Clone Graph,100,https://leetcode.com/problems/clone-graph
Pocket Gems,Word Break,100,https://leetcode.com/problems/word-break
Pocket Gems,Top K Frequent Words,100,https://leetcode.com/problems/top-k-frequent-words
Pocket Gems,Shortest Palindrome,100,https://leetcode.com/problems/shortest-palindrome
Pocket Gems,Kth Largest Element in an Array,100,https://leetcode.com/problems/kth-largest-element-in-an-array
Pocket Gems,Alien Dictionary,100,https://leetcode.com/problems/alien-dictionary
Pocket Gems,Basic Calculator III,100,https://leetcode.com/problems/basic-calculator-iii
Pocket Gems,Inorder Successor in BST,100,https://leetcode.com/problems/inorder-successor-in-bst
Pocket Gems,Top K Frequent Elements,100,https://leetcode.com/problems/top-k-frequent-elements
Pocket Gems,Insert Delete GetRandom O(1),100,https://leetcode.com/problems/insert-delete-getrandom-o1
Pocket Gems,Longest Repeating Character Replacement,100,https://leetcode.com/problems/longest-repeating-character-replacement
Pocket Gems,Find All Duplicates in an Array,100,https://leetcode.com/problems/find-all-duplicates-in-an-array
Point72,Top Travellers,100,https://leetcode.com/problems/top-travellers
Point72,Weather Type in Each Country,100,https://leetcode.com/problems/weather-type-in-each-country
Point72,Evaluate Boolean Expression,100,https://leetcode.com/problems/evaluate-boolean-expression
Point72,Restaurant Growth,100,https://leetcode.com/problems/restaurant-growth
Point72,Replace Employee ID With The Unique Identifier,100,https://leetcode.com/problems/replace-employee-id-with-the-unique-identifier
Point72,Advantage Shuffle,63.7,https://leetcode.com/problems/advantage-shuffle
Point72,Generate Parentheses,63.7,https://leetcode.com/problems/generate-parentheses
Point72,Sliding Window Median,63.7,https://leetcode.com/problems/sliding-window-median
Pony.ai,K-th Smallest Prime Fraction,100,https://leetcode.com/problems/k-th-smallest-prime-fraction
Pony.ai,Maximum Profit in Job Scheduling,100,https://leetcode.com/problems/maximum-profit-in-job-scheduling
Pony.ai,Minimum Sideway Jumps,100,https://leetcode.com/problems/minimum-sideway-jumps
Pony.ai,Frequency of the Most Frequent Element,100,https://leetcode.com/problems/frequency-of-the-most-frequent-element
PornHub,Median of Two Sorted Arrays,100,https://leetcode.com/problems/median-of-two-sorted-arrays
PornHub,Longest Substring Without Repeating Characters,79.3,https://leetcode.com/problems/longest-substring-without-repeating-characters
PornHub,Longest Common Prefix,79.3,https://leetcode.com/problems/longest-common-prefix
PornHub,Maximum Subarray,79.3,https://leetcode.com/problems/maximum-subarray
PornHub,Extra Characters in a String,79.3,https://leetcode.com/problems/extra-characters-in-a-string
PornHub,Check if Number Has Equal Digit Count and Digit Value,79.3,https://leetcode.com/problems/check-if-number-has-equal-digit-count-and-digit-value
PornHub,Reverse Nodes in k-Group,79.3,https://leetcode.com/problems/reverse-nodes-in-k-group
PornHub,Split Array Largest Sum,79.3,https://leetcode.com/problems/split-array-largest-sum
PornHub,Search in Rotated Sorted Array,79.3,https://leetcode.com/problems/search-in-rotated-sorted-array
Poshmark,Count Unguarded Cells in the Grid,100,https://leetcode.com/problems/count-unguarded-cells-in-the-grid
Poshmark,Market Analysis I,100,https://leetcode.com/problems/market-analysis-i
Poshmark,Market Analysis II,100,https://leetcode.com/problems/market-analysis-ii
Poshmark,Max Chunks To Make Sorted,66.4,https://leetcode.com/problems/max-chunks-to-make-sorted
Postmates,Determine if Two Strings Are Close,100,https://leetcode.com/problems/determine-if-two-strings-are-close
Postmates,Most Beautiful Item for Each Query,98.1,https://leetcode.com/problems/most-beautiful-item-for-each-query
Postmates,Find the K-Beauty of a Number,98.1,https://leetcode.com/problems/find-the-k-beauty-of-a-number
Publicis Sapient,Trapping Rain Water,100,https://leetcode.com/problems/trapping-rain-water
Publicis Sapient,Two Sum,88.4,https://leetcode.com/problems/two-sum
Publicis Sapient,Group Anagrams,88.4,https://leetcode.com/problems/group-anagrams
Publicis Sapient,Valid Parentheses,88.4,https://leetcode.com/problems/valid-parentheses
Publicis Sapient,Longest Substring Without Repeating Characters,88.4,https://leetcode.com/problems/longest-substring-without-repeating-characters
PubMatic,Longest Common Prefix,100,https://leetcode.com/problems/longest-common-prefix
PubMatic,Trapping Rain Water,89.5,https://leetcode.com/problems/trapping-rain-water
PubMatic,Meeting Rooms II,89.5,https://leetcode.com/problems/meeting-rooms-ii
Pure Storage,Valid Square,100,https://leetcode.com/problems/valid-square
Pure Storage,Palindromic Substrings,85.9,https://leetcode.com/problems/palindromic-substrings
Pure Storage,Design Skiplist,84.1,https://leetcode.com/problems/design-skiplist
Pure Storage,Maximum Repeating Substring,70.9,https://leetcode.com/problems/maximum-repeating-substring
Pure Storage,Longest Palindromic Substring,66.6,https://leetcode.com/problems/longest-palindromic-substring
Pure Storage,Longest Increasing Subsequence,61.2,https://leetcode.com/problems/longest-increasing-subsequence
Pure Storage,Insert Delete GetRandom O(1),61.2,https://leetcode.com/problems/insert-delete-getrandom-o1
Pwc,Longest Common Prefix,100,https://leetcode.com/problems/longest-common-prefix
Pwc,Majority Element,100,https://leetcode.com/problems/majority-element
Pwc,Best Time to Buy and Sell Stock,88.1,https://leetcode.com/problems/best-time-to-buy-and-sell-stock
Pwc,Median of Two Sorted Arrays,88.1,https://leetcode.com/problems/median-of-two-sorted-arrays
Pwc,Roman to Integer,88.1,https://leetcode.com/problems/roman-to-integer
Pwc,Two Sum,88.1,https://leetcode.com/problems/two-sum
Pwc,Longest Palindromic Substring,88.1,https://leetcode.com/problems/longest-palindromic-substring
QBurst,Container With Most Water,100,https://leetcode.com/problems/container-with-most-water
QBurst,Best Time to Buy and Sell Stock,100,https://leetcode.com/problems/best-time-to-buy-and-sell-stock
QBurst,Burst Balloons,100,https://leetcode.com/problems/burst-balloons
Qualcomm,String Compression III,100,https://leetcode.com/problems/string-compression-iii
Qualcomm,Maximum Number of Ones,97.6,https://leetcode.com/problems/maximum-number-of-ones
Qualcomm,Reverse Linked List,91.9,https://leetcode.com/problems/reverse-linked-list
Qualcomm,Remove Nth Node From End of List,74.2,https://leetcode.com/problems/remove-nth-node-from-end-of-list
Qualcomm,Rotate Image,74.2,https://leetcode.com/problems/rotate-image
Qualcomm,LRU Cache,74.2,https://leetcode.com/problems/lru-cache
Qualcomm,Number of Islands,74.2,https://leetcode.com/problems/number-of-islands
Qualcomm,Reverse Bits,74.2,https://leetcode.com/problems/reverse-bits
Qualcomm,Middle of the Linked List,74.2,https://leetcode.com/problems/middle-of-the-linked-list
Qualcomm,Design Memory Allocator,66.9,https://leetcode.com/problems/design-memory-allocator
Qualcomm,Majority Element,66.9,https://leetcode.com/problems/majority-element
Qualcomm,Merge Sorted Array,66.9,https://leetcode.com/problems/merge-sorted-array
Qualcomm,Two Sum,66.9,https://leetcode.com/problems/two-sum
Qualcomm,Valid Parentheses,66.9,https://leetcode.com/problems/valid-parentheses
Qualcomm,Implement Queue using Stacks,66.9,https://leetcode.com/problems/implement-queue-using-stacks
Qualcomm,Palindrome Number,66.9,https://leetcode.com/problems/palindrome-number
Qualcomm,Climbing Stairs,66.9,https://leetcode.com/problems/climbing-stairs
Qualcomm,Number of 1 Bits,66.9,https://leetcode.com/problems/number-of-1-bits
Qualcomm,Swap Nodes in Pairs,66.9,https://leetcode.com/problems/swap-nodes-in-pairs
Qualcomm,Design Circular Queue,56.6,https://leetcode.com/problems/design-circular-queue
Qualcomm,Permutations,56.6,https://leetcode.com/problems/permutations
Qualcomm,Power of Four,56.6,https://leetcode.com/problems/power-of-four
Qualcomm,Reverse Nodes in k-Group,56.6,https://leetcode.com/problems/reverse-nodes-in-k-group
Qualcomm,Longest Substring Without Repeating Characters,56.6,https://leetcode.com/problems/longest-substring-without-repeating-characters
Qualcomm,First Unique Character in a String,56.6,https://leetcode.com/problems/first-unique-character-in-a-string
Qualcomm,Serialize and Deserialize Binary Tree,56.6,https://leetcode.com/problems/serialize-and-deserialize-binary-tree
Qualcomm,Is Subsequence,56.6,https://leetcode.com/problems/is-subsequence
Qualcomm,Single Number,56.6,https://leetcode.com/problems/single-number
Qualcomm,Linked List Cycle,56.6,https://leetcode.com/problems/linked-list-cycle
Qualcomm,Count the Number of Fair Pairs,56.6,https://leetcode.com/problems/count-the-number-of-fair-pairs
Qualcomm,Kth Largest Element in an Array,56.6,https://leetcode.com/problems/kth-largest-element-in-an-array
Qualcomm,Trapping Rain Water,56.6,https://leetcode.com/problems/trapping-rain-water
Qualcomm,Rectangle Overlap,56.6,https://leetcode.com/problems/rectangle-overlap
Qualcomm,String to Integer (atoi),56.6,https://leetcode.com/problems/string-to-integer-atoi
Qualcomm,Find Winner on a Tic Tac Toe Game,56.6,https://leetcode.com/problems/find-winner-on-a-tic-tac-toe-game
Qualcomm,Course Schedule II,56.6,https://leetcode.com/problems/course-schedule-ii
Qualcomm,Reverse Integer,56.6,https://leetcode.com/problems/reverse-integer
Qualcomm,Maximum Depth of Binary Tree,56.6,https://leetcode.com/problems/maximum-depth-of-binary-tree
Qualcomm,Two Sum II - Input Array Is Sorted,56.6,https://leetcode.com/problems/two-sum-ii-input-array-is-sorted
Qualcomm,Maximum Subarray,56.6,https://leetcode.com/problems/maximum-subarray
Qualcomm,"Pow(x, n)",56.6,https://leetcode.com/problems/powx-n
Qualcomm,Design Tic-Tac-Toe,56.6,https://leetcode.com/problems/design-tic-tac-toe
Qualcomm,Trapping Rain Water II,56.6,https://leetcode.com/problems/trapping-rain-water-ii
Qualcomm,Power of Two,56.6,https://leetcode.com/problems/power-of-two
Qualcomm,Remove Duplicates from Sorted Array,56.6,https://leetcode.com/problems/remove-duplicates-from-sorted-array
Qualcomm,Length of Last Word,56.6,https://leetcode.com/problems/length-of-last-word
Qualcomm,Best Time to Buy and Sell Stock II,56.6,https://leetcode.com/problems/best-time-to-buy-and-sell-stock-ii
Qualcomm,Merge Intervals,56.6,https://leetcode.com/problems/merge-intervals
Qualtrics,Count Square Sum Triples,100,https://leetcode.com/problems/count-square-sum-triples
Qualtrics,Asteroid Collision,95.2,https://leetcode.com/problems/asteroid-collision
Qualtrics,Group Anagrams,65.5,https://leetcode.com/problems/group-anagrams
Quora,Construct Target Array With Multiple Sums,100,https://leetcode.com/problems/construct-target-array-with-multiple-sums
Quora,Encode Number,87.2,https://leetcode.com/problems/encode-number
Quora,Find Numbers with Even Number of Digits,87.2,https://leetcode.com/problems/find-numbers-with-even-number-of-digits
Quora,Finding Pairs With a Certain Sum,87.2,https://leetcode.com/problems/finding-pairs-with-a-certain-sum
Quora,Get Biggest Three Rhombus Sums in a Grid,87.2,https://leetcode.com/problems/get-biggest-three-rhombus-sums-in-a-grid
Quora,Substrings of Size Three with Distinct Characters,87.2,https://leetcode.com/problems/substrings-of-size-three-with-distinct-characters
Quora,3Sum With Multiplicity,87.2,https://leetcode.com/problems/3sum-with-multiplicity
Quora,1-bit and 2-bit Characters,87.2,https://leetcode.com/problems/1-bit-and-2-bit-characters
Quora,Find the K-Beauty of a Number,87.2,https://leetcode.com/problems/find-the-k-beauty-of-a-number
Quora,Subtract the Product and Sum of Digits of an Integer,87.2,https://leetcode.com/problems/subtract-the-product-and-sum-of-digits-of-an-integer
Quora,Exam Room,87.2,https://leetcode.com/problems/exam-room
Quora,Range Frequency Queries,87.2,https://leetcode.com/problems/range-frequency-queries
Quora,Maximum Number of Words You Can Type,87.2,https://leetcode.com/problems/maximum-number-of-words-you-can-type
Quora,Sort the Matrix Diagonally,87.2,https://leetcode.com/problems/sort-the-matrix-diagonally
Quora,Number of Subarrays with Bounded Maximum,52.3,https://leetcode.com/problems/number-of-subarrays-with-bounded-maximum
Quora,Subarray Sum Equals K,52.3,https://leetcode.com/problems/subarray-sum-equals-k
Quora,Binary Tree Cameras,52.3,https://leetcode.com/problems/binary-tree-cameras
Quora,Insert Delete GetRandom O(1),52.3,https://leetcode.com/problems/insert-delete-getrandom-o1
Rakuten,Longest Happy String,100,https://leetcode.com/problems/longest-happy-string
Rakuten,Best Time to Buy and Sell Stock II,100,https://leetcode.com/problems/best-time-to-buy-and-sell-stock-ii
Rakuten,Best Time to Buy and Sell Stock,100,https://leetcode.com/problems/best-time-to-buy-and-sell-stock
Rakuten,LRU Cache,100,https://leetcode.com/problems/lru-cache
Rakuten,Rotate Image,100,https://leetcode.com/problems/rotate-image
Rakuten,3Sum,100,https://leetcode.com/problems/3sum
razorpay,Minimum Total Cost to Make Arrays Unequal,100,https://leetcode.com/problems/minimum-total-cost-to-make-arrays-unequal
razorpay,Two Best Non-Overlapping Events,100,https://leetcode.com/problems/two-best-non-overlapping-events
razorpay,Most Beautiful Item for Each Query,100,https://leetcode.com/problems/most-beautiful-item-for-each-query
razorpay,Shortest Subarray to be Removed to Make Array Sorted,79.1,https://leetcode.com/problems/shortest-subarray-to-be-removed-to-make-array-sorted
razorpay,Merge Intervals,72.6,https://leetcode.com/problems/merge-intervals
razorpay,Excel Sheet Column Number,63.4,https://leetcode.com/problems/excel-sheet-column-number
razorpay,Decode String,63.4,https://leetcode.com/problems/decode-string
razorpay,Container With Most Water,63.4,https://leetcode.com/problems/container-with-most-water
razorpay,Rotate Array,63.4,https://leetcode.com/problems/rotate-array
razorpay,LRU Cache,63.4,https://leetcode.com/problems/lru-cache
RBC,Longest Palindromic Substring,100,https://leetcode.com/problems/longest-palindromic-substring
RBC,Container With Most Water,100,https://leetcode.com/problems/container-with-most-water
RBC,Best Time to Buy and Sell Stock,100,https://leetcode.com/problems/best-time-to-buy-and-sell-stock
RBC,Valid Palindrome,100,https://leetcode.com/problems/valid-palindrome
RBC,Spiral Matrix,100,https://leetcode.com/problems/spiral-matrix
redbus,Trapping Rain Water,100,https://leetcode.com/problems/trapping-rain-water
redbus,Minimum Deletions to Make String Balanced,90.1,https://leetcode.com/problems/minimum-deletions-to-make-string-balanced
Reddit,Word Ladder,100,https://leetcode.com/problems/word-ladder
Reddit,Number of Ways to Buy Pens and Pencils,88.6,https://leetcode.com/problems/number-of-ways-to-buy-pens-and-pencils
Reddit,LRU Cache,81.6,https://leetcode.com/problems/lru-cache
Reddit,Design Hit Counter,70.7,https://leetcode.com/problems/design-hit-counter
Reddit,Logger Rate Limiter,70.7,https://leetcode.com/problems/logger-rate-limiter
Reddit,Number of Islands,57.2,https://leetcode.com/problems/number-of-islands
Remitly,Isomorphic Strings,100,https://leetcode.com/problems/isomorphic-strings
Remitly,Task Scheduler II,70.6,https://leetcode.com/problems/task-scheduler-ii
Remitly,Design Search Autocomplete System,62.5,https://leetcode.com/problems/design-search-autocomplete-system
Remitly,Task Scheduler,62.5,https://leetcode.com/problems/task-scheduler
Remitly,Best Time to Buy and Sell Stock,62.5,https://leetcode.com/problems/best-time-to-buy-and-sell-stock
Remitly,Random Pick with Weight,62.5,https://leetcode.com/problems/random-pick-with-weight
Remitly,Course Schedule II,62.5,https://leetcode.com/problems/course-schedule-ii
Remitly,Evaluate the Bracket Pairs of a String,62.5,https://leetcode.com/problems/evaluate-the-bracket-pairs-of-a-string
Revolut,Longest Common Prefix,100,https://leetcode.com/problems/longest-common-prefix
Revolut,Perfect Squares,90.2,https://leetcode.com/problems/perfect-squares
Revolut,Reverse Linked List II,86.9,https://leetcode.com/problems/reverse-linked-list-ii
Revolut,Binary Tree Paths,83,https://leetcode.com/problems/binary-tree-paths
Revolut,Remove Duplicates from Sorted List,78.2,https://leetcode.com/problems/remove-duplicates-from-sorted-list
Revolut,Find All Anagrams in a String,78.2,https://leetcode.com/problems/find-all-anagrams-in-a-string
Revolut,Binary Tree Level Order Traversal II,63.2,https://leetcode.com/problems/binary-tree-level-order-traversal-ii
Revolut,Permutation in String,63.2,https://leetcode.com/problems/permutation-in-string
Revolut,Random Pick with Weight,63.2,https://leetcode.com/problems/random-pick-with-weight
Revolut,Merge Two Sorted Lists,63.2,https://leetcode.com/problems/merge-two-sorted-lists
Revolut,Missing Number,63.2,https://leetcode.com/problems/missing-number
Riot Games,Teemo Attacking,100,https://leetcode.com/problems/teemo-attacking
Riot Games,Valid Sudoku,91.8,https://leetcode.com/problems/valid-sudoku
Riot Games,Sudoku Solver,82.4,https://leetcode.com/problems/sudoku-solver
Riot Games,Better Compression of String,72.1,https://leetcode.com/problems/better-compression-of-string
Ripple,Group Anagrams,100,https://leetcode.com/problems/group-anagrams
Ripple,LRU Cache,100,https://leetcode.com/problems/lru-cache
Ripple,String Compression,100,https://leetcode.com/problems/string-compression
Ripple,Merge Intervals,100,https://leetcode.com/problems/merge-intervals
Ripple,Product Sales Analysis I,88.3,https://leetcode.com/problems/product-sales-analysis-i
Ripple,Linked List Cycle II,88.3,https://leetcode.com/problems/linked-list-cycle-ii
Ripple,Product of Array Except Self,88.3,https://leetcode.com/problems/product-of-array-except-self
Ripple,Subarray Sum Equals K,88.3,https://leetcode.com/problems/subarray-sum-equals-k
Ripple,Stock Price Fluctuation ,88.3,https://leetcode.com/problems/stock-price-fluctuation
Ripple,Maximum Subarray,88.3,https://leetcode.com/problems/maximum-subarray
Ripple,Koko Eating Bananas,88.3,https://leetcode.com/problems/koko-eating-bananas
Ripple,Basic Calculator,88.3,https://leetcode.com/problems/basic-calculator
Rippling,Design Excel Sum Formula,100,https://leetcode.com/problems/design-excel-sum-formula
Rippling,Median of Two Sorted Arrays,88.8,https://leetcode.com/problems/median-of-two-sorted-arrays
Rippling,Design Spreadsheet,88.8,https://leetcode.com/problems/design-spreadsheet
Rippling,Evaluate Division,84.2,https://leetcode.com/problems/evaluate-division
Rippling,Synonymous Sentences,63.5,https://leetcode.com/problems/synonymous-sentences
Rippling,Employee Importance,63.5,https://leetcode.com/problems/employee-importance
Rippling,Maximum Subarray,63.5,https://leetcode.com/problems/maximum-subarray
Rippling,Optimal Account Balancing,63.5,https://leetcode.com/problems/optimal-account-balancing
Rippling,Last Stone Weight,55.1,https://leetcode.com/problems/last-stone-weight
Rippling,Number of Visible People in a Queue,55.1,https://leetcode.com/problems/number-of-visible-people-in-a-queue
Rippling,Accounts Merge,55.1,https://leetcode.com/problems/accounts-merge
Rippling,Insert Delete GetRandom O(1),55.1,https://leetcode.com/problems/insert-delete-getrandom-o1
Rippling,LFU Cache,55.1,https://leetcode.com/problems/lfu-cache
Rippling,Merge Two Sorted Lists,55.1,https://leetcode.com/problems/merge-two-sorted-lists
Rippling,Maximize Amount After Two Days of Conversions,55.1,https://leetcode.com/problems/maximize-amount-after-two-days-of-conversions
Rippling,Alien Dictionary,55.1,https://leetcode.com/problems/alien-dictionary
Rivian,Number of Islands,100,https://leetcode.com/problems/number-of-islands
Rivian,LRU Cache,100,https://leetcode.com/problems/lru-cache
Rivian,Merge Intervals,88.3,https://leetcode.com/problems/merge-intervals
Rivian,Flatten Deeply Nested Array,88.3,https://leetcode.com/problems/flatten-deeply-nested-array
Rivian,String Compression,88.3,https://leetcode.com/problems/string-compression
Rivian,Rotate String,88.3,https://leetcode.com/problems/rotate-string
Rivian,Merge k Sorted Lists,88.3,https://leetcode.com/problems/merge-k-sorted-lists
Rivian,Max Increase to Keep City Skyline,88.3,https://leetcode.com/problems/max-increase-to-keep-city-skyline
Rivian,Degree of an Array,88.3,https://leetcode.com/problems/degree-of-an-array
Robinhood,Number of Orders in the Backlog,100,https://leetcode.com/problems/number-of-orders-in-the-backlog
Robinhood,Restore the Array From Adjacent Pairs,91.4,https://leetcode.com/problems/restore-the-array-from-adjacent-pairs
Robinhood,Brightest Position on Street,87.6,https://leetcode.com/problems/brightest-position-on-street
Robinhood,Count Good Meals,87.6,https://leetcode.com/problems/count-good-meals
Robinhood,Ways to Split Array Into Three Subarrays,87.6,https://leetcode.com/problems/ways-to-split-array-into-three-subarrays
Robinhood,Check if There is a Valid Path in a Grid,87.6,https://leetcode.com/problems/check-if-there-is-a-valid-path-in-a-grid
Robinhood,Capital Gain/Loss,87.6,https://leetcode.com/problems/capital-gainloss
Robinhood,Count the Number of Consistent Strings,87.6,https://leetcode.com/problems/count-the-number-of-consistent-strings
Robinhood,Top K Frequent Words,80,https://leetcode.com/problems/top-k-frequent-words
Robinhood,Text Justification,62.1,https://leetcode.com/problems/text-justification
Robinhood,Best Time to Buy and Sell Stock,62.1,https://leetcode.com/problems/best-time-to-buy-and-sell-stock
Robinhood,Minesweeper,62.1,https://leetcode.com/problems/minesweeper
Robinhood,Defanging an IP Address,53.5,https://leetcode.com/problems/defanging-an-ip-address
Robinhood,Top K Frequent Elements,53.5,https://leetcode.com/problems/top-k-frequent-elements
Robinhood,Employee Importance,53.5,https://leetcode.com/problems/employee-importance
Roblox,Reorganize String,100,https://leetcode.com/problems/reorganize-string
Roblox,Design Browser History,86.3,https://leetcode.com/problems/design-browser-history
Roblox,Task Scheduler,85.4,https://leetcode.com/problems/task-scheduler
Roblox,Design Hit Counter,81.5,https://leetcode.com/problems/design-hit-counter
Roblox,Maximize Distance to Closest Person,81.5,https://leetcode.com/problems/maximize-distance-to-closest-person
Roblox,Merge Intervals,75.1,https://leetcode.com/problems/merge-intervals
Roblox,Text Justification,73.5,https://leetcode.com/problems/text-justification
Roblox,Convert Binary Number in a Linked List to Integer,69.9,https://leetcode.com/problems/convert-binary-number-in-a-linked-list-to-integer
Roblox,Students and Examinations,69.9,https://leetcode.com/problems/students-and-examinations
Roblox,Number of Trusted Contacts of a Customer,69.9,https://leetcode.com/problems/number-of-trusted-contacts-of-a-customer
Roblox,Group the People Given the Group Size They Belong To,69.9,https://leetcode.com/problems/group-the-people-given-the-group-size-they-belong-to
Roblox,Count Number of Nice Subarrays,69.9,https://leetcode.com/problems/count-number-of-nice-subarrays
Roblox,Subdomain Visit Count,69.9,https://leetcode.com/problems/subdomain-visit-count
Roblox,Maximum Number of Occurrences of a Substring,69.9,https://leetcode.com/problems/maximum-number-of-occurrences-of-a-substring
Roblox,Magnetic Force Between Two Balls,69.9,https://leetcode.com/problems/magnetic-force-between-two-balls
Roblox,Valid Parentheses,67.8,https://leetcode.com/problems/valid-parentheses
Roblox,Integer to English Words,67.8,https://leetcode.com/problems/integer-to-english-words
Roblox,Implement Trie (Prefix Tree),62.9,https://leetcode.com/problems/implement-trie-prefix-tree
Roblox,Rotate Image,59.8,https://leetcode.com/problems/rotate-image
Roblox,Number of Flowers in Full Bloom,56.2,https://leetcode.com/problems/number-of-flowers-in-full-bloom
Roblox,Rotating the Box,56.2,https://leetcode.com/problems/rotating-the-box
Roblox,Spiral Matrix,51.9,https://leetcode.com/problems/spiral-matrix
Roblox,Block Placement Queries,51.9,https://leetcode.com/problems/block-placement-queries
Roblox,Split Message Based on Limit,51.9,https://leetcode.com/problems/split-message-based-on-limit
Roblox,Trapping Rain Water,51.9,https://leetcode.com/problems/trapping-rain-water
Roblox,Subarrays with K Different Integers,46.2,https://leetcode.com/problems/subarrays-with-k-different-integers
Roblox,Number of Adjacent Elements With the Same Color,46.2,https://leetcode.com/problems/number-of-adjacent-elements-with-the-same-color
Roblox,Longest Common Prefix,46.2,https://leetcode.com/problems/longest-common-prefix
Roblox,Minimum Falling Path Sum II,46.2,https://leetcode.com/problems/minimum-falling-path-sum-ii
Roblox,Largest Rectangle in Histogram,46.2,https://leetcode.com/problems/largest-rectangle-in-histogram
Roblox,Find the Length of the Longest Common Prefix,46.2,https://leetcode.com/problems/find-the-length-of-the-longest-common-prefix
Roblox,First Missing Positive,46.2,https://leetcode.com/problems/first-missing-positive
Roblox,Candy Crush,38.3,https://leetcode.com/problems/candy-crush
Roblox,Basic Calculator IV,38.3,https://leetcode.com/problems/basic-calculator-iv
Roblox,Number of Recent Calls,38.3,https://leetcode.com/problems/number-of-recent-calls
Roblox,Diagonal Traverse,38.3,https://leetcode.com/problems/diagonal-traverse
Roblox,Jump Game II,38.3,https://leetcode.com/problems/jump-game-ii
Roblox,Longest Consecutive Sequence,38.3,https://leetcode.com/problems/longest-consecutive-sequence
Roblox,Image Smoother,38.3,https://leetcode.com/problems/image-smoother
Roblox,Longest Substring Without Repeating Characters,38.3,https://leetcode.com/problems/longest-substring-without-repeating-characters
Roblox,Best Time to Buy and Sell Stock,38.3,https://leetcode.com/problems/best-time-to-buy-and-sell-stock
Roblox,Spiral Matrix II,38.3,https://leetcode.com/problems/spiral-matrix-ii
Roblox,Brightest Position on Street,38.3,https://leetcode.com/problems/brightest-position-on-street
Roblox,Rotting Oranges,38.3,https://leetcode.com/problems/rotting-oranges
Roblox,Employee Free Time,38.3,https://leetcode.com/problems/employee-free-time
Roblox,Two Sum,38.3,https://leetcode.com/problems/two-sum
Roblox,Minimum Number of Frogs Croaking,38.3,https://leetcode.com/problems/minimum-number-of-frogs-croaking
Roblox,Minimum Absolute Difference Between Elements With Constraint,38.3,https://leetcode.com/problems/minimum-absolute-difference-between-elements-with-constraint
Roblox,Word Search II,38.3,https://leetcode.com/problems/word-search-ii
Roblox,Accounts Merge,38.3,https://leetcode.com/problems/accounts-merge
Roblox,Remove Colored Pieces if Both Neighbors are the Same Color,38.3,https://leetcode.com/problems/remove-colored-pieces-if-both-neighbors-are-the-same-color
Roblox,Unique Paths,38.3,https://leetcode.com/problems/unique-paths
Roblox,Course Schedule,38.3,https://leetcode.com/problems/course-schedule
Roche,Longest Common Prefix,100,https://leetcode.com/problems/longest-common-prefix
Roche,Palindrome Number,100,https://leetcode.com/problems/palindrome-number
Rokt,Valid Word Abbreviation,100,https://leetcode.com/problems/valid-word-abbreviation
Rokt,Basic Calculator II,100,https://leetcode.com/problems/basic-calculator-ii
Rokt,Basic Calculator,100,https://leetcode.com/problems/basic-calculator
Rokt,Valid Anagram,89.8,https://leetcode.com/problems/valid-anagram
Roku,Substring with Concatenation of All Words,100,https://leetcode.com/problems/substring-with-concatenation-of-all-words
Roku,Sliding Window Maximum,100,https://leetcode.com/problems/sliding-window-maximum
Roku,LRU Cache,100,https://leetcode.com/problems/lru-cache
Roku,Simplify Path,87.5,https://leetcode.com/problems/simplify-path
Roku,Decode String,87.5,https://leetcode.com/problems/decode-string
Roku,Asteroid Collision,87.5,https://leetcode.com/problems/asteroid-collision
Roku,Backspace String Compare,87.5,https://leetcode.com/problems/backspace-string-compare
Roku,Multiply Strings,87.5,https://leetcode.com/problems/multiply-strings
Roku,Maximum Product of Three Numbers,87.5,https://leetcode.com/problems/maximum-product-of-three-numbers
Roku,Max Consecutive Ones III,87.5,https://leetcode.com/problems/max-consecutive-ones-iii
Roku,Shortest Path to Get All Keys,87.5,https://leetcode.com/problems/shortest-path-to-get-all-keys
Roku,24 Game,87.5,https://leetcode.com/problems/24-game
Roku,Valid Palindrome II,87.5,https://leetcode.com/problems/valid-palindrome-ii
Roku,Top K Frequent Elements,87.5,https://leetcode.com/problems/top-k-frequent-elements
Roku,Valid Parenthesis String,87.5,https://leetcode.com/problems/valid-parenthesis-string
Rubrik,Maximum Points After Enemy Battles,100,https://leetcode.com/problems/maximum-points-after-enemy-battles
Rubrik,Stamping the Grid,67.8,https://leetcode.com/problems/stamping-the-grid
Rubrik,Alice and Bob Playing Flower Game,62.6,https://leetcode.com/problems/alice-and-bob-playing-flower-game
Rubrik,LRU Cache,62.6,https://leetcode.com/problems/lru-cache
Rubrik,Count Lattice Points Inside a Circle,62.6,https://leetcode.com/problems/count-lattice-points-inside-a-circle
Rubrik,Candy Crush,62.6,https://leetcode.com/problems/candy-crush
Rubrik,Random Pick with Weight,62.6,https://leetcode.com/problems/random-pick-with-weight
Rubrik,Distribute Candies Among Children III,61,https://leetcode.com/problems/distribute-candies-among-children-iii
Rubrik,Distribute Candies Among Children II,61,https://leetcode.com/problems/distribute-candies-among-children-ii
Rubrik,Distribute Candies Among Children I,61,https://leetcode.com/problems/distribute-candies-among-children-i
Rubrik,Find X Value of Array I,61,https://leetcode.com/problems/find-x-value-of-array-i
Rubrik,Find Longest Special Substring That Occurs Thrice II,61,https://leetcode.com/problems/find-longest-special-substring-that-occurs-thrice-ii
Rubrik,Find the Sum of Subsequence Powers,61,https://leetcode.com/problems/find-the-sum-of-subsequence-powers
Rubrik,Existence of a Substring in a String and Its Reverse,61,https://leetcode.com/problems/existence-of-a-substring-in-a-string-and-its-reverse
Rubrik,Maximize Subarray Sum After Removing All Occurrences of One Element,61,https://leetcode.com/problems/maximize-subarray-sum-after-removing-all-occurrences-of-one-element
Rubrik,Find X Value of Array II,61,https://leetcode.com/problems/find-x-value-of-array-ii
Rubrik,Manhattan Distances of All Arrangements of Pieces,61,https://leetcode.com/problems/manhattan-distances-of-all-arrangements-of-pieces
Rubrik,Insert Delete GetRandom O(1),52.3,https://leetcode.com/problems/insert-delete-getrandom-o1
Rubrik,Snapshot Array,49.2,https://leetcode.com/problems/snapshot-array
Rubrik,Scramble String,49.2,https://leetcode.com/problems/scramble-string
Rubrik,Next Permutation,49.2,https://leetcode.com/problems/next-permutation
Rubrik,Web Crawler Multithreaded,49.2,https://leetcode.com/problems/web-crawler-multithreaded
Rubrik,Design Add and Search Words Data Structure,45.5,https://leetcode.com/problems/design-add-and-search-words-data-structure
Rubrik,Design a Text Editor,40.6,https://leetcode.com/problems/design-a-text-editor
Rubrik,Web Crawler,40.6,https://leetcode.com/problems/web-crawler
Rubrik,Task Scheduler,40.6,https://leetcode.com/problems/task-scheduler
Rubrik,Edit Distance,40.6,https://leetcode.com/problems/edit-distance
Rubrik,Sliding Window Maximum,40.6,https://leetcode.com/problems/sliding-window-maximum
Rubrik,Building H2O,33.8,https://leetcode.com/problems/building-h2o
Rubrik,4Sum,33.8,https://leetcode.com/problems/4sum
Rubrik,Prefix and Suffix Search,33.8,https://leetcode.com/problems/prefix-and-suffix-search
Rubrik,Remove Invalid Parentheses,33.8,https://leetcode.com/problems/remove-invalid-parentheses
Rubrik,Cherry Pickup II,33.8,https://leetcode.com/problems/cherry-pickup-ii
Rubrik,Minimum Number of Refueling Stops,33.8,https://leetcode.com/problems/minimum-number-of-refueling-stops
Rubrik,Design Bounded Blocking Queue,33.8,https://leetcode.com/problems/design-bounded-blocking-queue
Rubrik,Design Memory Allocator,33.8,https://leetcode.com/problems/design-memory-allocator
Salesforce,Word Break,93.6,https://leetcode.com/problems/word-break
Salesforce,Subarray Product Less Than K,87.3,https://leetcode.com/problems/subarray-product-less-than-k
Salesforce,String Compression,84.8,https://leetcode.com/problems/string-compression
Salesforce,LFU Cache,80.4,https://leetcode.com/problems/lfu-cache
Salesforce,Distinct Subsequences,80.4,https://leetcode.com/problems/distinct-subsequences
Salesforce,Merge Intervals,80.4,https://leetcode.com/problems/merge-intervals
Salesforce,LRU Cache,78.8,https://leetcode.com/problems/lru-cache
Salesforce,Group Anagrams,75.1,https://leetcode.com/problems/group-anagrams
Salesforce,Number of Islands,75.1,https://leetcode.com/problems/number-of-islands
Salesforce,Longest Substring Without Repeating Characters,73,https://leetcode.com/problems/longest-substring-without-repeating-characters
Salesforce,Maximum Frequency Stack,73,https://leetcode.com/problems/maximum-frequency-stack
Salesforce,Count the Number of Fair Pairs,73,https://leetcode.com/problems/count-the-number-of-fair-pairs
Salesforce,Palindromic Substrings,73,https://leetcode.com/problems/palindromic-substrings
Salesforce,Design a Text Editor,73,https://leetcode.com/problems/design-a-text-editor
Salesforce,Height Checker,73,https://leetcode.com/problems/height-checker
Salesforce,Check If a Number Is Majority Element in a Sorted Array,70.8,https://leetcode.com/problems/check-if-a-number-is-majority-element-in-a-sorted-array
Salesforce,Beautiful Towers I,70.8,https://leetcode.com/problems/beautiful-towers-i
Salesforce,Beautiful Towers II,70.8,https://leetcode.com/problems/beautiful-towers-ii
Salesforce,Course Schedule II,70.8,https://leetcode.com/problems/course-schedule-ii
Salesforce,Check Whether Two Strings are Almost Equivalent,70.8,https://leetcode.com/problems/check-whether-two-strings-are-almost-equivalent
Salesforce,Split Array Largest Sum,68.3,https://leetcode.com/problems/split-array-largest-sum
Salesforce,Best Time to Buy and Sell Stock,68.3,https://leetcode.com/problems/best-time-to-buy-and-sell-stock
Salesforce,Valid Parentheses,68.3,https://leetcode.com/problems/valid-parentheses
Salesforce,Trapping Rain Water,68.3,https://leetcode.com/problems/trapping-rain-water
Salesforce,Kth Largest Element in an Array,65.5,https://leetcode.com/problems/kth-largest-element-in-an-array
Salesforce,Beautiful Arrangement,65.5,https://leetcode.com/problems/beautiful-arrangement
Salesforce,Binary Tree Maximum Path Sum,65.5,https://leetcode.com/problems/binary-tree-maximum-path-sum
Salesforce,Maximum Product of Three Numbers,62.3,https://leetcode.com/problems/maximum-product-of-three-numbers
Salesforce,Integer to Roman,62.3,https://leetcode.com/problems/integer-to-roman
Salesforce,Asteroid Collision,62.3,https://leetcode.com/problems/asteroid-collision
Salesforce,Largest Number,62.3,https://leetcode.com/problems/largest-number
Salesforce,3Sum,58.6,https://leetcode.com/problems/3sum
Salesforce,Coin Change,58.6,https://leetcode.com/problems/coin-change
Salesforce,Meeting Rooms II,58.6,https://leetcode.com/problems/meeting-rooms-ii
Salesforce,Task Scheduler,58.6,https://leetcode.com/problems/task-scheduler
Salesforce,Longest Palindromic Substring,58.6,https://leetcode.com/problems/longest-palindromic-substring
Salesforce,Minimum Window Substring,58.6,https://leetcode.com/problems/minimum-window-substring
Salesforce,Count Palindromic Subsequences,58.6,https://leetcode.com/problems/count-palindromic-subsequences
Salesforce,Validate Binary Search Tree,54.3,https://leetcode.com/problems/validate-binary-search-tree
Salesforce,Top K Frequent Elements,54.3,https://leetcode.com/problems/top-k-frequent-elements
Salesforce,Decode Ways,54.3,https://leetcode.com/problems/decode-ways
Salesforce,Min Stack,54.3,https://leetcode.com/problems/min-stack
Salesforce,Maximal Square,54.3,https://leetcode.com/problems/maximal-square
Salesforce,IPO,49,https://leetcode.com/problems/ipo
Salesforce,Maximize Greatness of an Array,49,https://leetcode.com/problems/maximize-greatness-of-an-array
Salesforce,Product of Array Except Self,49,https://leetcode.com/problems/product-of-array-except-self
Salesforce,Reconstruct Original Digits from English,49,https://leetcode.com/problems/reconstruct-original-digits-from-english
Salesforce,Is Subsequence,49,https://leetcode.com/problems/is-subsequence
Salesforce,Partition Array Into Two Arrays to Minimize Sum Difference,49,https://leetcode.com/problems/partition-array-into-two-arrays-to-minimize-sum-difference
Salesforce,Search in Rotated Sorted Array,49,https://leetcode.com/problems/search-in-rotated-sorted-array
Salesforce,Count Binary Substrings,49,https://leetcode.com/problems/count-binary-substrings
Salesforce,Decode String,49,https://leetcode.com/problems/decode-string
Salesforce,Degree of an Array,49,https://leetcode.com/problems/degree-of-an-array
Salesforce,Combination Sum,49,https://leetcode.com/problems/combination-sum
Salesforce,Jump Game,49,https://leetcode.com/problems/jump-game
Salesforce,Daily Temperatures,49,https://leetcode.com/problems/daily-temperatures
Salesforce,Max Area of Island,49,https://leetcode.com/problems/max-area-of-island
Salesforce,Populating Next Right Pointers in Each Node,49,https://leetcode.com/problems/populating-next-right-pointers-in-each-node
Salesforce,Capacity To Ship Packages Within D Days,49,https://leetcode.com/problems/capacity-to-ship-packages-within-d-days
Salesforce,Container With Most Water,49,https://leetcode.com/problems/container-with-most-water
Salesforce,Merge k Sorted Lists,42.3,https://leetcode.com/problems/merge-k-sorted-lists
Salesforce,Roman to Integer,42.3,https://leetcode.com/problems/roman-to-integer
Salesforce,Rotting Oranges,42.3,https://leetcode.com/problems/rotting-oranges
Salesforce,Smallest Subtree with all the Deepest Nodes,42.3,https://leetcode.com/problems/smallest-subtree-with-all-the-deepest-nodes
Salesforce,Design In-Memory File System,42.3,https://leetcode.com/problems/design-in-memory-file-system
Salesforce,"Pow(x, n)",42.3,https://leetcode.com/problems/powx-n
Salesforce,Find Median from Data Stream,42.3,https://leetcode.com/problems/find-median-from-data-stream
Salesforce,Lowest Common Ancestor of a Binary Tree,42.3,https://leetcode.com/problems/lowest-common-ancestor-of-a-binary-tree
Salesforce,Move Zeroes,42.3,https://leetcode.com/problems/move-zeroes
Salesforce,House Robber,42.3,https://leetcode.com/problems/house-robber
Salesforce,Kth Smallest Element in a Sorted Matrix,42.3,https://leetcode.com/problems/kth-smallest-element-in-a-sorted-matrix
Salesforce,Construct Binary Tree from Preorder and Inorder Traversal,42.3,https://leetcode.com/problems/construct-binary-tree-from-preorder-and-inorder-traversal
Salesforce,Maximum Difference Between Increasing Elements,42.3,https://leetcode.com/problems/maximum-difference-between-increasing-elements
Salesforce,Graph Valid Tree,42.3,https://leetcode.com/problems/graph-valid-tree
Salesforce,Serialize and Deserialize Binary Tree,42.3,https://leetcode.com/problems/serialize-and-deserialize-binary-tree
Salesforce,Wildcard Matching,42.3,https://leetcode.com/problems/wildcard-matching
Salesforce,Range Addition,42.3,https://leetcode.com/problems/range-addition
Salesforce,First Missing Positive,42.3,https://leetcode.com/problems/first-missing-positive
Salesforce,Sort Colors,33,https://leetcode.com/problems/sort-colors
Salesforce,Subsets,33,https://leetcode.com/problems/subsets
Salesforce,Minimum Path Sum,33,https://leetcode.com/problems/minimum-path-sum
Salesforce,Best Time to Buy and Sell Stock II,33,https://leetcode.com/problems/best-time-to-buy-and-sell-stock-ii
Salesforce,Pairs of Songs With Total Durations Divisible by 60,33,https://leetcode.com/problems/pairs-of-songs-with-total-durations-divisible-by-60
Salesforce,Stream of Characters,33,https://leetcode.com/problems/stream-of-characters
Salesforce,Flatten Binary Tree to Linked List,33,https://leetcode.com/problems/flatten-binary-tree-to-linked-list
Salesforce,Number of Matching Subsequences,33,https://leetcode.com/problems/number-of-matching-subsequences
Salesforce,Triangle,33,https://leetcode.com/problems/triangle
Salesforce,Insert Delete GetRandom O(1),33,https://leetcode.com/problems/insert-delete-getrandom-o1
Salesforce,Majority Element,33,https://leetcode.com/problems/majority-element
Salesforce,Isomorphic Strings,33,https://leetcode.com/problems/isomorphic-strings
Salesforce,2 Keys Keyboard,33,https://leetcode.com/problems/2-keys-keyboard
Salesforce,The Skyline Problem,33,https://leetcode.com/problems/the-skyline-problem
Salesforce,Majority Element II,33,https://leetcode.com/problems/majority-element-ii
Salesforce,Different Ways to Add Parentheses,33,https://leetcode.com/problems/different-ways-to-add-parentheses
Salesforce,Reverse Words in a String III,33,https://leetcode.com/problems/reverse-words-in-a-string-iii
Salesforce,Walls and Gates,33,https://leetcode.com/problems/walls-and-gates
Salesforce,N-Queens,33,https://leetcode.com/problems/n-queens
Salesforce,Predict the Winner,33,https://leetcode.com/problems/predict-the-winner
Salesforce,Longest Valid Parentheses,33,https://leetcode.com/problems/longest-valid-parentheses
Salesforce,Count Primes,33,https://leetcode.com/problems/count-primes
Samsara,Alternating Groups I,100,https://leetcode.com/problems/alternating-groups-i
Samsara,Alternating Groups II,100,https://leetcode.com/problems/alternating-groups-ii
Samsara,Find Beautiful Indices in the Given Array I,85.1,https://leetcode.com/problems/find-beautiful-indices-in-the-given-array-i
Samsara,Valid Sudoku,85.1,https://leetcode.com/problems/valid-sudoku
Samsara,Text Justification,74.2,https://leetcode.com/problems/text-justification
Samsara,Number of Flowers in Full Bloom,65.5,https://leetcode.com/problems/number-of-flowers-in-full-bloom
Samsung,Burst Balloons,100,https://leetcode.com/problems/burst-balloons
Samsung,Longest Increasing Subsequence,91.3,https://leetcode.com/problems/longest-increasing-subsequence
Samsung,Partition Array Into Two Arrays to Minimize Sum Difference,89.5,https://leetcode.com/problems/partition-array-into-two-arrays-to-minimize-sum-difference
Samsung,Number of Islands,89.5,https://leetcode.com/problems/number-of-islands
Samsung,LRU Cache,87.6,https://leetcode.com/problems/lru-cache
Samsung,Minimum Cost of a Path With Special Roads,87.6,https://leetcode.com/problems/minimum-cost-of-a-path-with-special-roads
Samsung,Maximum Height by Stacking Cuboids ,85.5,https://leetcode.com/problems/maximum-height-by-stacking-cuboids
Samsung,Trapping Rain Water,85.5,https://leetcode.com/problems/trapping-rain-water
Samsung,Vertical Order Traversal of a Binary Tree,85.5,https://leetcode.com/problems/vertical-order-traversal-of-a-binary-tree
Samsung,Minimize Deviation in Array,85.5,https://leetcode.com/problems/minimize-deviation-in-array
Samsung,Largest 1-Bordered Square,83.2,https://leetcode.com/problems/largest-1-bordered-square
Samsung,Number of Paths with Max Score,83.2,https://leetcode.com/problems/number-of-paths-with-max-score
Samsung,Maximum Product of Two Elements in an Array,83.2,https://leetcode.com/problems/maximum-product-of-two-elements-in-an-array
Samsung,Number of Nodes in the Sub-Tree With the Same Label,83.2,https://leetcode.com/problems/number-of-nodes-in-the-sub-tree-with-the-same-label
Samsung,Find the Width of Columns of a Grid,83.2,https://leetcode.com/problems/find-the-width-of-columns-of-a-grid
Samsung,Design Graph With Shortest Path Calculator,83.2,https://leetcode.com/problems/design-graph-with-shortest-path-calculator
Samsung,Stone Game IX,83.2,https://leetcode.com/problems/stone-game-ix
Samsung,Faulty Keyboard,83.2,https://leetcode.com/problems/faulty-keyboard
Samsung,Minimum Number of Operations to Make String Sorted,83.2,https://leetcode.com/problems/minimum-number-of-operations-to-make-string-sorted
Samsung,Count Prefix and Suffix Pairs II,83.2,https://leetcode.com/problems/count-prefix-and-suffix-pairs-ii
Samsung,Mark Elements on Array by Performing Queries,83.2,https://leetcode.com/problems/mark-elements-on-array-by-performing-queries
Samsung,Substring with Concatenation of All Words,83.2,https://leetcode.com/problems/substring-with-concatenation-of-all-words
Samsung,Guess Number Higher or Lower,83.2,https://leetcode.com/problems/guess-number-higher-or-lower
Samsung,Two Sum IV - Input is a BST,83.2,https://leetcode.com/problems/two-sum-iv-input-is-a-bst
Samsung,Best Time to Buy and Sell Stock,77.7,https://leetcode.com/problems/best-time-to-buy-and-sell-stock
Samsung,Is Graph Bipartite?,74.5,https://leetcode.com/problems/is-graph-bipartite
Samsung,Maximize Distance to Closest Person,70.8,https://leetcode.com/problems/maximize-distance-to-closest-person
Samsung,Two Sum,70.8,https://leetcode.com/problems/two-sum
Samsung,3Sum,66.4,https://leetcode.com/problems/3sum
Samsung,Rotting Oranges,66.4,https://leetcode.com/problems/rotting-oranges
Samsung,Possible Bipartition,66.4,https://leetcode.com/problems/possible-bipartition
Samsung,Maximum Subarray,66.4,https://leetcode.com/problems/maximum-subarray
Samsung,Palindrome Number,61,https://leetcode.com/problems/palindrome-number
Samsung,Merge Intervals,54,https://leetcode.com/problems/merge-intervals
Samsung,Word Search,54,https://leetcode.com/problems/word-search
Samsung,Coin Change,54,https://leetcode.com/problems/coin-change
Samsung,Make Sum Divisible by P,54,https://leetcode.com/problems/make-sum-divisible-by-p
Samsung,Valid Parentheses,54,https://leetcode.com/problems/valid-parentheses
Samsung,Add Two Numbers,54,https://leetcode.com/problems/add-two-numbers
Samsung,Subarray Product Less Than K,54,https://leetcode.com/problems/subarray-product-less-than-k
Samsung,Rotate Array,44.4,https://leetcode.com/problems/rotate-array
Samsung,Longest Common Prefix,44.4,https://leetcode.com/problems/longest-common-prefix
Samsung,Container With Most Water,44.4,https://leetcode.com/problems/container-with-most-water
Samsung,4Sum,44.4,https://leetcode.com/problems/4sum
Samsung,Word Ladder,44.4,https://leetcode.com/problems/word-ladder
Samsung,Longest Palindromic Substring,44.4,https://leetcode.com/problems/longest-palindromic-substring
Samsung,Find Median from Data Stream,44.4,https://leetcode.com/problems/find-median-from-data-stream
Samsung,N-Queens,44.4,https://leetcode.com/problems/n-queens
Samsung,Merge k Sorted Lists,44.4,https://leetcode.com/problems/merge-k-sorted-lists
Samsung,Jump Game II,44.4,https://leetcode.com/problems/jump-game-ii
Samsung,Binary Tree Maximum Path Sum,44.4,https://leetcode.com/problems/binary-tree-maximum-path-sum
Samsung,Reverse Integer,44.4,https://leetcode.com/problems/reverse-integer
Samsung,Meeting Rooms II,44.4,https://leetcode.com/problems/meeting-rooms-ii
Samsung,Best Meeting Point,44.4,https://leetcode.com/problems/best-meeting-point
Samsung,Convert Sorted Array to Binary Search Tree,44.4,https://leetcode.com/problems/convert-sorted-array-to-binary-search-tree
Samsung,Unique Binary Search Trees,44.4,https://leetcode.com/problems/unique-binary-search-trees
Samsung,Lowest Common Ancestor of a Binary Search Tree,44.4,https://leetcode.com/problems/lowest-common-ancestor-of-a-binary-search-tree
Samsung,Insert Delete GetRandom O(1),44.4,https://leetcode.com/problems/insert-delete-getrandom-o1
Samsung,K-th Smallest in Lexicographical Order,44.4,https://leetcode.com/problems/k-th-smallest-in-lexicographical-order
Samsung,Kth Largest Element in an Array,44.4,https://leetcode.com/problems/kth-largest-element-in-an-array
Samsung,Implement Trie (Prefix Tree),44.4,https://leetcode.com/problems/implement-trie-prefix-tree
Samsung,Reverse Linked List,44.4,https://leetcode.com/problems/reverse-linked-list
Samsung,Linked List Cycle,44.4,https://leetcode.com/problems/linked-list-cycle
Samsung,Sqrt(x),44.4,https://leetcode.com/problems/sqrtx
Samsung,Search in Rotated Sorted Array,44.4,https://leetcode.com/problems/search-in-rotated-sorted-array
Samsung,Largest Submatrix With Rearrangements,44.4,https://leetcode.com/problems/largest-submatrix-with-rearrangements
Samsung,All Nodes Distance K in Binary Tree,44.4,https://leetcode.com/problems/all-nodes-distance-k-in-binary-tree
Samsung,First Missing Positive,44.4,https://leetcode.com/problems/first-missing-positive
Samsung,Nearest Exit from Entrance in Maze,44.4,https://leetcode.com/problems/nearest-exit-from-entrance-in-maze
Samsung,Sort Colors,44.4,https://leetcode.com/problems/sort-colors
Samsung,Robot Collisions,44.4,https://leetcode.com/problems/robot-collisions
Samsung,Remove K Digits,44.4,https://leetcode.com/problems/remove-k-digits
Samsung,Subsets,44.4,https://leetcode.com/problems/subsets
SAP,Two Sum,100,https://leetcode.com/problems/two-sum
SAP,Count Increasing Quadruplets,91.8,https://leetcode.com/problems/count-increasing-quadruplets
SAP,Maximum Students Taking Exam,91.8,https://leetcode.com/problems/maximum-students-taking-exam
SAP,Container With Most Water,91.8,https://leetcode.com/problems/container-with-most-water
SAP,Count the Number of Infection Sequences,91.8,https://leetcode.com/problems/count-the-number-of-infection-sequences
SAP,Maximum Path Quality of a Graph,91.8,https://leetcode.com/problems/maximum-path-quality-of-a-graph
SAP,Movie Rating,91.8,https://leetcode.com/problems/movie-rating
SAP,Longest Common Prefix,89.3,https://leetcode.com/problems/longest-common-prefix
SAP,Valid Parentheses,83.2,https://leetcode.com/problems/valid-parentheses
SAP,Number of Islands,79.4,https://leetcode.com/problems/number-of-islands
SAP,Valid Palindrome,69.6,https://leetcode.com/problems/valid-palindrome
SAP,Maximal Square,69.6,https://leetcode.com/problems/maximal-square
SAP,Trapping Rain Water,69.6,https://leetcode.com/problems/trapping-rain-water
SAP,Reverse Linked List,69.6,https://leetcode.com/problems/reverse-linked-list
SAP,Maximum Subarray,69.6,https://leetcode.com/problems/maximum-subarray
SAP,Longest Palindromic Substring,62.7,https://leetcode.com/problems/longest-palindromic-substring
SAP,Leftmost Column with at Least a One,62.7,https://leetcode.com/problems/leftmost-column-with-at-least-a-one
SAP,Rotate String,62.7,https://leetcode.com/problems/rotate-string
SAP,Daily Temperatures,62.7,https://leetcode.com/problems/daily-temperatures
SAP,Kth Largest Element in an Array,62.7,https://leetcode.com/problems/kth-largest-element-in-an-array
SAP,Maximum Number of Weeks for Which You Can Work,62.7,https://leetcode.com/problems/maximum-number-of-weeks-for-which-you-can-work
SAP,Longest Consecutive Sequence,62.7,https://leetcode.com/problems/longest-consecutive-sequence
SAP,Best Time to Buy and Sell Stock,62.7,https://leetcode.com/problems/best-time-to-buy-and-sell-stock
SAP,Remove Duplicates from Sorted Array,62.7,https://leetcode.com/problems/remove-duplicates-from-sorted-array
SAP,Group Anagrams,52.9,https://leetcode.com/problems/group-anagrams
SAP,Max Consecutive Ones III,52.9,https://leetcode.com/problems/max-consecutive-ones-iii
SAP,Coin Change,52.9,https://leetcode.com/problems/coin-change
SAP,Binary Search Tree to Greater Sum Tree,52.9,https://leetcode.com/problems/binary-search-tree-to-greater-sum-tree
SAP,LRU Cache,52.9,https://leetcode.com/problems/lru-cache
SAP,Word Break,52.9,https://leetcode.com/problems/word-break
SAP,Linked List Cycle,52.9,https://leetcode.com/problems/linked-list-cycle
SAP,Maximum Employees to Be Invited to a Meeting,52.9,https://leetcode.com/problems/maximum-employees-to-be-invited-to-a-meeting
SAP,Sqrt(x),52.9,https://leetcode.com/problems/sqrtx
SAP,Valid Perfect Square,52.9,https://leetcode.com/problems/valid-perfect-square
SAP,Fibonacci Number,52.9,https://leetcode.com/problems/fibonacci-number
SAP,Monotone Increasing Digits,52.9,https://leetcode.com/problems/monotone-increasing-digits
SAP,Maximum Depth of Binary Tree,52.9,https://leetcode.com/problems/maximum-depth-of-binary-tree
SAP,Sort Array by Increasing Frequency,52.9,https://leetcode.com/problems/sort-array-by-increasing-frequency
SAP,Move Zeroes,52.9,https://leetcode.com/problems/move-zeroes
Scale AI,Subarray Sum Equals K,100,https://leetcode.com/problems/subarray-sum-equals-k
Scale AI,Rotate Array,100,https://leetcode.com/problems/rotate-array
Sentry,Text Justification,100,https://leetcode.com/problems/text-justification
Sentry,Design Hit Counter,79.8,https://leetcode.com/problems/design-hit-counter
ServiceNow,Trapping Rain Water,100,https://leetcode.com/problems/trapping-rain-water
ServiceNow,Subarray Product Less Than K,100,https://leetcode.com/problems/subarray-product-less-than-k
ServiceNow,Valid Parentheses,97.9,https://leetcode.com/problems/valid-parentheses
ServiceNow,Group Anagrams,97.9,https://leetcode.com/problems/group-anagrams
ServiceNow,LRU Cache,95.5,https://leetcode.com/problems/lru-cache
ServiceNow,Lexicographically Smallest String After Operations With Constraint,93,https://leetcode.com/problems/lexicographically-smallest-string-after-operations-with-constraint
ServiceNow,Generate Parentheses,93,https://leetcode.com/problems/generate-parentheses
ServiceNow,Number of Distinct Roll Sequences,93,https://leetcode.com/problems/number-of-distinct-roll-sequences
ServiceNow,Find Minimum Diameter After Merging Two Trees,93,https://leetcode.com/problems/find-minimum-diameter-after-merging-two-trees
ServiceNow,Longest Substring Without Repeating Characters,87,https://leetcode.com/problems/longest-substring-without-repeating-characters
ServiceNow,Best Time to Buy and Sell Stock,79.4,https://leetcode.com/problems/best-time-to-buy-and-sell-stock
ServiceNow,Move Zeroes,79.4,https://leetcode.com/problems/move-zeroes
ServiceNow,Zigzag Conversion,79.4,https://leetcode.com/problems/zigzag-conversion
ServiceNow,Design HashMap,79.4,https://leetcode.com/problems/design-hashmap
ServiceNow,Merge Intervals,79.4,https://leetcode.com/problems/merge-intervals
ServiceNow,Daily Temperatures,74.5,https://leetcode.com/problems/daily-temperatures
ServiceNow,Maximal Square,74.5,https://leetcode.com/problems/maximal-square
ServiceNow,Kth Largest Element in an Array,74.5,https://leetcode.com/problems/kth-largest-element-in-an-array
ServiceNow,Two Sum,74.5,https://leetcode.com/problems/two-sum
ServiceNow,Container With Most Water,74.5,https://leetcode.com/problems/container-with-most-water
ServiceNow,First Missing Positive,74.5,https://leetcode.com/problems/first-missing-positive
ServiceNow,Number of Islands,68.6,https://leetcode.com/problems/number-of-islands
ServiceNow,Longest Palindromic Substring,68.6,https://leetcode.com/problems/longest-palindromic-substring
ServiceNow,Median of Two Sorted Arrays,68.6,https://leetcode.com/problems/median-of-two-sorted-arrays
ServiceNow,Search in Rotated Sorted Array,68.6,https://leetcode.com/problems/search-in-rotated-sorted-array
ServiceNow,Pacific Atlantic Water Flow,68.6,https://leetcode.com/problems/pacific-atlantic-water-flow
ServiceNow,Top K Frequent Words,68.6,https://leetcode.com/problems/top-k-frequent-words
ServiceNow,Reverse Linked List,68.6,https://leetcode.com/problems/reverse-linked-list
ServiceNow,LFU Cache,68.6,https://leetcode.com/problems/lfu-cache
ServiceNow,Maximum Product Subarray,68.6,https://leetcode.com/problems/maximum-product-subarray
ServiceNow,Validate Binary Search Tree,68.6,https://leetcode.com/problems/validate-binary-search-tree
ServiceNow,String Compression,68.6,https://leetcode.com/problems/string-compression
ServiceNow,Set Matrix Zeroes,60.9,https://leetcode.com/problems/set-matrix-zeroes
ServiceNow,Number of Visible People in a Queue,60.9,https://leetcode.com/problems/number-of-visible-people-in-a-queue
ServiceNow,Validate IP Address,60.9,https://leetcode.com/problems/validate-ip-address
ServiceNow,First Unique Character in a String,60.9,https://leetcode.com/problems/first-unique-character-in-a-string
ServiceNow,Number of Distinct Substrings in a String,60.9,https://leetcode.com/problems/number-of-distinct-substrings-in-a-string
ServiceNow,Binary Tree Right Side View,60.9,https://leetcode.com/problems/binary-tree-right-side-view
ServiceNow,Longest Consecutive Sequence,60.9,https://leetcode.com/problems/longest-consecutive-sequence
ServiceNow,Asteroid Collision,60.9,https://leetcode.com/problems/asteroid-collision
ServiceNow,Sum Root to Leaf Numbers,60.9,https://leetcode.com/problems/sum-root-to-leaf-numbers
ServiceNow,Fraction to Recurring Decimal,60.9,https://leetcode.com/problems/fraction-to-recurring-decimal
ServiceNow,Vowels of All Substrings,60.9,https://leetcode.com/problems/vowels-of-all-substrings
ServiceNow,Meeting Rooms II,60.9,https://leetcode.com/problems/meeting-rooms-ii
ServiceNow,Reverse Words in a String II,60.9,https://leetcode.com/problems/reverse-words-in-a-string-ii
ServiceNow,Maximum Subarray,60.9,https://leetcode.com/problems/maximum-subarray
ServiceNow,Largest Number,60.9,https://leetcode.com/problems/largest-number
ServiceNow,Valid Parenthesis String,60.9,https://leetcode.com/problems/valid-parenthesis-string
ServiceNow,House Robber,50.3,https://leetcode.com/problems/house-robber
ServiceNow,Letter Combinations of a Phone Number,50.3,https://leetcode.com/problems/letter-combinations-of-a-phone-number
ServiceNow,Number of Distinct Islands,50.3,https://leetcode.com/problems/number-of-distinct-islands
ServiceNow,Palindrome Linked List,50.3,https://leetcode.com/problems/palindrome-linked-list
ServiceNow,4Sum,50.3,https://leetcode.com/problems/4sum
ServiceNow,Basic Calculator II,50.3,https://leetcode.com/problems/basic-calculator-ii
ServiceNow,Combination Sum,50.3,https://leetcode.com/problems/combination-sum
ServiceNow,Time Needed to Rearrange a Binary String,50.3,https://leetcode.com/problems/time-needed-to-rearrange-a-binary-string
ServiceNow,Subarray Sum Equals K,50.3,https://leetcode.com/problems/subarray-sum-equals-k
ServiceNow,Next Permutation,50.3,https://leetcode.com/problems/next-permutation
ServiceNow,Gas Station,50.3,https://leetcode.com/problems/gas-station
ServiceNow,Jump Game,50.3,https://leetcode.com/problems/jump-game
ServiceNow,Find Peak Element,50.3,https://leetcode.com/problems/find-peak-element
ServiceNow,Target Sum,50.3,https://leetcode.com/problems/target-sum
ServiceNow,Single Element in a Sorted Array,50.3,https://leetcode.com/problems/single-element-in-a-sorted-array
ServiceNow,Sliding Window Maximum,50.3,https://leetcode.com/problems/sliding-window-maximum
ServiceNow,Binary Tree Zigzag Level Order Traversal,50.3,https://leetcode.com/problems/binary-tree-zigzag-level-order-traversal
ServiceNow,Amount of Time for Binary Tree to Be Infected,50.3,https://leetcode.com/problems/amount-of-time-for-binary-tree-to-be-infected
ServiceNow,Coin Change,50.3,https://leetcode.com/problems/coin-change
ServiceNow,Valid Palindrome,50.3,https://leetcode.com/problems/valid-palindrome
ServiceNow,Word Break II,50.3,https://leetcode.com/problems/word-break-ii
ServiceNow,Merge Sorted Array,50.3,https://leetcode.com/problems/merge-sorted-array
ServiceNow,Find Minimum in Rotated Sorted Array,50.3,https://leetcode.com/problems/find-minimum-in-rotated-sorted-array
ServiceNow,Implement Trie (Prefix Tree),50.3,https://leetcode.com/problems/implement-trie-prefix-tree
ServiceNow,Permutations,50.3,https://leetcode.com/problems/permutations
ServiceNow,Find First and Last Position of Element in Sorted Array,50.3,https://leetcode.com/problems/find-first-and-last-position-of-element-in-sorted-array
ServiceNow,3Sum,50.3,https://leetcode.com/problems/3sum
ServiceNow,"Pow(x, n)",50.3,https://leetcode.com/problems/powx-n
ServiceNow,Search Suggestions System,50.3,https://leetcode.com/problems/search-suggestions-system
ServiceNow,Partition Equal Subset Sum,50.3,https://leetcode.com/problems/partition-equal-subset-sum
ServiceNow,Minimum Number of Taps to Open to Water a Garden,50.3,https://leetcode.com/problems/minimum-number-of-taps-to-open-to-water-a-garden
ServiceNow,Populating Next Right Pointers in Each Node,50.3,https://leetcode.com/problems/populating-next-right-pointers-in-each-node
ServiceNow,Rotting Oranges,50.3,https://leetcode.com/problems/rotting-oranges
ServiceNow,Rotate Array,50.3,https://leetcode.com/problems/rotate-array
ServiceNow,Minimum One Bit Operations to Make Integers Zero,50.3,https://leetcode.com/problems/minimum-one-bit-operations-to-make-integers-zero
ServiceNow,Check if a Parentheses String Can Be Valid,50.3,https://leetcode.com/problems/check-if-a-parentheses-string-can-be-valid
ShareChat,Maximum Count of Positive Integer and Negative Integer,100,https://leetcode.com/problems/maximum-count-of-positive-integer-and-negative-integer
ShareChat,Amount of Time for Binary Tree to Be Infected,100,https://leetcode.com/problems/amount-of-time-for-binary-tree-to-be-infected
Shopee,Count Pairs in Two Arrays,100,https://leetcode.com/problems/count-pairs-in-two-arrays
Shopee,LRU Cache,88.4,https://leetcode.com/problems/lru-cache
Shopee,Jump Game,79.1,https://leetcode.com/problems/jump-game
Shopee,Valid Parentheses,72.6,https://leetcode.com/problems/valid-parentheses
Shopee,Merge Two Sorted Lists,72.6,https://leetcode.com/problems/merge-two-sorted-lists
Shopee,Random Pick with Weight,63.4,https://leetcode.com/problems/random-pick-with-weight
Shopee,Best Time to Buy and Sell Stock,63.4,https://leetcode.com/problems/best-time-to-buy-and-sell-stock
Shopee,Valid Palindrome,63.4,https://leetcode.com/problems/valid-palindrome
Shopee,Memoize,63.4,https://leetcode.com/problems/memoize
Shopee,Two Sum,63.4,https://leetcode.com/problems/two-sum
Shopify,Walking Robot Simulation,100,https://leetcode.com/problems/walking-robot-simulation
Shopify,LRU Cache,88.5,https://leetcode.com/problems/lru-cache
Shopify,Design In-Memory File System,60.9,https://leetcode.com/problems/design-in-memory-file-system
Shopify,Encode and Decode TinyURL,60.9,https://leetcode.com/problems/encode-and-decode-tinyurl
Shopify,Design a Text Editor,53.3,https://leetcode.com/problems/design-a-text-editor
Shopify,Find Users With Valid E-Mails,53.3,https://leetcode.com/problems/find-users-with-valid-e-mails
Shopify,Design Tic-Tac-Toe,53.3,https://leetcode.com/problems/design-tic-tac-toe
Shopify,Walls and Gates,53.3,https://leetcode.com/problems/walls-and-gates
Siemens,Minimized Maximum of Products Distributed to Any Store,100,https://leetcode.com/problems/minimized-maximum-of-products-distributed-to-any-store
Siemens,Peaks in Array,100,https://leetcode.com/problems/peaks-in-array
Siemens,Number of Islands,94.5,https://leetcode.com/problems/number-of-islands
Siemens,Valid Parentheses,82.9,https://leetcode.com/problems/valid-parentheses
Siemens,Merge Intervals,82.9,https://leetcode.com/problems/merge-intervals
Siemens,Reverse Linked List,70.3,https://leetcode.com/problems/reverse-linked-list
Siemens,Contains Duplicate,70.3,https://leetcode.com/problems/contains-duplicate
Siemens,LFU Cache,70.3,https://leetcode.com/problems/lfu-cache
Siemens,The Skyline Problem,70.3,https://leetcode.com/problems/the-skyline-problem
Siemens,Best Time to Buy and Sell Stock,70.3,https://leetcode.com/problems/best-time-to-buy-and-sell-stock
Siemens,Merge Two Sorted Lists,70.3,https://leetcode.com/problems/merge-two-sorted-lists
Siemens,Letter Combinations of a Phone Number,70.3,https://leetcode.com/problems/letter-combinations-of-a-phone-number
Siemens,Maximum Product of Three Numbers,60.4,https://leetcode.com/problems/maximum-product-of-three-numbers
Siemens,Minimum Add to Make Parentheses Valid,60.4,https://leetcode.com/problems/minimum-add-to-make-parentheses-valid
Siemens,Group Anagrams,60.4,https://leetcode.com/problems/group-anagrams
Siemens,Remove Duplicates from Sorted Array,60.4,https://leetcode.com/problems/remove-duplicates-from-sorted-array
Siemens,Angle Between Hands of a Clock,60.4,https://leetcode.com/problems/angle-between-hands-of-a-clock
Siemens,Two Sum,60.4,https://leetcode.com/problems/two-sum
Siemens,Palindrome Linked List,60.4,https://leetcode.com/problems/palindrome-linked-list
Siemens,Valid Anagram,60.4,https://leetcode.com/problems/valid-anagram
Siemens,Rotate List,60.4,https://leetcode.com/problems/rotate-list
Siemens,3Sum,60.4,https://leetcode.com/problems/3sum
Siemens,Largest Number,60.4,https://leetcode.com/problems/largest-number
Siemens,First Missing Positive,60.4,https://leetcode.com/problems/first-missing-positive
Siemens,Seat Reservation Manager,60.4,https://leetcode.com/problems/seat-reservation-manager
SIG,Validate Binary Search Tree,100,https://leetcode.com/problems/validate-binary-search-tree
SIG,Text Justification,92.2,https://leetcode.com/problems/text-justification
SIG,Kth Largest Element in an Array,71.1,https://leetcode.com/problems/kth-largest-element-in-an-array
SIG,Add Binary,71.1,https://leetcode.com/problems/add-binary
SIG,Spiral Matrix,71.1,https://leetcode.com/problems/spiral-matrix
SIG,Block Placement Queries,71.1,https://leetcode.com/problems/block-placement-queries
SIG,Number of Black Blocks,71.1,https://leetcode.com/problems/number-of-black-blocks
Sigmoid,Binary Tree Zigzag Level Order Traversal,100,https://leetcode.com/problems/binary-tree-zigzag-level-order-traversal
Sigmoid,Product of Array Except Self,100,https://leetcode.com/problems/product-of-array-except-self
Sigmoid,Group Anagrams,100,https://leetcode.com/problems/group-anagrams
Sigmoid,Reverse Nodes in k-Group,100,https://leetcode.com/problems/reverse-nodes-in-k-group
Sigmoid,Max Consecutive Ones III,100,https://leetcode.com/problems/max-consecutive-ones-iii
Sigmoid,Boats to Save People,100,https://leetcode.com/problems/boats-to-save-people
Slice,Best Time to Buy and Sell Stock,100,https://leetcode.com/problems/best-time-to-buy-and-sell-stock
Slice,Two Sum,100,https://leetcode.com/problems/two-sum
smartnews,Largest Palindromic Number,100,https://leetcode.com/problems/largest-palindromic-number
smartnews,Maximal Network Rank,100,https://leetcode.com/problems/maximal-network-rank
smartnews,LRU Cache,94.8,https://leetcode.com/problems/lru-cache
smartnews,3Sum,78.7,https://leetcode.com/problems/3sum
smartnews,Minimum Deletions to Make Character Frequencies Unique,78.7,https://leetcode.com/problems/minimum-deletions-to-make-character-frequencies-unique
Smartsheet,Top K Frequent Words,100,https://leetcode.com/problems/top-k-frequent-words
Smartsheet,Max Area of Island,89.4,https://leetcode.com/problems/max-area-of-island
Smartsheet,Top K Frequent Elements,89.4,https://leetcode.com/problems/top-k-frequent-elements
Smartsheet,Group Anagrams,89.4,https://leetcode.com/problems/group-anagrams
Snap,LRU Cache,100,https://leetcode.com/problems/lru-cache
Snap,Minimum Window Substring,95.9,https://leetcode.com/problems/minimum-window-substring
Snap,Meeting Rooms II,94.4,https://leetcode.com/problems/meeting-rooms-ii
Snap,Word Ladder,94.4,https://leetcode.com/problems/word-ladder
Snap,Course Schedule II,89.1,https://leetcode.com/problems/course-schedule-ii
Snap,Making A Large Island,89.1,https://leetcode.com/problems/making-a-large-island
Snap,Word Break II,89.1,https://leetcode.com/problems/word-break-ii
Snap,Design Log Storage System,89.1,https://leetcode.com/problems/design-log-storage-system
Snap,Number of Islands,87.1,https://leetcode.com/problems/number-of-islands
Snap,Valid Sudoku,84.9,https://leetcode.com/problems/valid-sudoku
Snap,Number of Distinct Islands,84.9,https://leetcode.com/problems/number-of-distinct-islands
Snap,One Edit Distance,84.9,https://leetcode.com/problems/one-edit-distance
Snap,Min Stack,84.9,https://leetcode.com/problems/min-stack
Snap,Bus Routes,84.9,https://leetcode.com/problems/bus-routes
Snap,Alien Dictionary,84.9,https://leetcode.com/problems/alien-dictionary
Snap,Burst Balloons,82.5,https://leetcode.com/problems/burst-balloons
Snap,Closest Binary Search Tree Value,82.5,https://leetcode.com/problems/closest-binary-search-tree-value
Snap,Game of Life,82.5,https://leetcode.com/problems/game-of-life
Snap,Bricks Falling When Hit,82.5,https://leetcode.com/problems/bricks-falling-when-hit
Snap,Power of Two,82.5,https://leetcode.com/problems/power-of-two
Snap,Least Operators to Express Number,82.5,https://leetcode.com/problems/least-operators-to-express-number
Snap,Combination Sum IV,82.5,https://leetcode.com/problems/combination-sum-iv
Snap,Largest Merge Of Two Strings,82.5,https://leetcode.com/problems/largest-merge-of-two-strings
Snap,Frog Jump,82.5,https://leetcode.com/problems/frog-jump
Snap,Ternary Expression Parser,82.5,https://leetcode.com/problems/ternary-expression-parser
Snap,String Compression,82.5,https://leetcode.com/problems/string-compression
Snap,Word Abbreviation,82.5,https://leetcode.com/problems/word-abbreviation
Snap,Binary Tree Vertical Order Traversal,82.5,https://leetcode.com/problems/binary-tree-vertical-order-traversal
Snap,Remove K Digits,82.5,https://leetcode.com/problems/remove-k-digits
Snap,Combination Sum II,82.5,https://leetcode.com/problems/combination-sum-ii
Snap,Reverse Linked List,82.5,https://leetcode.com/problems/reverse-linked-list
Snap,Wildcard Matching,82.5,https://leetcode.com/problems/wildcard-matching
Snap,Reverse Words in a String,82.5,https://leetcode.com/problems/reverse-words-in-a-string
Snap,Sudoku Solver,82.5,https://leetcode.com/problems/sudoku-solver
Snap,Combination Sum,82.5,https://leetcode.com/problems/combination-sum
Snap,Unique Binary Search Trees,82.5,https://leetcode.com/problems/unique-binary-search-trees
Snap,Basic Calculator II,76.9,https://leetcode.com/problems/basic-calculator-ii
Snap,Word Search,69.7,https://leetcode.com/problems/word-search
Snap,Cheapest Flights Within K Stops,69.7,https://leetcode.com/problems/cheapest-flights-within-k-stops
Snap,Shortest Path in a Grid with Obstacles Elimination,69.7,https://leetcode.com/problems/shortest-path-in-a-grid-with-obstacles-elimination
Snap,Decode Ways,65.1,https://leetcode.com/problems/decode-ways
Snap,Valid Arrangement of Pairs,65.1,https://leetcode.com/problems/valid-arrangement-of-pairs
Snap,Best Time to Buy and Sell Stock III,65.1,https://leetcode.com/problems/best-time-to-buy-and-sell-stock-iii
Snap,Insert Delete GetRandom O(1),59.5,https://leetcode.com/problems/insert-delete-getrandom-o1
Snap,Evaluate Division,59.5,https://leetcode.com/problems/evaluate-division
Snap,Merge Intervals,59.5,https://leetcode.com/problems/merge-intervals
Snap,Score of Parentheses,59.5,https://leetcode.com/problems/score-of-parentheses
Snap,Amount of Time for Binary Tree to Be Infected,59.5,https://leetcode.com/problems/amount-of-time-for-binary-tree-to-be-infected
Snap,Design a Text Editor,59.5,https://leetcode.com/problems/design-a-text-editor
Snap,Parallel Courses III,59.5,https://leetcode.com/problems/parallel-courses-iii
Snap,Number of Islands II,59.5,https://leetcode.com/problems/number-of-islands-ii
Snap,Minimum Number of Keypresses,59.5,https://leetcode.com/problems/minimum-number-of-keypresses
Snap,Minimum Time to Complete All Tasks,59.5,https://leetcode.com/problems/minimum-time-to-complete-all-tasks
Snap,K Closest Points to Origin,52.3,https://leetcode.com/problems/k-closest-points-to-origin
Snap,Shortest Bridge,52.3,https://leetcode.com/problems/shortest-bridge
Snap,Group Anagrams,52.3,https://leetcode.com/problems/group-anagrams
Snap,Basic Calculator III,52.3,https://leetcode.com/problems/basic-calculator-iii
Snap,Accounts Merge,52.3,https://leetcode.com/problems/accounts-merge
Snap,Median of Two Sorted Arrays,52.3,https://leetcode.com/problems/median-of-two-sorted-arrays
Snap,Product of Array Except Self,52.3,https://leetcode.com/problems/product-of-array-except-self
Snap,Find Peak Element,52.3,https://leetcode.com/problems/find-peak-element
Snap,Jump Game III,52.3,https://leetcode.com/problems/jump-game-iii
Snap,Merge Two Sorted Lists,52.3,https://leetcode.com/problems/merge-two-sorted-lists
Snap,Max Consecutive Ones III,52.3,https://leetcode.com/problems/max-consecutive-ones-iii
Snap,Edit Distance,52.3,https://leetcode.com/problems/edit-distance
Snap,Minimum Remove to Make Valid Parentheses,52.3,https://leetcode.com/problems/minimum-remove-to-make-valid-parentheses
Snap,Top K Frequent Elements,52.3,https://leetcode.com/problems/top-k-frequent-elements
Snap,Binary Tree Maximum Path Sum,52.3,https://leetcode.com/problems/binary-tree-maximum-path-sum
Snap,Course Schedule,52.3,https://leetcode.com/problems/course-schedule
Snap,Reconstruct Itinerary,52.3,https://leetcode.com/problems/reconstruct-itinerary
Snap,Minimum Area Rectangle,42.3,https://leetcode.com/problems/minimum-area-rectangle
Snap,Shortest Distance from All Buildings,42.3,https://leetcode.com/problems/shortest-distance-from-all-buildings
Snap,Search a 2D Matrix II,42.3,https://leetcode.com/problems/search-a-2d-matrix-ii
Snap,Verifying an Alien Dictionary,42.3,https://leetcode.com/problems/verifying-an-alien-dictionary
Snap,Best Time to Buy and Sell Stock,42.3,https://leetcode.com/problems/best-time-to-buy-and-sell-stock
Snap,Longest String Chain,42.3,https://leetcode.com/problems/longest-string-chain
Snap,Car Fleet,42.3,https://leetcode.com/problems/car-fleet
Snap,Knight Dialer,42.3,https://leetcode.com/problems/knight-dialer
Snap,Search a 2D Matrix,42.3,https://leetcode.com/problems/search-a-2d-matrix
Snap,The Maze,42.3,https://leetcode.com/problems/the-maze
Snap,Nested List Weight Sum,42.3,https://leetcode.com/problems/nested-list-weight-sum
Snap,Reorder Data in Log Files,42.3,https://leetcode.com/problems/reorder-data-in-log-files
Snap,Max Stack,42.3,https://leetcode.com/problems/max-stack
Snap,Movie Rating,42.3,https://leetcode.com/problems/movie-rating
Snap,Random Pick with Weight,42.3,https://leetcode.com/problems/random-pick-with-weight
Snap,Subarray Sum Equals K,42.3,https://leetcode.com/problems/subarray-sum-equals-k
Snap,Maximize Distance to Closest Person,42.3,https://leetcode.com/problems/maximize-distance-to-closest-person
Snap,Search Suggestions System,42.3,https://leetcode.com/problems/search-suggestions-system
Snap,Minimum Number of Refueling Stops,42.3,https://leetcode.com/problems/minimum-number-of-refueling-stops
Snap,Flip String to Monotone Increasing,42.3,https://leetcode.com/problems/flip-string-to-monotone-increasing
Snap,Minimum Cost For Tickets,42.3,https://leetcode.com/problems/minimum-cost-for-tickets
Snap,Minimize Result by Adding Parentheses to Expression,42.3,https://leetcode.com/problems/minimize-result-by-adding-parentheses-to-expression
Snap,Build Binary Expression Tree From Infix Expression,42.3,https://leetcode.com/problems/build-binary-expression-tree-from-infix-expression
Snap,Complement of Base 10 Integer,42.3,https://leetcode.com/problems/complement-of-base-10-integer
Snap,Maximum Frequency Stack,42.3,https://leetcode.com/problems/maximum-frequency-stack
Snap,Custom Sort String,42.3,https://leetcode.com/problems/custom-sort-string
Snap,Design Browser History,42.3,https://leetcode.com/problems/design-browser-history
Snap,Longest Increasing Path in a Matrix,42.3,https://leetcode.com/problems/longest-increasing-path-in-a-matrix
Snap,Exclusive Time of Functions,42.3,https://leetcode.com/problems/exclusive-time-of-functions
Snap,Maximum Subarray,42.3,https://leetcode.com/problems/maximum-subarray
Snapdeal,Longest Arithmetic Subsequence,100,https://leetcode.com/problems/longest-arithmetic-subsequence
Snapdeal,Best Time to Buy and Sell Stock,67.6,https://leetcode.com/problems/best-time-to-buy-and-sell-stock
Snapdeal,Lowest Common Ancestor of a Binary Tree,67.6,https://leetcode.com/problems/lowest-common-ancestor-of-a-binary-tree
Snowflake,Design In-Memory File System,100,https://leetcode.com/problems/design-in-memory-file-system
Snowflake,Happy Number,93.7,https://leetcode.com/problems/happy-number
Snowflake,Minimum Window Substring,91.6,https://leetcode.com/problems/minimum-window-substring
Snowflake,Course Schedule II,91.6,https://leetcode.com/problems/course-schedule-ii
Snowflake,Find All Anagrams in a String,90.4,https://leetcode.com/problems/find-all-anagrams-in-a-string
Snowflake,Word Search II,90.4,https://leetcode.com/problems/word-search-ii
Snowflake,String Transformation,89.2,https://leetcode.com/problems/string-transformation
Snowflake,Step-By-Step Directions From a Binary Tree Node to Another,83.4,https://leetcode.com/problems/step-by-step-directions-from-a-binary-tree-node-to-another
Snowflake,Calculate Amount Paid in Taxes,83.4,https://leetcode.com/problems/calculate-amount-paid-in-taxes
Snowflake,Maximum Number of Upgradable Servers,81.8,https://leetcode.com/problems/maximum-number-of-upgradable-servers
Snowflake,Trapping Rain Water,79.9,https://leetcode.com/problems/trapping-rain-water
Snowflake,Maximum Profit in Job Scheduling,79.9,https://leetcode.com/problems/maximum-profit-in-job-scheduling
Snowflake,Painting the Walls,79.9,https://leetcode.com/problems/painting-the-walls
Snowflake,Minimum Array Length After Pair Removals,78,https://leetcode.com/problems/minimum-array-length-after-pair-removals
Snowflake,Number of Ways to Form a Target String Given a Dictionary,78,https://leetcode.com/problems/number-of-ways-to-form-a-target-string-given-a-dictionary
Snowflake,Find the Maximum Length of a Good Subsequence I,78,https://leetcode.com/problems/find-the-maximum-length-of-a-good-subsequence-i
Snowflake,Parallel Courses III,78,https://leetcode.com/problems/parallel-courses-iii
Snowflake,Find the Maximum Length of a Good Subsequence II,75.8,https://leetcode.com/problems/find-the-maximum-length-of-a-good-subsequence-ii
Snowflake,Basic Calculator,73.4,https://leetcode.com/problems/basic-calculator
Snowflake,Regular Expression Matching,67.7,https://leetcode.com/problems/regular-expression-matching
Snowflake,Throne Inheritance,67.7,https://leetcode.com/problems/throne-inheritance
Snowflake,Count Vowel Substrings of a String,67.7,https://leetcode.com/problems/count-vowel-substrings-of-a-string
Snowflake,Boundary of Binary Tree,67.7,https://leetcode.com/problems/boundary-of-binary-tree
Snowflake,Design Hit Counter,64.2,https://leetcode.com/problems/design-hit-counter
Snowflake,Reverse Nodes in k-Group,64.2,https://leetcode.com/problems/reverse-nodes-in-k-group
Snowflake,Time Based Key-Value Store,64.2,https://leetcode.com/problems/time-based-key-value-store
Snowflake,Two Sum,64.2,https://leetcode.com/problems/two-sum
Snowflake,Populating Next Right Pointers in Each Node II,64.2,https://leetcode.com/problems/populating-next-right-pointers-in-each-node-ii
Snowflake,Merge Two Sorted Lists,60.1,https://leetcode.com/problems/merge-two-sorted-lists
Snowflake,Max Area of Island,60.1,https://leetcode.com/problems/max-area-of-island
Snowflake,Populating Next Right Pointers in Each Node,60.1,https://leetcode.com/problems/populating-next-right-pointers-in-each-node
Snowflake,Copy List with Random Pointer,60.1,https://leetcode.com/problems/copy-list-with-random-pointer
Snowflake,Encode and Decode Strings,60.1,https://leetcode.com/problems/encode-and-decode-strings
Snowflake,Task Scheduler,60.1,https://leetcode.com/problems/task-scheduler
Snowflake,Course Schedule,60.1,https://leetcode.com/problems/course-schedule
Snowflake,Design HashMap,60.1,https://leetcode.com/problems/design-hashmap
Snowflake,Sliding Window Median,55,https://leetcode.com/problems/sliding-window-median
Snowflake,LRU Cache,55,https://leetcode.com/problems/lru-cache
Snowflake,Merge k Sorted Lists,55,https://leetcode.com/problems/merge-k-sorted-lists
Snowflake,Min Stack,55,https://leetcode.com/problems/min-stack
Snowflake,Basic Calculator II,55,https://leetcode.com/problems/basic-calculator-ii
Snowflake,Swap Nodes in Pairs,55,https://leetcode.com/problems/swap-nodes-in-pairs
Snowflake,Integer to English Words,55,https://leetcode.com/problems/integer-to-english-words
Snowflake,Patching Array,55,https://leetcode.com/problems/patching-array
Snowflake,Graph Valid Tree,55,https://leetcode.com/problems/graph-valid-tree
Snowflake,Count Subarrays With Fixed Bounds,48.6,https://leetcode.com/problems/count-subarrays-with-fixed-bounds
Snowflake,Random Pick with Weight,48.6,https://leetcode.com/problems/random-pick-with-weight
Snowflake,Implement Trie (Prefix Tree),48.6,https://leetcode.com/problems/implement-trie-prefix-tree
Snowflake,Longest Univalue Path,48.6,https://leetcode.com/problems/longest-univalue-path
Snowflake,Maximize Distance to Closest Person,48.6,https://leetcode.com/problems/maximize-distance-to-closest-person
Snowflake,N-Queens II,48.6,https://leetcode.com/problems/n-queens-ii
Snowflake,Merge Intervals,48.6,https://leetcode.com/problems/merge-intervals
Snowflake,Maximum Profit From Trading Stocks,48.6,https://leetcode.com/problems/maximum-profit-from-trading-stocks
Snowflake,Find Median from Data Stream,48.6,https://leetcode.com/problems/find-median-from-data-stream
Snowflake,Remove Sub-Folders from the Filesystem,48.6,https://leetcode.com/problems/remove-sub-folders-from-the-filesystem
Snowflake,Insert Delete GetRandom O(1),48.6,https://leetcode.com/problems/insert-delete-getrandom-o1
Snowflake,Minimum Operations to Make Numbers Non-positive,48.6,https://leetcode.com/problems/minimum-operations-to-make-numbers-non-positive
Snowflake,Container With Most Water,48.6,https://leetcode.com/problems/container-with-most-water
Snowflake,Cheapest Flights Within K Stops,48.6,https://leetcode.com/problems/cheapest-flights-within-k-stops
Snowflake,Remove K Digits,48.6,https://leetcode.com/problems/remove-k-digits
Snowflake,Count Nodes Equal to Average of Subtree,48.6,https://leetcode.com/problems/count-nodes-equal-to-average-of-subtree
Snowflake,Walls and Gates,39.6,https://leetcode.com/problems/walls-and-gates
Snowflake,Best Time to Buy and Sell Stock,39.6,https://leetcode.com/problems/best-time-to-buy-and-sell-stock
Snowflake,Simplify Path,39.6,https://leetcode.com/problems/simplify-path
Snowflake,Parallel Courses,39.6,https://leetcode.com/problems/parallel-courses
Snowflake,N-Queens,39.6,https://leetcode.com/problems/n-queens
Snowflake,Single Element in a Sorted Array,39.6,https://leetcode.com/problems/single-element-in-a-sorted-array
Snowflake,Roman to Integer,39.6,https://leetcode.com/problems/roman-to-integer
Snowflake,Top K Frequent Elements,39.6,https://leetcode.com/problems/top-k-frequent-elements
Snowflake,Maximum Number of Events That Can Be Attended,39.6,https://leetcode.com/problems/maximum-number-of-events-that-can-be-attended
Snowflake,Path With Minimum Effort,39.6,https://leetcode.com/problems/path-with-minimum-effort
Snowflake,Design Add and Search Words Data Structure,39.6,https://leetcode.com/problems/design-add-and-search-words-data-structure
Snowflake,Making A Large Island,39.6,https://leetcode.com/problems/making-a-large-island
Snowflake,Non-overlapping Intervals,39.6,https://leetcode.com/problems/non-overlapping-intervals
Snowflake,Maximum Number of Removable Characters,39.6,https://leetcode.com/problems/maximum-number-of-removable-characters
Snowflake,Valid Word Abbreviation,39.6,https://leetcode.com/problems/valid-word-abbreviation
Snowflake,Snapshot Array,39.6,https://leetcode.com/problems/snapshot-array
Snowflake,Most Profitable Path in a Tree,39.6,https://leetcode.com/problems/most-profitable-path-in-a-tree
Snowflake,Longest Substring Without Repeating Characters,39.6,https://leetcode.com/problems/longest-substring-without-repeating-characters
Snowflake,Construct Binary Tree from Preorder and Inorder Traversal,39.6,https://leetcode.com/problems/construct-binary-tree-from-preorder-and-inorder-traversal
Snowflake,Word Break,39.6,https://leetcode.com/problems/word-break
Snowflake,Leaf-Similar Trees,39.6,https://leetcode.com/problems/leaf-similar-trees
Snowflake,Remove Invalid Parentheses,39.6,https://leetcode.com/problems/remove-invalid-parentheses
Snowflake,Evaluate Division,39.6,https://leetcode.com/problems/evaluate-division
Snowflake,Range Sum Query 2D - Immutable,39.6,https://leetcode.com/problems/range-sum-query-2d-immutable
Snowflake,Meeting Rooms II,39.6,https://leetcode.com/problems/meeting-rooms-ii
Snowflake,Cherry Pickup,39.6,https://leetcode.com/problems/cherry-pickup
Snowflake,Number of Islands,39.6,https://leetcode.com/problems/number-of-islands
Snowflake,Swapping Nodes in a Linked List,39.6,https://leetcode.com/problems/swapping-nodes-in-a-linked-list
Snowflake,Reverse Only Letters,39.6,https://leetcode.com/problems/reverse-only-letters
Societe Generale,Minimum Number of Swaps to Make the Binary String Alternating,100,https://leetcode.com/problems/minimum-number-of-swaps-to-make-the-binary-string-alternating
Societe Generale,Best Time to Buy and Sell Stock,66.3,https://leetcode.com/problems/best-time-to-buy-and-sell-stock
SoFi,Minimum Number of Steps to Make Two Strings Anagram,100,https://leetcode.com/problems/minimum-number-of-steps-to-make-two-strings-anagram
SoFi,Minimum Window Substring,92.9,https://leetcode.com/problems/minimum-window-substring
SoFi,Asteroid Collision,88.5,https://leetcode.com/problems/asteroid-collision
SoFi,Longest Mountain in Array,88.5,https://leetcode.com/problems/longest-mountain-in-array
SoFi,Number of Islands,83,https://leetcode.com/problems/number-of-islands
SoFi,Insert Delete GetRandom O(1),83,https://leetcode.com/problems/insert-delete-getrandom-o1
SoFi,Roman to Integer,75.9,https://leetcode.com/problems/roman-to-integer
SoFi,Maximum Number of Non-overlapping Palindrome Substrings,75.9,https://leetcode.com/problems/maximum-number-of-non-overlapping-palindrome-substrings
SoFi,Merge k Sorted Lists,75.9,https://leetcode.com/problems/merge-k-sorted-lists
SoFi,Two Sum,75.9,https://leetcode.com/problems/two-sum
SoFi,Degree of an Array,75.9,https://leetcode.com/problems/degree-of-an-array
SoFi,Meeting Rooms II,66,https://leetcode.com/problems/meeting-rooms-ii
SoFi,LRU Cache,66,https://leetcode.com/problems/lru-cache
SoFi,Flatten a Multilevel Doubly Linked List,66,https://leetcode.com/problems/flatten-a-multilevel-doubly-linked-list
SoFi,Palindromic Substrings,66,https://leetcode.com/problems/palindromic-substrings
SoFi,Subarray Product Less Than K,66,https://leetcode.com/problems/subarray-product-less-than-k
SoFi,Find the Winner of the Circular Game,66,https://leetcode.com/problems/find-the-winner-of-the-circular-game
SoFi,Top K Frequent Elements,66,https://leetcode.com/problems/top-k-frequent-elements
Softwire,Second Largest Digit in a String,100,https://leetcode.com/problems/second-largest-digit-in-a-string
Softwire,Longest Palindromic Substring,76.3,https://leetcode.com/problems/longest-palindromic-substring
Softwire,Longest Substring Without Repeating Characters,68.4,https://leetcode.com/problems/longest-substring-without-repeating-characters
Sony,Subtree Removal Game with Fibonacci Tree,100,https://leetcode.com/problems/subtree-removal-game-with-fibonacci-tree
Sony,Reducing Dishes,74.9,https://leetcode.com/problems/reducing-dishes
Sony,Best Time to Buy and Sell Stock,66.5,https://leetcode.com/problems/best-time-to-buy-and-sell-stock
Sony,Random Pick with Weight,66.5,https://leetcode.com/problems/random-pick-with-weight
SOTI,Longest Valid Parentheses,100,https://leetcode.com/problems/longest-valid-parentheses
SOTI,Valid Parentheses,89,https://leetcode.com/problems/valid-parentheses
SOTI,Longest Substring Without Repeating Characters,89,https://leetcode.com/problems/longest-substring-without-repeating-characters
SOTI,Can Place Flowers,89,https://leetcode.com/problems/can-place-flowers
SoundHound,Linked List in Binary Tree,100,https://leetcode.com/problems/linked-list-in-binary-tree
SoundHound,Check if Array Is Sorted and Rotated,100,https://leetcode.com/problems/check-if-array-is-sorted-and-rotated
SoundHound,First Missing Positive,67.1,https://leetcode.com/problems/first-missing-positive
Splunk,Meeting Rooms II,100,https://leetcode.com/problems/meeting-rooms-ii
Splunk,Group Anagrams,91.4,https://leetcode.com/problems/group-anagrams
Splunk,Number of Distinct Islands,91.4,https://leetcode.com/problems/number-of-distinct-islands
Splunk,Longest Increasing Subsequence,91.4,https://leetcode.com/problems/longest-increasing-subsequence
Splunk,Find Median from Data Stream,91.4,https://leetcode.com/problems/find-median-from-data-stream
Splunk,Find First and Last Position of Element in Sorted Array,91.4,https://leetcode.com/problems/find-first-and-last-position-of-element-in-sorted-array
Splunk,Decode String,79.4,https://leetcode.com/problems/decode-string
Splunk,Koko Eating Bananas,79.4,https://leetcode.com/problems/koko-eating-bananas
Splunk,LRU Cache,79.4,https://leetcode.com/problems/lru-cache
Splunk,Design Browser History,79.4,https://leetcode.com/problems/design-browser-history
Splunk,Trapping Rain Water,79.4,https://leetcode.com/problems/trapping-rain-water
Splunk,Minimum Height Trees,79.4,https://leetcode.com/problems/minimum-height-trees
Splunk,Find All Anagrams in a String,79.4,https://leetcode.com/problems/find-all-anagrams-in-a-string
Splunk,Valid Parentheses,79.4,https://leetcode.com/problems/valid-parentheses
Spotify,Moving Average from Data Stream,100,https://leetcode.com/problems/moving-average-from-data-stream
Spotify,Leetcodify Friends Recommendations,89.9,https://leetcode.com/problems/leetcodify-friends-recommendations
Spotify,Leetcodify Similar Friends,89.9,https://leetcode.com/problems/leetcodify-similar-friends
Spotify,Two Sum,87.6,https://leetcode.com/problems/two-sum
Spotify,Longest Substring Without Repeating Characters,85.1,https://leetcode.com/problems/longest-substring-without-repeating-characters
Spotify,Analyze User Website Visit Pattern,85.1,https://leetcode.com/problems/analyze-user-website-visit-pattern
Spotify,Valid Parentheses,82.2,https://leetcode.com/problems/valid-parentheses
Spotify,Kth Largest Element in an Array,82.2,https://leetcode.com/problems/kth-largest-element-in-an-array
Spotify,Valid Palindrome,75,https://leetcode.com/problems/valid-palindrome
Spotify,Find Median from Data Stream,55.3,https://leetcode.com/problems/find-median-from-data-stream
Spotify,Ransom Note,55.3,https://leetcode.com/problems/ransom-note
Spotify,Walls and Gates,55.3,https://leetcode.com/problems/walls-and-gates
Spotify,Maximum Depth of Binary Tree,55.3,https://leetcode.com/problems/maximum-depth-of-binary-tree
Sprinklr,Minimum Edge Weight Equilibrium Queries in a Tree,100,https://leetcode.com/problems/minimum-edge-weight-equilibrium-queries-in-a-tree
Sprinklr,Apply Operations on Array to Maximize Sum of Squares,94.5,https://leetcode.com/problems/apply-operations-on-array-to-maximize-sum-of-squares
Sprinklr,Next Greater Numerically Balanced Number,92.4,https://leetcode.com/problems/next-greater-numerically-balanced-number
Sprinklr,Maximize Score After N Operations,92.4,https://leetcode.com/problems/maximize-score-after-n-operations
Sprinklr,Maximum Score of Non-overlapping Intervals,90,https://leetcode.com/problems/maximum-score-of-non-overlapping-intervals
Sprinklr,Closest Subsequence Sum,90,https://leetcode.com/problems/closest-subsequence-sum
Sprinklr,Minimum Time to Revert Word to Initial State II,90,https://leetcode.com/problems/minimum-time-to-revert-word-to-initial-state-ii
Sprinklr,Choose Edges to Maximize Score in a Tree,90,https://leetcode.com/problems/choose-edges-to-maximize-score-in-a-tree
Sprinklr,Number of Same-End Substrings,90,https://leetcode.com/problems/number-of-same-end-substrings
Sprinklr,Count the Number of Powerful Integers,90,https://leetcode.com/problems/count-the-number-of-powerful-integers
Sprinklr,Create Components With Same Value,90,https://leetcode.com/problems/create-components-with-same-value
Sprinklr,Minimum Time to Revert Word to Initial State I,90,https://leetcode.com/problems/minimum-time-to-revert-word-to-initial-state-i
Sprinklr,Apply Bitwise Operations to Make Strings Equal,90,https://leetcode.com/problems/apply-bitwise-operations-to-make-strings-equal
Sprinklr,Maximum Subarray Sum After One Operation,90,https://leetcode.com/problems/maximum-subarray-sum-after-one-operation
Sprinklr,Number of Great Partitions,90,https://leetcode.com/problems/number-of-great-partitions
Sprinklr,Asteroid Collision,84.5,https://leetcode.com/problems/asteroid-collision
Sprinklr,Robot Collisions,72.9,https://leetcode.com/problems/robot-collisions
Sprinklr,Insert Delete GetRandom O(1),67.5,https://leetcode.com/problems/insert-delete-getrandom-o1
Sprinklr,Number of Provinces,67.5,https://leetcode.com/problems/number-of-provinces
Sprinklr,Minimize the Difference Between Target and Chosen Elements,67.5,https://leetcode.com/problems/minimize-the-difference-between-target-and-chosen-elements
Sprinklr,Serialize and Deserialize Binary Tree,67.5,https://leetcode.com/problems/serialize-and-deserialize-binary-tree
Sprinklr,Minimum Number of Food Buckets to Feed the Hamsters,67.5,https://leetcode.com/problems/minimum-number-of-food-buckets-to-feed-the-hamsters
Sprinklr,Validate IP Address,60.4,https://leetcode.com/problems/validate-ip-address
Sprinklr,Partition Labels,60.4,https://leetcode.com/problems/partition-labels
Sprinklr,Max Points on a Line,60.4,https://leetcode.com/problems/max-points-on-a-line
Sprinklr,Container With Most Water,60.4,https://leetcode.com/problems/container-with-most-water
Sprinklr,Set Matrix Zeroes,60.4,https://leetcode.com/problems/set-matrix-zeroes
Sprinklr,Trapping Rain Water,60.4,https://leetcode.com/problems/trapping-rain-water
Sprinklr,Largest Rectangle in Histogram,50.5,https://leetcode.com/problems/largest-rectangle-in-histogram
Sprinklr,Sort Colors,50.5,https://leetcode.com/problems/sort-colors
Sprinklr,First Missing Positive,50.5,https://leetcode.com/problems/first-missing-positive
Sprinklr,Longest Univalue Path,50.5,https://leetcode.com/problems/longest-univalue-path
Sprinklr,Russian Doll Envelopes,50.5,https://leetcode.com/problems/russian-doll-envelopes
Sprinklr,Sum of Matrix After Queries,50.5,https://leetcode.com/problems/sum-of-matrix-after-queries
Sprinklr,LRU Cache,50.5,https://leetcode.com/problems/lru-cache
Sprinklr,Best Time to Buy and Sell Stock,50.5,https://leetcode.com/problems/best-time-to-buy-and-sell-stock
Sprinklr,Count Valid Paths in a Tree,50.5,https://leetcode.com/problems/count-valid-paths-in-a-tree
Sprinklr,Longest Valid Parentheses,50.5,https://leetcode.com/problems/longest-valid-parentheses
Sprinklr,Single Element in a Sorted Array,50.5,https://leetcode.com/problems/single-element-in-a-sorted-array
Sprinklr,3Sum,50.5,https://leetcode.com/problems/3sum
Sprinklr,Sum of Subarray Minimums,50.5,https://leetcode.com/problems/sum-of-subarray-minimums
Squarespace,Merge Sorted Array,100,https://leetcode.com/problems/merge-sorted-array
Squarespace,LRU Cache,94.3,https://leetcode.com/problems/lru-cache
Squarespace,Valid Parentheses,64.7,https://leetcode.com/problems/valid-parentheses
StackAdapt,Find Median from Data Stream,100,https://leetcode.com/problems/find-median-from-data-stream
StackAdapt,Snapshot Array,100,https://leetcode.com/problems/snapshot-array
StackAdapt,Restore IP Addresses,89.3,https://leetcode.com/problems/restore-ip-addresses
StackAdapt,Number of Dice Rolls With Target Sum,89.3,https://leetcode.com/problems/number-of-dice-rolls-with-target-sum
Stackline,Minimum Height Trees,100,https://leetcode.com/problems/minimum-height-trees
Stackline,IPO,77.2,https://leetcode.com/problems/ipo
Stripe,Minimum Penalty for a Shop,100,https://leetcode.com/problems/minimum-penalty-for-a-shop
Stripe,Evaluate Division,68.2,https://leetcode.com/problems/evaluate-division
Stripe,Cheapest Flights Within K Stops,56.4,https://leetcode.com/problems/cheapest-flights-within-k-stops
Stripe,Optimal Account Balancing,51.5,https://leetcode.com/problems/optimal-account-balancing
Stripe,Brace Expansion,51.5,https://leetcode.com/problems/brace-expansion
Stripe,Parallel Courses III,44.6,https://leetcode.com/problems/parallel-courses-iii
Sumo Logic,Satisfiability of Equality Equations,100,https://leetcode.com/problems/satisfiability-of-equality-equations
Sumo Logic,First Missing Positive,66,https://leetcode.com/problems/first-missing-positive
Sumo Logic,Flood Fill,66,https://leetcode.com/problems/flood-fill
Sumo Logic,Decode String,66,https://leetcode.com/problems/decode-string
Swiggy,Maximize Area of Square Hole in Grid,100,https://leetcode.com/problems/maximize-area-of-square-hole-in-grid
Swiggy,Minimum Value to Get Positive Step by Step Sum,97.6,https://leetcode.com/problems/minimum-value-to-get-positive-step-by-step-sum
Swiggy,Sort Colors,80.5,https://leetcode.com/problems/sort-colors
Swiggy,Valid Parentheses,75,https://leetcode.com/problems/valid-parentheses
Swiggy,Merge Sorted Array,75,https://leetcode.com/problems/merge-sorted-array
Swiggy,Next Greater Element I,75,https://leetcode.com/problems/next-greater-element-i
Swiggy,Maximum Profit in Job Scheduling,75,https://leetcode.com/problems/maximum-profit-in-job-scheduling
Swiggy,Happy Number,75,https://leetcode.com/problems/happy-number
Swiggy,Fair Candy Swap,67.9,https://leetcode.com/problems/fair-candy-swap
Swiggy,Count Good Meals,67.9,https://leetcode.com/problems/count-good-meals
Swiggy,Integer to Roman,67.9,https://leetcode.com/problems/integer-to-roman
Swiggy,Daily Temperatures,67.9,https://leetcode.com/problems/daily-temperatures
Swiggy,Course Schedule,67.9,https://leetcode.com/problems/course-schedule
Swiggy,Maximum Score From Removing Substrings,58,https://leetcode.com/problems/maximum-score-from-removing-substrings
Swiggy,Immediate Food Delivery II,58,https://leetcode.com/problems/immediate-food-delivery-ii
Swiggy,Letter Combinations of a Phone Number,58,https://leetcode.com/problems/letter-combinations-of-a-phone-number
Swiggy,K Closest Points to Origin,58,https://leetcode.com/problems/k-closest-points-to-origin
Swiggy,Minimum Number of Work Sessions to Finish the Tasks,58,https://leetcode.com/problems/minimum-number-of-work-sessions-to-finish-the-tasks
Swiggy,Two City Scheduling,58,https://leetcode.com/problems/two-city-scheduling
Swiggy,Best Time to Buy and Sell Stock,58,https://leetcode.com/problems/best-time-to-buy-and-sell-stock
Swiggy,Median of Two Sorted Arrays,58,https://leetcode.com/problems/median-of-two-sorted-arrays
Swiggy,Merge Two Sorted Lists,58,https://leetcode.com/problems/merge-two-sorted-lists
Swiggy,Subarray Sum Equals K,58,https://leetcode.com/problems/subarray-sum-equals-k
Swiggy,First Missing Positive,58,https://leetcode.com/problems/first-missing-positive
Swiggy,LRU Cache,58,https://leetcode.com/problems/lru-cache
Swiggy,Longest Consecutive Sequence,58,https://leetcode.com/problems/longest-consecutive-sequence
Swiggy,Majority Element,58,https://leetcode.com/problems/majority-element
Swiggy,Maximum Length of Pair Chain,58,https://leetcode.com/problems/maximum-length-of-pair-chain
Swiggy,Subsets II,58,https://leetcode.com/problems/subsets-ii
Swiggy,Trapping Rain Water,58,https://leetcode.com/problems/trapping-rain-water
Swiggy,Edit Distance,58,https://leetcode.com/problems/edit-distance
Synopsys,Find Minimum in Rotated Sorted Array,100,https://leetcode.com/problems/find-minimum-in-rotated-sorted-array
Synopsys,Merge Intervals,100,https://leetcode.com/problems/merge-intervals
Tanium,Jump Game III,100,https://leetcode.com/problems/jump-game-iii
Target,Longest Path With Different Adjacent Characters,100,https://leetcode.com/problems/longest-path-with-different-adjacent-characters
Target,Product of the Last K Numbers,100,https://leetcode.com/problems/product-of-the-last-k-numbers
Target,Maximum Subarray,100,https://leetcode.com/problems/maximum-subarray
Target,Sort Colors,100,https://leetcode.com/problems/sort-colors
tcs,Two Sum,84.5,https://leetcode.com/problems/two-sum
tcs,Palindrome Number,76.6,https://leetcode.com/problems/palindrome-number
tcs,Majority Element,72.2,https://leetcode.com/problems/majority-element
tcs,Best Time to Buy and Sell Stock,68.6,https://leetcode.com/problems/best-time-to-buy-and-sell-stock
tcs,Maximum Subarray,66.5,https://leetcode.com/problems/maximum-subarray
tcs,Longest Common Prefix,64.1,https://leetcode.com/problems/longest-common-prefix
tcs,Valid Parentheses,61.4,https://leetcode.com/problems/valid-parentheses
tcs,Fibonacci Number,61.4,https://leetcode.com/problems/fibonacci-number
tcs,Subarray Sum Equals K,61.4,https://leetcode.com/problems/subarray-sum-equals-k
tcs,Move Zeroes,61.4,https://leetcode.com/problems/move-zeroes
tcs,Rotate Array,61.4,https://leetcode.com/problems/rotate-array
tcs,Count the Digits That Divide a Number,59.9,https://leetcode.com/problems/count-the-digits-that-divide-a-number
tcs,Jump Game,59.9,https://leetcode.com/problems/jump-game
tcs,Maximum Ascending Subarray Sum,59.9,https://leetcode.com/problems/maximum-ascending-subarray-sum
tcs,Reverse Integer,59.9,https://leetcode.com/problems/reverse-integer
tcs,Merge Sorted Array,56.4,https://leetcode.com/problems/merge-sorted-array
tcs,Unique Paths,56.4,https://leetcode.com/problems/unique-paths
tcs,Roman to Integer,56.4,https://leetcode.com/problems/roman-to-integer
tcs,Remove Letter To Equalize Frequency,56.4,https://leetcode.com/problems/remove-letter-to-equalize-frequency
tcs,Minimum Cuts to Divide a Circle,56.4,https://leetcode.com/problems/minimum-cuts-to-divide-a-circle
tcs,Single Number,56.4,https://leetcode.com/problems/single-number
tcs,Valid Anagram,56.4,https://leetcode.com/problems/valid-anagram
tcs,Minimum Operations to Exceed Threshold Value I,56.4,https://leetcode.com/problems/minimum-operations-to-exceed-threshold-value-i
tcs,Minimum Operations to Exceed Threshold Value II,56.4,https://leetcode.com/problems/minimum-operations-to-exceed-threshold-value-ii
tcs,Palindrome Partitioning IV,56.4,https://leetcode.com/problems/palindrome-partitioning-iv
tcs,3Sum,54.4,https://leetcode.com/problems/3sum
tcs,Bitwise ORs of Subarrays,54.4,https://leetcode.com/problems/bitwise-ors-of-subarrays
tcs,Climbing Stairs,54.4,https://leetcode.com/problems/climbing-stairs
tcs,Find the Index of the First Occurrence in a String,54.4,https://leetcode.com/problems/find-the-index-of-the-first-occurrence-in-a-string
tcs,Remove Duplicates from Sorted Array,52.2,https://leetcode.com/problems/remove-duplicates-from-sorted-array
tcs,Longest Palindromic Substring,52.2,https://leetcode.com/problems/longest-palindromic-substring
tcs,Container With Most Water,49.7,https://leetcode.com/problems/container-with-most-water
tcs,Plus One,49.7,https://leetcode.com/problems/plus-one
tcs,"Pow(x, n)",49.7,https://leetcode.com/problems/powx-n
tcs,Second Highest Salary,49.7,https://leetcode.com/problems/second-highest-salary
tcs,Length of Last Word,49.7,https://leetcode.com/problems/length-of-last-word
tcs,Sort Colors,49.7,https://leetcode.com/problems/sort-colors
tcs,Sliding Window Maximum,46.8,https://leetcode.com/problems/sliding-window-maximum
tcs,Contains Duplicate,46.8,https://leetcode.com/problems/contains-duplicate
tcs,Happy Number,46.8,https://leetcode.com/problems/happy-number
tcs,Reverse Words in a String,46.8,https://leetcode.com/problems/reverse-words-in-a-string
tcs,Trapping Rain Water,46.8,https://leetcode.com/problems/trapping-rain-water
tcs,Spiral Matrix,46.8,https://leetcode.com/problems/spiral-matrix
tcs,Missing Number,46.8,https://leetcode.com/problems/missing-number
tcs,Best Time to Buy and Sell Stock II,43.4,https://leetcode.com/problems/best-time-to-buy-and-sell-stock-ii
tcs,Add Two Numbers,43.4,https://leetcode.com/problems/add-two-numbers
tcs,Set Matrix Zeroes,43.4,https://leetcode.com/problems/set-matrix-zeroes
tcs,Sqrt(x),43.4,https://leetcode.com/problems/sqrtx
tcs,Max Consecutive Ones III,43.4,https://leetcode.com/problems/max-consecutive-ones-iii
tcs,Check if Array Is Sorted and Rotated,43.4,https://leetcode.com/problems/check-if-array-is-sorted-and-rotated
tcs,Longest Substring Without Repeating Characters,43.4,https://leetcode.com/problems/longest-substring-without-repeating-characters
tcs,Toeplitz Matrix,43.4,https://leetcode.com/problems/toeplitz-matrix
tcs,Merge Two Sorted Lists,43.4,https://leetcode.com/problems/merge-two-sorted-lists
tcs,Single Element in a Sorted Array,39.2,https://leetcode.com/problems/single-element-in-a-sorted-array
tcs,Fizz Buzz,39.2,https://leetcode.com/problems/fizz-buzz
tcs,Reverse String,39.2,https://leetcode.com/problems/reverse-string
tcs,N-th Tribonacci Number,39.2,https://leetcode.com/problems/n-th-tribonacci-number
tcs,Add Binary,39.2,https://leetcode.com/problems/add-binary
tcs,K-diff Pairs in an Array,39.2,https://leetcode.com/problems/k-diff-pairs-in-an-array
tcs,Find Customer Referee,39.2,https://leetcode.com/problems/find-customer-referee
tcs,Article Views I,39.2,https://leetcode.com/problems/article-views-i
tcs,Department Top Three Salaries,39.2,https://leetcode.com/problems/department-top-three-salaries
tcs,4Sum,39.2,https://leetcode.com/problems/4sum
tcs,Reverse Linked List,39.2,https://leetcode.com/problems/reverse-linked-list
tcs,Generate Parentheses,39.2,https://leetcode.com/problems/generate-parentheses
tcs,Rotate String,33.9,https://leetcode.com/problems/rotate-string
tcs,Remove Duplicates from Sorted Array II,33.9,https://leetcode.com/problems/remove-duplicates-from-sorted-array-ii
tcs,Edit Distance,33.9,https://leetcode.com/problems/edit-distance
tcs,Largest Rectangle in Histogram,33.9,https://leetcode.com/problems/largest-rectangle-in-histogram
tcs,Find First and Last Position of Element in Sorted Array,33.9,https://leetcode.com/problems/find-first-and-last-position-of-element-in-sorted-array
tcs,Binary Search,33.9,https://leetcode.com/problems/binary-search
tcs,Same Tree,33.9,https://leetcode.com/problems/same-tree
tcs,Employee Bonus,33.9,https://leetcode.com/problems/employee-bonus
tcs,Longest Common Subsequence,33.9,https://leetcode.com/problems/longest-common-subsequence
tcs,Pascal's Triangle,33.9,https://leetcode.com/problems/pascals-triangle
tcs,Longest Consecutive Sequence,33.9,https://leetcode.com/problems/longest-consecutive-sequence
tcs,Maximum Product Subarray,33.9,https://leetcode.com/problems/maximum-product-subarray
tcs,Sort Array by Increasing Frequency,33.9,https://leetcode.com/problems/sort-array-by-increasing-frequency
tcs,Largest Number,33.9,https://leetcode.com/problems/largest-number
tcs,Sort Characters By Frequency,33.9,https://leetcode.com/problems/sort-characters-by-frequency
tcs,Next Permutation,33.9,https://leetcode.com/problems/next-permutation
tcs,Power of Two,33.9,https://leetcode.com/problems/power-of-two
tcs,Subsets,33.9,https://leetcode.com/problems/subsets
tcs,How Many Numbers Are Smaller Than the Current Number,26.5,https://leetcode.com/problems/how-many-numbers-are-smaller-than-the-current-number
tcs,Students and Examinations,26.5,https://leetcode.com/problems/students-and-examinations
tcs,Path with Maximum Probability,26.5,https://leetcode.com/problems/path-with-maximum-probability
tcs,Combination Sum,26.5,https://leetcode.com/problems/combination-sum
tcs,Sum of Unique Elements,26.5,https://leetcode.com/problems/sum-of-unique-elements
tcs,Search a 2D Matrix II,26.5,https://leetcode.com/problems/search-a-2d-matrix-ii
tcs,Word Search,26.5,https://leetcode.com/problems/word-search
tcs,Peak Index in a Mountain Array,26.5,https://leetcode.com/problems/peak-index-in-a-mountain-array
tcs,Number of Employees Who Met the Target,26.5,https://leetcode.com/problems/number-of-employees-who-met-the-target
tcs,Coin Change,26.5,https://leetcode.com/problems/coin-change
tcs,Partition List,26.5,https://leetcode.com/problems/partition-list
tcs,Big Countries,26.5,https://leetcode.com/problems/big-countries
tcs,3Sum Closest,26.5,https://leetcode.com/problems/3sum-closest
tcs,Count Primes,26.5,https://leetcode.com/problems/count-primes
tcs,First Unique Character in a String,26.5,https://leetcode.com/problems/first-unique-character-in-a-string
tcs,Intersection of Two Arrays,26.5,https://leetcode.com/problems/intersection-of-two-arrays
tcs,Product of Array Except Self,26.5,https://leetcode.com/problems/product-of-array-except-self
Tech Mahindra,Best Time to Buy and Sell Stock,100,https://leetcode.com/problems/best-time-to-buy-and-sell-stock
Tech Mahindra,Reverse Integer,88.9,https://leetcode.com/problems/reverse-integer
Tech Mahindra,Two Sum,88.9,https://leetcode.com/problems/two-sum
Tech Mahindra,Valid Anagram,88.9,https://leetcode.com/problems/valid-anagram
Tech Mahindra,Count Primes,88.9,https://leetcode.com/problems/count-primes
Tekion,Count the Number of Infection Sequences,100,https://leetcode.com/problems/count-the-number-of-infection-sequences
Tekion,Trapping Rain Water,78.1,https://leetcode.com/problems/trapping-rain-water
Tekion,Most Stones Removed with Same Row or Column,71.3,https://leetcode.com/problems/most-stones-removed-with-same-row-or-column
Tekion,Maximum Subarray,71.3,https://leetcode.com/problems/maximum-subarray
Tekion,Two Sum,71.3,https://leetcode.com/problems/two-sum
Tekion,Split Array Largest Sum,71.3,https://leetcode.com/problems/split-array-largest-sum
Tekion,Cousins in Binary Tree,61.6,https://leetcode.com/problems/cousins-in-binary-tree
Tekion,Meeting Rooms II,61.6,https://leetcode.com/problems/meeting-rooms-ii
Tekion,Word Ladder,61.6,https://leetcode.com/problems/word-ladder
Tekion,Product of the Last K Numbers,61.6,https://leetcode.com/problems/product-of-the-last-k-numbers
Tekion,Find First and Last Position of Element in Sorted Array,61.6,https://leetcode.com/problems/find-first-and-last-position-of-element-in-sorted-array
Tekion,Best Time to Buy and Sell Stock III,61.6,https://leetcode.com/problems/best-time-to-buy-and-sell-stock-iii
Tekion,Ways to Split Array Into Three Subarrays,61.6,https://leetcode.com/problems/ways-to-split-array-into-three-subarrays
Tekion,Find Peak Element,61.6,https://leetcode.com/problems/find-peak-element
Tekion,Jump Game,61.6,https://leetcode.com/problems/jump-game
Tekion,Is Subsequence,61.6,https://leetcode.com/problems/is-subsequence
Tekion,Spiral Matrix,61.6,https://leetcode.com/problems/spiral-matrix
Tekion,Product of Array Except Self,61.6,https://leetcode.com/problems/product-of-array-except-self
Tekion,Best Time to Buy and Sell Stock,61.6,https://leetcode.com/problems/best-time-to-buy-and-sell-stock
Tekion,Valid Parenthesis String,61.6,https://leetcode.com/problems/valid-parenthesis-string
Tencent,Decode String,100,https://leetcode.com/problems/decode-string
Tencent,Remove Boxes,97.9,https://leetcode.com/problems/remove-boxes
Tencent,Minimum Factorization,97.9,https://leetcode.com/problems/minimum-factorization
Tencent,Candy,62.4,https://leetcode.com/problems/candy
Tencent,Implement Rand10() Using Rand7(),62.4,https://leetcode.com/problems/implement-rand10-using-rand7
Tencent,Immediate Food Delivery II,62.4,https://leetcode.com/problems/immediate-food-delivery-ii
Tencent,Alien Dictionary,62.4,https://leetcode.com/problems/alien-dictionary
Tencent,LRU Cache,62.4,https://leetcode.com/problems/lru-cache
Tencent,Remove Duplicates from Sorted List II,62.4,https://leetcode.com/problems/remove-duplicates-from-sorted-list-ii
Tencent,Valid Parentheses,62.4,https://leetcode.com/problems/valid-parentheses
Tencent,Minimum Remove to Make Valid Parentheses,62.4,https://leetcode.com/problems/minimum-remove-to-make-valid-parentheses
Tencent,Department Highest Salary,62.4,https://leetcode.com/problems/department-highest-salary
Tencent,Next Greater Element I,62.4,https://leetcode.com/problems/next-greater-element-i
Tencent,Debounce,62.4,https://leetcode.com/problems/debounce
Tencent,Merge Intervals,62.4,https://leetcode.com/problems/merge-intervals
Teradata,Count Pairs in Two Arrays,100,https://leetcode.com/problems/count-pairs-in-two-arrays
Teradata,Candy,100,https://leetcode.com/problems/candy
Teradata,Merge Two Sorted Lists,100,https://leetcode.com/problems/merge-two-sorted-lists
Tesco,Merge Intervals,100,https://leetcode.com/problems/merge-intervals
Tesco,Decode String,58.6,https://leetcode.com/problems/decode-string
Tesco,Insert Interval,58.6,https://leetcode.com/problems/insert-interval
Tesco,Meeting Rooms II,58.6,https://leetcode.com/problems/meeting-rooms-ii
Tesla,Longest Substring Without Repeating Characters,100,https://leetcode.com/problems/longest-substring-without-repeating-characters
Tesla,Find Followers Count,95.3,https://leetcode.com/problems/find-followers-count
Tesla,Minimum Changes To Make Alternating Binary String,95.3,https://leetcode.com/problems/minimum-changes-to-make-alternating-binary-string
Tesla,Basic Calculator II,92.6,https://leetcode.com/problems/basic-calculator-ii
Tesla,Merge Intervals,89.6,https://leetcode.com/problems/merge-intervals
Tesla,Number of Islands,89.6,https://leetcode.com/problems/number-of-islands
Tesla,Design Circular Queue,86.1,https://leetcode.com/problems/design-circular-queue
Tesla,Building H2O,86.1,https://leetcode.com/problems/building-h2o
Tesla,Letter Combinations of a Phone Number,82.2,https://leetcode.com/problems/letter-combinations-of-a-phone-number
Tesla,Valid Parentheses,82.2,https://leetcode.com/problems/valid-parentheses
Tesla,Top K Frequent Elements,82.2,https://leetcode.com/problems/top-k-frequent-elements
Tesla,Container With Most Water,77.5,https://leetcode.com/problems/container-with-most-water
Tesla,LRU Cache,77.5,https://leetcode.com/problems/lru-cache
Tesla,Best Time to Buy and Sell Stock,77.5,https://leetcode.com/problems/best-time-to-buy-and-sell-stock
Tesla,Reverse Nodes in k-Group,71.8,https://leetcode.com/problems/reverse-nodes-in-k-group
Tesla,Maximum Number of Balloons,71.8,https://leetcode.com/problems/maximum-number-of-balloons
Tesla,Move Zeroes,71.8,https://leetcode.com/problems/move-zeroes
Tesla,Subarray Sum Equals K,71.8,https://leetcode.com/problems/subarray-sum-equals-k
Tesla,Decode the Message,71.8,https://leetcode.com/problems/decode-the-message
Tesla,3Sum,71.8,https://leetcode.com/problems/3sum
Tesla,Valid Anagram,64.4,https://leetcode.com/problems/valid-anagram
Tesla,Reorganize String,64.4,https://leetcode.com/problems/reorganize-string
Tesla,Max Area of Island,64.4,https://leetcode.com/problems/max-area-of-island
Tesla,Maximum Subarray,64.4,https://leetcode.com/problems/maximum-subarray
Tesla,Flatten Nested List Iterator,54.1,https://leetcode.com/problems/flatten-nested-list-iterator
Tesla,Find Winner on a Tic Tac Toe Game,54.1,https://leetcode.com/problems/find-winner-on-a-tic-tac-toe-game
Tesla,Trapping Rain Water,54.1,https://leetcode.com/problems/trapping-rain-water
Tesla,Basic Calculator,54.1,https://leetcode.com/problems/basic-calculator
Tesla,First Missing Positive,54.1,https://leetcode.com/problems/first-missing-positive
Tesla,Repeated DNA Sequences,54.1,https://leetcode.com/problems/repeated-dna-sequences
Tesla,Moving Average from Data Stream,54.1,https://leetcode.com/problems/moving-average-from-data-stream
Tesla,Group Anagrams,54.1,https://leetcode.com/problems/group-anagrams
Tesla,Longest Palindromic Substring,54.1,https://leetcode.com/problems/longest-palindromic-substring
Tesla,Simplify Path,54.1,https://leetcode.com/problems/simplify-path
Tesla,Largest Perimeter Triangle,54.1,https://leetcode.com/problems/largest-perimeter-triangle
Tesla,Missing Number,54.1,https://leetcode.com/problems/missing-number
Tesla,Construct Binary Tree from Preorder and Inorder Traversal,54.1,https://leetcode.com/problems/construct-binary-tree-from-preorder-and-inorder-traversal
Tesla,Is Subsequence,54.1,https://leetcode.com/problems/is-subsequence
Tesla,Combination Sum II,54.1,https://leetcode.com/problems/combination-sum-ii
Tesla,Find Minimum in Rotated Sorted Array,54.1,https://leetcode.com/problems/find-minimum-in-rotated-sorted-array
Tesla,Design Bounded Blocking Queue,54.1,https://leetcode.com/problems/design-bounded-blocking-queue
Tesla,House Robber,54.1,https://leetcode.com/problems/house-robber
Tesla,Reverse Linked List,54.1,https://leetcode.com/problems/reverse-linked-list
Tesla,Course Schedule II,54.1,https://leetcode.com/problems/course-schedule-ii
Tesla,Serialize and Deserialize Binary Tree,54.1,https://leetcode.com/problems/serialize-and-deserialize-binary-tree
Tesla,Design Tic-Tac-Toe,54.1,https://leetcode.com/problems/design-tic-tac-toe
Texas Instruments,Group Anagrams,100,https://leetcode.com/problems/group-anagrams
Texas Instruments,Generate Parentheses,100,https://leetcode.com/problems/generate-parentheses
Texas Instruments,Partition Array Into Two Arrays to Minimize Sum Difference,88.4,https://leetcode.com/problems/partition-array-into-two-arrays-to-minimize-sum-difference
Texas Instruments,Merge Two Sorted Lists,88.4,https://leetcode.com/problems/merge-two-sorted-lists
The Trade Desk,Find the Length of the Longest Common Prefix,100,https://leetcode.com/problems/find-the-length-of-the-longest-common-prefix
The Trade Desk,LRU Cache,66.1,https://leetcode.com/problems/lru-cache
The Trade Desk,Best Time to Buy and Sell Stock,66.1,https://leetcode.com/problems/best-time-to-buy-and-sell-stock
The Trade Desk,Basic Calculator II,66.1,https://leetcode.com/problems/basic-calculator-ii
The Trade Desk,Word Ladder,66.1,https://leetcode.com/problems/word-ladder
Thomson Reuters,Longest Substring Of All Vowels in Order,100,https://leetcode.com/problems/longest-substring-of-all-vowels-in-order
Thomson Reuters,Minimum Time to Type Word Using Special Typewriter,98.1,https://leetcode.com/problems/minimum-time-to-type-word-using-special-typewriter
Thomson Reuters,Roman to Integer,65.3,https://leetcode.com/problems/roman-to-integer
thoughtspot,Count Subarrays With Median K,100,https://leetcode.com/problems/count-subarrays-with-median-k
thoughtspot,Count Paths That Can Form a Palindrome in a Tree,89.5,https://leetcode.com/problems/count-paths-that-can-form-a-palindrome-in-a-tree
thoughtspot,LRU Cache,82.1,https://leetcode.com/problems/lru-cache
thoughtspot,Minimum Window Substring,82.1,https://leetcode.com/problems/minimum-window-substring
thoughtspot,Minimum Number of K Consecutive Bit Flips,71.6,https://leetcode.com/problems/minimum-number-of-k-consecutive-bit-flips
thoughtspot,Snakes and Ladders,71.6,https://leetcode.com/problems/snakes-and-ladders
thoughtspot,Number of Islands,71.6,https://leetcode.com/problems/number-of-islands
thoughtspot,Most Stones Removed with Same Row or Column,71.6,https://leetcode.com/problems/most-stones-removed-with-same-row-or-column
thoughtspot,Subarray Sums Divisible by K,71.6,https://leetcode.com/problems/subarray-sums-divisible-by-k
thoughtspot,Interleaving String,71.6,https://leetcode.com/problems/interleaving-string
thoughtspot,Count Pairs of Connectable Servers in a Weighted Tree Network,71.6,https://leetcode.com/problems/count-pairs-of-connectable-servers-in-a-weighted-tree-network
thoughtspot,House Robber II,71.6,https://leetcode.com/problems/house-robber-ii
ThoughtWorks,Number of Bit Changes to Make Two Integers Equal,100,https://leetcode.com/problems/number-of-bit-changes-to-make-two-integers-equal
ThoughtWorks,Maximum GCD-Sum of a Subarray,100,https://leetcode.com/problems/maximum-gcd-sum-of-a-subarray
ThoughtWorks,Maximize the Number of Partitions After Operations,100,https://leetcode.com/problems/maximize-the-number-of-partitions-after-operations
ThoughtWorks,Number of Subarrays That Match a Pattern II,100,https://leetcode.com/problems/number-of-subarrays-that-match-a-pattern-ii
ThoughtWorks,Best Time to Buy and Sell Stock,73,https://leetcode.com/problems/best-time-to-buy-and-sell-stock
ThoughtWorks,Longest Substring Without Repeating Characters,63.9,https://leetcode.com/problems/longest-substring-without-repeating-characters
ThoughtWorks,Valid Parentheses,63.9,https://leetcode.com/problems/valid-parentheses
ThoughtWorks,Longest Palindromic Substring,63.9,https://leetcode.com/problems/longest-palindromic-substring
ThousandEyes,Clone Graph,100,https://leetcode.com/problems/clone-graph
ThousandEyes,Insert Delete GetRandom O(1),100,https://leetcode.com/problems/insert-delete-getrandom-o1
ThousandEyes,LRU Cache,89.5,https://leetcode.com/problems/lru-cache
ThousandEyes,Design In-Memory File System,89.5,https://leetcode.com/problems/design-in-memory-file-system
ThousandEyes,Cache With Time Limit,89.5,https://leetcode.com/problems/cache-with-time-limit
Tiger Analytics,Find Closest Number to Zero,100,https://leetcode.com/problems/find-closest-number-to-zero
Tiger Analytics,Best Time to Buy and Sell Stock,85.4,https://leetcode.com/problems/best-time-to-buy-and-sell-stock
Tiger Analytics,Consecutive Numbers,74.7,https://leetcode.com/problems/consecutive-numbers
Tiger Analytics,Top K Frequent Elements,66.2,https://leetcode.com/problems/top-k-frequent-elements
TikTok,LRU Cache,96,https://leetcode.com/problems/lru-cache
TikTok,Merge Intervals,89.6,https://leetcode.com/problems/merge-intervals
TikTok,Longest Substring Without Repeating Characters,84.8,https://leetcode.com/problems/longest-substring-without-repeating-characters
TikTok,Trapping Rain Water,82.2,https://leetcode.com/problems/trapping-rain-water
TikTok,Merge k Sorted Lists,76.9,https://leetcode.com/problems/merge-k-sorted-lists
TikTok,Minimum Window Substring,76.9,https://leetcode.com/problems/minimum-window-substring
TikTok,Word Search,76,https://leetcode.com/problems/word-search
TikTok,Search in Rotated Sorted Array,75.1,https://leetcode.com/problems/search-in-rotated-sorted-array
TikTok,Longest Palindromic Substring,73.1,https://leetcode.com/problems/longest-palindromic-substring
TikTok,N-Queens,73.1,https://leetcode.com/problems/n-queens
TikTok,Restore IP Addresses,72.1,https://leetcode.com/problems/restore-ip-addresses
TikTok,3Sum,71,https://leetcode.com/problems/3sum
TikTok,Combination Sum,71,https://leetcode.com/problems/combination-sum
TikTok,Word Ladder,69.8,https://leetcode.com/problems/word-ladder
TikTok,Sqrt(x),68.6,https://leetcode.com/problems/sqrtx
TikTok,Best Time to Buy and Sell Stock,67.4,https://leetcode.com/problems/best-time-to-buy-and-sell-stock
TikTok,Text Justification,67.4,https://leetcode.com/problems/text-justification
TikTok,Valid Parentheses,66,https://leetcode.com/problems/valid-parentheses
TikTok,Binary Tree Maximum Path Sum,64.6,https://leetcode.com/problems/binary-tree-maximum-path-sum
TikTok,Sort Colors,64.6,https://leetcode.com/problems/sort-colors
TikTok,Find Peak Element,64.6,https://leetcode.com/problems/find-peak-element
TikTok,Spiral Matrix,64.6,https://leetcode.com/problems/spiral-matrix
TikTok,Two Sum,64.6,https://leetcode.com/problems/two-sum
TikTok,Word Break II,63,https://leetcode.com/problems/word-break-ii
TikTok,Construct Binary Tree from Preorder and Inorder Traversal,63,https://leetcode.com/problems/construct-binary-tree-from-preorder-and-inorder-traversal
TikTok,Combination Sum II,61.4,https://leetcode.com/problems/combination-sum-ii
TikTok,Permutations,61.4,https://leetcode.com/problems/permutations
TikTok,Generate Parentheses,61.4,https://leetcode.com/problems/generate-parentheses
TikTok,Maximum Subarray,61.4,https://leetcode.com/problems/maximum-subarray
TikTok,Edit Distance,61.4,https://leetcode.com/problems/edit-distance
TikTok,Find First and Last Position of Element in Sorted Array,59.6,https://leetcode.com/problems/find-first-and-last-position-of-element-in-sorted-array
TikTok,Container With Most Water,57.6,https://leetcode.com/problems/container-with-most-water
TikTok,Reverse Nodes in k-Group,57.6,https://leetcode.com/problems/reverse-nodes-in-k-group
TikTok,Regular Expression Matching,57.6,https://leetcode.com/problems/regular-expression-matching
TikTok,Word Break,57.6,https://leetcode.com/problems/word-break
TikTok,Longest Consecutive Sequence,55.5,https://leetcode.com/problems/longest-consecutive-sequence
TikTok,Best Time to Buy and Sell Stock II,55.5,https://leetcode.com/problems/best-time-to-buy-and-sell-stock-ii
TikTok,Jump Game,55.5,https://leetcode.com/problems/jump-game
TikTok,Subsets,53.2,https://leetcode.com/problems/subsets
TikTok,Decode Ways,53.2,https://leetcode.com/problems/decode-ways
TikTok,Group Anagrams,53.2,https://leetcode.com/problems/group-anagrams
TikTok,Merge Sorted Array,53.2,https://leetcode.com/problems/merge-sorted-array
TikTok,Reorder List,50.6,https://leetcode.com/problems/reorder-list
TikTok,Unique Binary Search Trees,50.6,https://leetcode.com/problems/unique-binary-search-trees
TikTok,Longest Common Prefix,50.6,https://leetcode.com/problems/longest-common-prefix
TikTok,Validate Binary Search Tree,50.6,https://leetcode.com/problems/validate-binary-search-tree
TikTok,Next Permutation,50.6,https://leetcode.com/problems/next-permutation
TikTok,Integer to Roman,47.6,https://leetcode.com/problems/integer-to-roman
TikTok,Minimum Path Sum,47.6,https://leetcode.com/problems/minimum-path-sum
TikTok,Parallel Courses III,47.6,https://leetcode.com/problems/parallel-courses-iii
TikTok,Median of Two Sorted Arrays,47.6,https://leetcode.com/problems/median-of-two-sorted-arrays
TikTok,Surrounded Regions,47.6,https://leetcode.com/problems/surrounded-regions
TikTok,Sort List,47.6,https://leetcode.com/problems/sort-list
TikTok,Permutations II,47.6,https://leetcode.com/problems/permutations-ii
TikTok,Find All Possible Recipes from Given Supplies,47.6,https://leetcode.com/problems/find-all-possible-recipes-from-given-supplies
TikTok,Reverse Words in a String,44.2,https://leetcode.com/problems/reverse-words-in-a-string
TikTok,Maximum Product Subarray,44.2,https://leetcode.com/problems/maximum-product-subarray
TikTok,Binary Tree Level Order Traversal,44.2,https://leetcode.com/problems/binary-tree-level-order-traversal
TikTok,Find Minimum in Rotated Sorted Array,44.2,https://leetcode.com/problems/find-minimum-in-rotated-sorted-array
TikTok,Reverse Linked List II,44.2,https://leetcode.com/problems/reverse-linked-list-ii
TikTok,Longest Substring with At Most Two Distinct Characters,44.2,https://leetcode.com/problems/longest-substring-with-at-most-two-distinct-characters
TikTok,Compare Version Numbers,44.2,https://leetcode.com/problems/compare-version-numbers
TikTok,Step-By-Step Directions From a Binary Tree Node to Another,44.2,https://leetcode.com/problems/step-by-step-directions-from-a-binary-tree-node-to-another
TikTok,Longest Valid Parentheses,44.2,https://leetcode.com/problems/longest-valid-parentheses
TikTok,Add Two Numbers,44.2,https://leetcode.com/problems/add-two-numbers
TikTok,Climbing Stairs,44.2,https://leetcode.com/problems/climbing-stairs
TikTok,Intersection of Two Linked Lists,40.2,https://leetcode.com/problems/intersection-of-two-linked-lists
TikTok,Missing Ranges,40.2,https://leetcode.com/problems/missing-ranges
TikTok,Multiply Strings,40.2,https://leetcode.com/problems/multiply-strings
TikTok,Jump Game II,40.2,https://leetcode.com/problems/jump-game-ii
TikTok,Fraction to Recurring Decimal,40.2,https://leetcode.com/problems/fraction-to-recurring-decimal
TikTok,Distinct Subsequences,40.2,https://leetcode.com/problems/distinct-subsequences
TikTok,Merge Two Sorted Lists,40.2,https://leetcode.com/problems/merge-two-sorted-lists
TikTok,Simplify Path,35.4,https://leetcode.com/problems/simplify-path
TikTok,Find Target Indices After Sorting Array,35.4,https://leetcode.com/problems/find-target-indices-after-sorting-array
TikTok,"Pow(x, n)",35.4,https://leetcode.com/problems/powx-n
TikTok,Best Time to Buy and Sell Stock III,35.4,https://leetcode.com/problems/best-time-to-buy-and-sell-stock-iii
TikTok,Word Ladder II,35.4,https://leetcode.com/problems/word-ladder-ii
TikTok,Valid Palindrome,35.4,https://leetcode.com/problems/valid-palindrome
TikTok,Spiral Matrix II,35.4,https://leetcode.com/problems/spiral-matrix-ii
TikTok,Remove Duplicates from Sorted Array II,35.4,https://leetcode.com/problems/remove-duplicates-from-sorted-array-ii
TikTok,Path Sum II,35.4,https://leetcode.com/problems/path-sum-ii
TikTok,Binary Tree Zigzag Level Order Traversal,35.4,https://leetcode.com/problems/binary-tree-zigzag-level-order-traversal
TikTok,Insert Interval,35.4,https://leetcode.com/problems/insert-interval
TikTok,4Sum,29.3,https://leetcode.com/problems/4sum
TikTok,Linked List Cycle II,29.3,https://leetcode.com/problems/linked-list-cycle-ii
TikTok,Plus One,29.3,https://leetcode.com/problems/plus-one
TikTok,Swap Nodes in Pairs,29.3,https://leetcode.com/problems/swap-nodes-in-pairs
TikTok,Path Sum,29.3,https://leetcode.com/problems/path-sum
TikTok,Maximal Rectangle,29.3,https://leetcode.com/problems/maximal-rectangle
TikTok,Valid Sudoku,29.3,https://leetcode.com/problems/valid-sudoku
TikTok,Interleaving String,21.2,https://leetcode.com/problems/interleaving-string
TikTok,Clone Graph,21.2,https://leetcode.com/problems/clone-graph
TikTok,Recover Binary Search Tree,21.2,https://leetcode.com/problems/recover-binary-search-tree
TikTok,Subsets II,21.2,https://leetcode.com/problems/subsets-ii
TikTok,Valid Number,21.2,https://leetcode.com/problems/valid-number
TikTok,Unique Paths,21.2,https://leetcode.com/problems/unique-paths
TikTok,Divide Two Integers,21.2,https://leetcode.com/problems/divide-two-integers
TikTok,First Missing Positive,21.2,https://leetcode.com/problems/first-missing-positive
TikTok,Sum of Subarray Ranges,21.2,https://leetcode.com/problems/sum-of-subarray-ranges
Tinder,Find Median from Data Stream,100,https://leetcode.com/problems/find-median-from-data-stream
Tinder,Kth Largest Element in a Stream,88.2,https://leetcode.com/problems/kth-largest-element-in-a-stream
Tinkoff,Min Stack,100,https://leetcode.com/problems/min-stack
Tinkoff,Longest Substring Without Repeating Characters,100,https://leetcode.com/problems/longest-substring-without-repeating-characters
Tinkoff,Two Sum,97.6,https://leetcode.com/problems/two-sum
Tinkoff,Rotate Image,85,https://leetcode.com/problems/rotate-image
Tinkoff,Keys and Rooms,85,https://leetcode.com/problems/keys-and-rooms
Tinkoff,Longest Palindromic Substring,80.5,https://leetcode.com/problems/longest-palindromic-substring
Tinkoff,Find First and Last Position of Element in Sorted Array,80.5,https://leetcode.com/problems/find-first-and-last-position-of-element-in-sorted-array
Tinkoff,Simplify Path,80.5,https://leetcode.com/problems/simplify-path
Tinkoff,Backspace String Compare,80.5,https://leetcode.com/problems/backspace-string-compare
Tinkoff,Form Smallest Number From Two Digit Arrays,75,https://leetcode.com/problems/form-smallest-number-from-two-digit-arrays
Tinkoff,Number of Islands,75,https://leetcode.com/problems/number-of-islands
Tinkoff,Battleships in a Board,75,https://leetcode.com/problems/battleships-in-a-board
Tinkoff,Find All Numbers Disappeared in an Array,75,https://leetcode.com/problems/find-all-numbers-disappeared-in-an-array
Tinkoff,Longest Subarray of 1's After Deleting One Element,75,https://leetcode.com/problems/longest-subarray-of-1s-after-deleting-one-element
Tinkoff,Search a 2D Matrix,75,https://leetcode.com/problems/search-a-2d-matrix
Tinkoff,Is Subsequence,67.9,https://leetcode.com/problems/is-subsequence
Tinkoff,Search in Rotated Sorted Array,67.9,https://leetcode.com/problems/search-in-rotated-sorted-array
Tinkoff,Minimum Difference Between Highest and Lowest of K Scores,67.9,https://leetcode.com/problems/minimum-difference-between-highest-and-lowest-of-k-scores
Tinkoff,Count Square Submatrices with All Ones,67.9,https://leetcode.com/problems/count-square-submatrices-with-all-ones
Tinkoff,Decode String,67.9,https://leetcode.com/problems/decode-string
Tinkoff,Event Emitter,67.9,https://leetcode.com/problems/event-emitter
Tinkoff,Meeting Rooms II,57.9,https://leetcode.com/problems/meeting-rooms-ii
Tinkoff,Squares of a Sorted Array,57.9,https://leetcode.com/problems/squares-of-a-sorted-array
Tinkoff,Subarray Sums Divisible by K,57.9,https://leetcode.com/problems/subarray-sums-divisible-by-k
Tinkoff,Maximize Distance to Closest Person,57.9,https://leetcode.com/problems/maximize-distance-to-closest-person
Tinkoff,Department Highest Salary,57.9,https://leetcode.com/problems/department-highest-salary
Tinkoff,Isomorphic Strings,57.9,https://leetcode.com/problems/isomorphic-strings
Tinkoff,Subarray Sum Equals K,57.9,https://leetcode.com/problems/subarray-sum-equals-k
Tinkoff,Paint House,57.9,https://leetcode.com/problems/paint-house
Tinkoff,Valid Palindrome,57.9,https://leetcode.com/problems/valid-palindrome
Tinkoff,Find the Longest Balanced Substring of a Binary String,57.9,https://leetcode.com/problems/find-the-longest-balanced-substring-of-a-binary-string
Tinkoff,Reverse Linked List,57.9,https://leetcode.com/problems/reverse-linked-list
Toast,Find the Celebrity,100,https://leetcode.com/problems/find-the-celebrity
Toast,Valid Palindrome,90.3,https://leetcode.com/problems/valid-palindrome
Toast,Best Time to Buy and Sell Stock,79.7,https://leetcode.com/problems/best-time-to-buy-and-sell-stock
Toptal,String Compression II,100,https://leetcode.com/problems/string-compression-ii
Toptal,Airplane Seat Assignment Probability,68.7,https://leetcode.com/problems/airplane-seat-assignment-probability
Toptal,Image Smoother,68.7,https://leetcode.com/problems/image-smoother
Tower Research Capital,Unique Binary Search Trees,100,https://leetcode.com/problems/unique-binary-search-trees
Tower Research Capital,Bricks Falling When Hit,73.5,https://leetcode.com/problems/bricks-falling-when-hit
Trexquant,Max Difference You Can Get From Changing an Integer,100,https://leetcode.com/problems/max-difference-you-can-get-from-changing-an-integer
Trexquant,Brick Wall,89.2,https://leetcode.com/problems/brick-wall
Trexquant,Spiral Matrix,89.2,https://leetcode.com/problems/spiral-matrix
Trexquant,Letter Combinations of a Phone Number,89.2,https://leetcode.com/problems/letter-combinations-of-a-phone-number
Trexquant,3Sum,89.2,https://leetcode.com/problems/3sum
Trilogy,Substring XOR Queries,100,https://leetcode.com/problems/substring-xor-queries
Trilogy,Handling Sum Queries After Update,100,https://leetcode.com/problems/handling-sum-queries-after-update
Trilogy,Bitwise XOR of All Pairings,100,https://leetcode.com/problems/bitwise-xor-of-all-pairings
Trilogy,Minimum Time to Kill All Monsters,100,https://leetcode.com/problems/minimum-time-to-kill-all-monsters
Trilogy,Distinct Subsequences,64.3,https://leetcode.com/problems/distinct-subsequences
Tripadvisor,Find Common Characters,100,https://leetcode.com/problems/find-common-characters
Tripadvisor,Valid Parentheses,89.3,https://leetcode.com/problems/valid-parentheses
Tripadvisor,LRU Cache,74.8,https://leetcode.com/problems/lru-cache
Tripadvisor,Best Time to Buy and Sell Stock,66.4,https://leetcode.com/problems/best-time-to-buy-and-sell-stock
Turing,Valid Parentheses,100,https://leetcode.com/problems/valid-parentheses
Turing,Longest Substring Without Repeating Characters,91.8,https://leetcode.com/problems/longest-substring-without-repeating-characters
Turing,Baseball Game,81.2,https://leetcode.com/problems/baseball-game
Turing,Minimum Cost For Tickets,73.8,https://leetcode.com/problems/minimum-cost-for-tickets
Turing,Koko Eating Bananas,71.5,https://leetcode.com/problems/koko-eating-bananas
Turing,Number of Islands,65.7,https://leetcode.com/problems/number-of-islands
Turing,Validate IP Address,65.7,https://leetcode.com/problems/validate-ip-address
Turing,Longest Common Prefix,65.7,https://leetcode.com/problems/longest-common-prefix
Turing,Minimum Length of Anagram Concatenation,62,https://leetcode.com/problems/minimum-length-of-anagram-concatenation
Turing,Find the Town Judge,62,https://leetcode.com/problems/find-the-town-judge
Turing,Maximum Subarray,57.5,https://leetcode.com/problems/maximum-subarray
Turing,Climbing Stairs,57.5,https://leetcode.com/problems/climbing-stairs
Turing,Apply Operations to Make Sum of Array Greater Than or Equal to k,57.5,https://leetcode.com/problems/apply-operations-to-make-sum-of-array-greater-than-or-equal-to-k
Turing,Merge Intervals,57.5,https://leetcode.com/problems/merge-intervals
Turing,House Robber,51.8,https://leetcode.com/problems/house-robber
Turing,Regular Expression Matching,51.8,https://leetcode.com/problems/regular-expression-matching
Turing,Product of Array Except Self,51.8,https://leetcode.com/problems/product-of-array-except-self
Turing,Partition Array Into Three Parts With Equal Sum,51.8,https://leetcode.com/problems/partition-array-into-three-parts-with-equal-sum
Turing,Degree of an Array,51.8,https://leetcode.com/problems/degree-of-an-array
Turing,Find Duplicate File in System,51.8,https://leetcode.com/problems/find-duplicate-file-in-system
Turing,Maximum Number of Vowels in a Substring of Given Length,51.8,https://leetcode.com/problems/maximum-number-of-vowels-in-a-substring-of-given-length
Turing,Longest Consecutive Sequence,51.8,https://leetcode.com/problems/longest-consecutive-sequence
Turing,Reverse Only Letters,43.7,https://leetcode.com/problems/reverse-only-letters
Turing,3Sum,43.7,https://leetcode.com/problems/3sum
Turing,Sum of Digit Differences of All Pairs,43.7,https://leetcode.com/problems/sum-of-digit-differences-of-all-pairs
Turing,Group Anagrams,43.7,https://leetcode.com/problems/group-anagrams
Turing,Minimum Number of Operations to Make Word K-Periodic,43.7,https://leetcode.com/problems/minimum-number-of-operations-to-make-word-k-periodic
Turing,Jump Game,43.7,https://leetcode.com/problems/jump-game
Turing,Race Car,43.7,https://leetcode.com/problems/race-car
Turing,Find First and Last Position of Element in Sorted Array,43.7,https://leetcode.com/problems/find-first-and-last-position-of-element-in-sorted-array
Turing,Find All Anagrams in a String,43.7,https://leetcode.com/problems/find-all-anagrams-in-a-string
Turing,Valid Palindrome,43.7,https://leetcode.com/problems/valid-palindrome
Turing,Consecutive Numbers,43.7,https://leetcode.com/problems/consecutive-numbers
Turing,Best Time to Buy and Sell Stock,43.7,https://leetcode.com/problems/best-time-to-buy-and-sell-stock
Turing,Spiral Matrix,43.7,https://leetcode.com/problems/spiral-matrix
Turing,Kth Largest Element in an Array,43.7,https://leetcode.com/problems/kth-largest-element-in-an-array
Turing,Maximum Repeating Substring,43.7,https://leetcode.com/problems/maximum-repeating-substring
Turing,Number of Subsequences That Satisfy the Given Sum Condition,43.7,https://leetcode.com/problems/number-of-subsequences-that-satisfy-the-given-sum-condition
Turing,Longest Palindromic Substring,43.7,https://leetcode.com/problems/longest-palindromic-substring
Turing,Longest Repeating Character Replacement,43.7,https://leetcode.com/problems/longest-repeating-character-replacement
Turing,Minimum Number of Operations to Satisfy Conditions,43.7,https://leetcode.com/problems/minimum-number-of-operations-to-satisfy-conditions
Turo,Meeting Rooms II,100,https://leetcode.com/problems/meeting-rooms-ii
Turo,LRU Cache,94.8,https://leetcode.com/problems/lru-cache
Turo,Meeting Rooms,88.1,https://leetcode.com/problems/meeting-rooms
Turo,Longest Palindromic Substring,78.6,https://leetcode.com/problems/longest-palindromic-substring
Turo,Number of Sub-arrays of Size K and Average Greater than or Equal to Threshold,78.6,https://leetcode.com/problems/number-of-sub-arrays-of-size-k-and-average-greater-than-or-equal-to-threshold
Turvo,Minimum Difficulty of a Job Schedule,100,https://leetcode.com/problems/minimum-difficulty-of-a-job-schedule
Turvo,Count Good Triplets,100,https://leetcode.com/problems/count-good-triplets
Turvo,Trapping Rain Water,67,https://leetcode.com/problems/trapping-rain-water
TuSimple,Number of Ways to Earn Points,100,https://leetcode.com/problems/number-of-ways-to-earn-points
TuSimple,Count the Number of Good Subsequences,100,https://leetcode.com/problems/count-the-number-of-good-subsequences
TuSimple,Intervals Between Identical Elements,100,https://leetcode.com/problems/intervals-between-identical-elements
TuSimple,Maximum Good People Based on Statements,100,https://leetcode.com/problems/maximum-good-people-based-on-statements
Twilio,Maximize Greatness of an Array,100,https://leetcode.com/problems/maximize-greatness-of-an-array
Twilio,Univalued Binary Tree,93.3,https://leetcode.com/problems/univalued-binary-tree
Twilio,Reformat Date,91.3,https://leetcode.com/problems/reformat-date
Twilio,Letter Combinations of a Phone Number,65.4,https://leetcode.com/problems/letter-combinations-of-a-phone-number
Twilio,Top K Frequent Elements,65.4,https://leetcode.com/problems/top-k-frequent-elements
Twilio,First Missing Positive,56.8,https://leetcode.com/problems/first-missing-positive
Twilio,Minimum Number of Swaps to Make the String Balanced,56.8,https://leetcode.com/problems/minimum-number-of-swaps-to-make-the-string-balanced
Twilio,Text Justification,56.8,https://leetcode.com/problems/text-justification
Twilio,Minimum Equal Sum of Two Arrays After Replacing Zeros,56.8,https://leetcode.com/problems/minimum-equal-sum-of-two-arrays-after-replacing-zeros
Twilio,Group Anagrams,56.8,https://leetcode.com/problems/group-anagrams
Twilio,Reconstruct Itinerary,56.8,https://leetcode.com/problems/reconstruct-itinerary
Twilio,Wildcard Matching,56.8,https://leetcode.com/problems/wildcard-matching
Twilio,Ways to Make a Fair Array,56.8,https://leetcode.com/problems/ways-to-make-a-fair-array
Twitch,Create a Session Bar Chart,100,https://leetcode.com/problems/create-a-session-bar-chart
Twitch,Design a File Sharing System,100,https://leetcode.com/problems/design-a-file-sharing-system
Twitch,Toss Strange Coins,100,https://leetcode.com/problems/toss-strange-coins
Twitch,LRU Cache,92.1,https://leetcode.com/problems/lru-cache
Twitch,Reverse Vowels of a String,64.4,https://leetcode.com/problems/reverse-vowels-of-a-string
Twitch,Letter Combinations of a Phone Number,64.4,https://leetcode.com/problems/letter-combinations-of-a-phone-number
Twitch,Unique Email Addresses,64.4,https://leetcode.com/problems/unique-email-addresses
Twitch,Find Median from Data Stream,64.4,https://leetcode.com/problems/find-median-from-data-stream
Two Sigma,Minimum Operations to Reduce an Integer to 0,100,https://leetcode.com/problems/minimum-operations-to-reduce-an-integer-to-0
Two Sigma,Number of Provinces,100,https://leetcode.com/problems/number-of-provinces
Two Sigma,Random Pick with Weight,98.1,https://leetcode.com/problems/random-pick-with-weight
Two Sigma,Maximum Subarray Sum with One Deletion,96,https://leetcode.com/problems/maximum-subarray-sum-with-one-deletion
Two Sigma,Multiply Strings,93.8,https://leetcode.com/problems/multiply-strings
Two Sigma,Wildcard Matching,93.8,https://leetcode.com/problems/wildcard-matching
Two Sigma,Longest String Chain,93.8,https://leetcode.com/problems/longest-string-chain
Two Sigma,Game of Life,93.8,https://leetcode.com/problems/game-of-life
Two Sigma,Power of Four,93.8,https://leetcode.com/problems/power-of-four
Two Sigma,Intersection of Two Arrays,93.8,https://leetcode.com/problems/intersection-of-two-arrays
Two Sigma,Maximum Sum Circular Subarray,93.8,https://leetcode.com/problems/maximum-sum-circular-subarray
Two Sigma,Word Search II,91.3,https://leetcode.com/problems/word-search-ii
Two Sigma,Merge k Sorted Lists,72.1,https://leetcode.com/problems/merge-k-sorted-lists
Two Sigma,Parallel Courses III,72.1,https://leetcode.com/problems/parallel-courses-iii
Two Sigma,Design Memory Allocator,65.3,https://leetcode.com/problems/design-memory-allocator
Two Sigma,Minimum Space Wasted From Packaging,65.3,https://leetcode.com/problems/minimum-space-wasted-from-packaging
Two Sigma,Design HashMap,65.3,https://leetcode.com/problems/design-hashmap
Two Sigma,Search Suggestions System,55.7,https://leetcode.com/problems/search-suggestions-system
Two Sigma,Design Tic-Tac-Toe,55.7,https://leetcode.com/problems/design-tic-tac-toe
Two Sigma,Robot Room Cleaner,55.7,https://leetcode.com/problems/robot-room-cleaner
Two Sigma,Sum of Square Numbers,55.7,https://leetcode.com/problems/sum-of-square-numbers
Two Sigma,Meeting Rooms II,55.7,https://leetcode.com/problems/meeting-rooms-ii
Two Sigma,Best Time to Buy and Sell Stock,55.7,https://leetcode.com/problems/best-time-to-buy-and-sell-stock
Uber,Two Sum,89.1,https://leetcode.com/problems/two-sum
Uber,Best Time to Buy and Sell Stock,76.3,https://leetcode.com/problems/best-time-to-buy-and-sell-stock
Uber,Word Search,73.2,https://leetcode.com/problems/word-search
Uber,Text Justification,71,https://leetcode.com/problems/text-justification
Uber,Spiral Matrix,69.5,https://leetcode.com/problems/spiral-matrix
Uber,Valid Sudoku,68.7,https://leetcode.com/problems/valid-sudoku
Uber,Group Anagrams,67.8,https://leetcode.com/problems/group-anagrams
Uber,Roman to Integer,66.9,https://leetcode.com/problems/roman-to-integer
Uber,Letter Combinations of a Phone Number,64,https://leetcode.com/problems/letter-combinations-of-a-phone-number
Uber,Generate Parentheses,62.9,https://leetcode.com/problems/generate-parentheses
Uber,Minimum Window Substring,62.9,https://leetcode.com/problems/minimum-window-substring
Uber,Longest Common Prefix,61.8,https://leetcode.com/problems/longest-common-prefix
Uber,Add Two Numbers,61.8,https://leetcode.com/problems/add-two-numbers
Uber,Merge Sorted Array,61.8,https://leetcode.com/problems/merge-sorted-array
Uber,Word Break,60.6,https://leetcode.com/problems/word-break
Uber,Trapping Rain Water,60.6,https://leetcode.com/problems/trapping-rain-water
Uber,Rotate Image,59.3,https://leetcode.com/problems/rotate-image
Uber,Search in Rotated Sorted Array,59.3,https://leetcode.com/problems/search-in-rotated-sorted-array
Uber,Valid Palindrome,59.3,https://leetcode.com/problems/valid-palindrome
Uber,Remove Element,59.3,https://leetcode.com/problems/remove-element
Uber,3Sum,57.9,https://leetcode.com/problems/3sum
Uber,Decode Ways,57.9,https://leetcode.com/problems/decode-ways
Uber,Next Permutation,56.5,https://leetcode.com/problems/next-permutation
Uber,Sqrt(x),56.5,https://leetcode.com/problems/sqrtx
Uber,Median of Two Sorted Arrays,56.5,https://leetcode.com/problems/median-of-two-sorted-arrays
Uber,Valid Parentheses,56.5,https://leetcode.com/problems/valid-parentheses
Uber,Largest Rectangle in Histogram,56.5,https://leetcode.com/problems/largest-rectangle-in-histogram
Uber,Maximum Depth of Binary Tree,56.5,https://leetcode.com/problems/maximum-depth-of-binary-tree
Uber,Merge k Sorted Lists,54.9,https://leetcode.com/problems/merge-k-sorted-lists
Uber,Regular Expression Matching,54.9,https://leetcode.com/problems/regular-expression-matching
Uber,Longest Consecutive Sequence,54.9,https://leetcode.com/problems/longest-consecutive-sequence
Uber,Merge Two Sorted Lists,54.9,https://leetcode.com/problems/merge-two-sorted-lists
Uber,Subsets,53.3,https://leetcode.com/problems/subsets
Uber,Word Break II,53.3,https://leetcode.com/problems/word-break-ii
Uber,Maximum Subarray,53.3,https://leetcode.com/problems/maximum-subarray
Uber,Reverse Integer,53.3,https://leetcode.com/problems/reverse-integer
Uber,Sudoku Solver,53.3,https://leetcode.com/problems/sudoku-solver
Uber,Merge Intervals,51.4,https://leetcode.com/problems/merge-intervals
Uber,Remove Duplicates from Sorted Array,51.4,https://leetcode.com/problems/remove-duplicates-from-sorted-array
Uber,Longest Palindromic Substring,51.4,https://leetcode.com/problems/longest-palindromic-substring
Uber,Combination Sum,51.4,https://leetcode.com/problems/combination-sum
Uber,Swap Nodes in Pairs,51.4,https://leetcode.com/problems/swap-nodes-in-pairs
Uber,Find First and Last Position of Element in Sorted Array,51.4,https://leetcode.com/problems/find-first-and-last-position-of-element-in-sorted-array
Uber,Find the Index of the First Occurrence in a String,51.4,https://leetcode.com/problems/find-the-index-of-the-first-occurrence-in-a-string
Uber,String to Integer (atoi),51.4,https://leetcode.com/problems/string-to-integer-atoi
Uber,Container With Most Water,49.5,https://leetcode.com/problems/container-with-most-water
Uber,Longest Substring Without Repeating Characters,49.5,https://leetcode.com/problems/longest-substring-without-repeating-characters
Uber,Jump Game II,49.5,https://leetcode.com/problems/jump-game-ii
Uber,Copy List with Random Pointer,49.5,https://leetcode.com/problems/copy-list-with-random-pointer
Uber,Clone Graph,49.5,https://leetcode.com/problems/clone-graph
Uber,Climbing Stairs,47.3,https://leetcode.com/problems/climbing-stairs
Uber,Jump Game,47.3,https://leetcode.com/problems/jump-game
Uber,Palindrome Number,47.3,https://leetcode.com/problems/palindrome-number
Uber,Insert Interval,44.8,https://leetcode.com/problems/insert-interval
Uber,Word Ladder,44.8,https://leetcode.com/problems/word-ladder
Uber,Plus One,44.8,https://leetcode.com/problems/plus-one
Uber,Search Insert Position,44.8,https://leetcode.com/problems/search-insert-position
Uber,Zigzag Conversion,42,https://leetcode.com/problems/zigzag-conversion
Uber,Longest Valid Parentheses,42,https://leetcode.com/problems/longest-valid-parentheses
Uber,Set Matrix Zeroes,38.9,https://leetcode.com/problems/set-matrix-zeroes
Uber,Length of Last Word,38.9,https://leetcode.com/problems/length-of-last-word
Uber,Best Time to Buy and Sell Stock II,38.9,https://leetcode.com/problems/best-time-to-buy-and-sell-stock-ii
Uber,Minimum Path Sum,38.9,https://leetcode.com/problems/minimum-path-sum
Uber,Binary Tree Level Order Traversal,38.9,https://leetcode.com/problems/binary-tree-level-order-traversal
Uber,Candy,38.9,https://leetcode.com/problems/candy
Uber,Pascal's Triangle,35.2,https://leetcode.com/problems/pascals-triangle
Uber,First Missing Positive,35.2,https://leetcode.com/problems/first-missing-positive
Uber,Linked List Cycle,35.2,https://leetcode.com/problems/linked-list-cycle
Uber,Permutations,35.2,https://leetcode.com/problems/permutations
Uber,Divide Two Integers,35.2,https://leetcode.com/problems/divide-two-integers
Uber,Search in Rotated Sorted Array II,30.7,https://leetcode.com/problems/search-in-rotated-sorted-array-ii
Uber,3Sum Closest,30.7,https://leetcode.com/problems/3sum-closest
Uber,Combination Sum II,30.7,https://leetcode.com/problems/combination-sum-ii
Uber,N-Queens,30.7,https://leetcode.com/problems/n-queens
Uber,Validate Binary Search Tree,30.7,https://leetcode.com/problems/validate-binary-search-tree
Uber,Binary Tree Maximum Path Sum,30.7,https://leetcode.com/problems/binary-tree-maximum-path-sum
Uber,Add Binary,30.7,https://leetcode.com/problems/add-binary
Uber,Flatten Binary Tree to Linked List,25,https://leetcode.com/problems/flatten-binary-tree-to-linked-list
Uber,"Pow(x, n)",25,https://leetcode.com/problems/powx-n
Uber,Palindrome Partitioning,25,https://leetcode.com/problems/palindrome-partitioning
Uber,Unique Paths,25,https://leetcode.com/problems/unique-paths
Uber,Sort Colors,25,https://leetcode.com/problems/sort-colors
Uber,Distinct Subsequences,25,https://leetcode.com/problems/distinct-subsequences
Uber,Minimum Depth of Binary Tree,25,https://leetcode.com/problems/minimum-depth-of-binary-tree
Uber,Binary Tree Inorder Traversal,25,https://leetcode.com/problems/binary-tree-inorder-traversal
Uber,Interleaving String,25,https://leetcode.com/problems/interleaving-string
Uber,4Sum,25,https://leetcode.com/problems/4sum
Uber,Convert Sorted List to Binary Search Tree,17.7,https://leetcode.com/problems/convert-sorted-list-to-binary-search-tree
Uber,Remove Nth Node From End of List,17.7,https://leetcode.com/problems/remove-nth-node-from-end-of-list
Uber,Best Time to Buy and Sell Stock III,17.7,https://leetcode.com/problems/best-time-to-buy-and-sell-stock-iii
Uber,Remove Duplicates from Sorted Array II,17.7,https://leetcode.com/problems/remove-duplicates-from-sorted-array-ii
Uber,Unique Paths II,17.7,https://leetcode.com/problems/unique-paths-ii
Uber,Multiply Strings,17.7,https://leetcode.com/problems/multiply-strings
Uber,Spiral Matrix II,17.7,https://leetcode.com/problems/spiral-matrix-ii
Uber,Unique Binary Search Trees II,17.7,https://leetcode.com/problems/unique-binary-search-trees-ii
Uber,Balanced Binary Tree,17.7,https://leetcode.com/problems/balanced-binary-tree
Uber,Reverse Linked List II,17.7,https://leetcode.com/problems/reverse-linked-list-ii
Uber,Integer to Roman,17.7,https://leetcode.com/problems/integer-to-roman
Uber,Maximal Rectangle,17.7,https://leetcode.com/problems/maximal-rectangle
Uber,Wildcard Matching,17.7,https://leetcode.com/problems/wildcard-matching
UBS,Search Suggestions System,100,https://leetcode.com/problems/search-suggestions-system
UBS,Count Pairs of Connectable Servers in a Weighted Tree Network,94.6,https://leetcode.com/problems/count-pairs-of-connectable-servers-in-a-weighted-tree-network
UBS,Beautiful Arrangement,61.7,https://leetcode.com/problems/beautiful-arrangement
UBS,Best Time to Buy and Sell Stock,61.7,https://leetcode.com/problems/best-time-to-buy-and-sell-stock
UBS,Valid Parentheses,61.7,https://leetcode.com/problems/valid-parentheses
UiPath,Escape a Large Maze,100,https://leetcode.com/problems/escape-a-large-maze
UiPath,Sorting Three Groups,100,https://leetcode.com/problems/sorting-three-groups
UiPath,As Far from Land as Possible,100,https://leetcode.com/problems/as-far-from-land-as-possible
UiPath,Number of Islands,72.1,https://leetcode.com/problems/number-of-islands
UiPath,Longest Palindromic Substring,62.7,https://leetcode.com/problems/longest-palindromic-substring
UiPath,Integer to Roman,62.7,https://leetcode.com/problems/integer-to-roman
UiPath,Making A Large Island,62.7,https://leetcode.com/problems/making-a-large-island
UiPath,Boats to Save People,62.7,https://leetcode.com/problems/boats-to-save-people
UiPath,Satisfiability of Equality Equations,62.7,https://leetcode.com/problems/satisfiability-of-equality-equations
UiPath,Longest Repeating Character Replacement,62.7,https://leetcode.com/problems/longest-repeating-character-replacement
UKG,Maximum Area Rectangle With Point Constraints I,100,https://leetcode.com/problems/maximum-area-rectangle-with-point-constraints-i
UKG,Maximum Area Rectangle With Point Constraints II,100,https://leetcode.com/problems/maximum-area-rectangle-with-point-constraints-ii
UKG,Special Binary String,84.2,https://leetcode.com/problems/special-binary-string
UKG,Minimum Length of Anagram Concatenation,79.1,https://leetcode.com/problems/minimum-length-of-anagram-concatenation
UKG,Count the Number of Good Subsequences,79.1,https://leetcode.com/problems/count-the-number-of-good-subsequences
UKG,Longest Consecutive Sequence,72.5,https://leetcode.com/problems/longest-consecutive-sequence
UKG,Two Sum,72.5,https://leetcode.com/problems/two-sum
UKG,Valid Word,72.5,https://leetcode.com/problems/valid-word
UKG,Best Time to Buy and Sell Stock,63.3,https://leetcode.com/problems/best-time-to-buy-and-sell-stock
UKG,Angle Between Hands of a Clock,63.3,https://leetcode.com/problems/angle-between-hands-of-a-clock
UKG,Make a Positive Array,63.3,https://leetcode.com/problems/make-a-positive-array
Unity,Number of Subarrays With LCM Equal to K,100,https://leetcode.com/problems/number-of-subarrays-with-lcm-equal-to-k
Unity,Insert Delete GetRandom O(1),89.8,https://leetcode.com/problems/insert-delete-getrandom-o1
Unity,Remove Colored Pieces if Both Neighbors are the Same Color,89.8,https://leetcode.com/problems/remove-colored-pieces-if-both-neighbors-are-the-same-color
Unity,Product of Array Except Self,89.8,https://leetcode.com/problems/product-of-array-except-self
Upstart,Maximum Subarray,100,https://leetcode.com/problems/maximum-subarray
Upstart,Simplify Path,85.6,https://leetcode.com/problems/simplify-path
Upstart,Next Permutation,66.7,https://leetcode.com/problems/next-permutation
Upstart,Range Sum Query 2D - Immutable,66.7,https://leetcode.com/problems/range-sum-query-2d-immutable
Urban Company,Maximum Profit in Job Scheduling,100,https://leetcode.com/problems/maximum-profit-in-job-scheduling
Urban Company,Surrounded Regions,92.3,https://leetcode.com/problems/surrounded-regions
Urban Company,Number of Islands,92.3,https://leetcode.com/problems/number-of-islands
Urban Company,Search in Rotated Sorted Array,81.3,https://leetcode.com/problems/search-in-rotated-sorted-array
Urban Company,Candy,81.3,https://leetcode.com/problems/candy
USAA,Reverse Vowels of a String,100,https://leetcode.com/problems/reverse-vowels-of-a-string
Valve,Dota2 Senate,100,https://leetcode.com/problems/dota2-senate
Valve,String to Integer (atoi),88,https://leetcode.com/problems/string-to-integer-atoi
Valve,Deep Merge of Two Objects,66.2,https://leetcode.com/problems/deep-merge-of-two-objects
Valve,Design Parking System,66.2,https://leetcode.com/problems/design-parking-system
Vanguard,Check if the Sentence Is Pangram,100,https://leetcode.com/problems/check-if-the-sentence-is-pangram
Vanguard,Check Whether Two Strings are Almost Equivalent,84.4,https://leetcode.com/problems/check-whether-two-strings-are-almost-equivalent
Veeva Systems,Group Anagrams,100,https://leetcode.com/problems/group-anagrams
Veeva Systems,Generate Parentheses,89,https://leetcode.com/problems/generate-parentheses
Veeva Systems,Min Stack,89,https://leetcode.com/problems/min-stack
Veeva Systems,Valid Sudoku,89,https://leetcode.com/problems/valid-sudoku
Veeva Systems,Longest Substring Without Repeating Characters,89,https://leetcode.com/problems/longest-substring-without-repeating-characters
Verily,Happy Number,100,https://leetcode.com/problems/happy-number
Verily,Jump Game,100,https://leetcode.com/problems/jump-game
Verily,Find Original Array From Doubled Array,92.3,https://leetcode.com/problems/find-original-array-from-doubled-array
Verily,Guess the Word,92.3,https://leetcode.com/problems/guess-the-word
Verily,Longest String Chain,92.3,https://leetcode.com/problems/longest-string-chain
Verily,Minimum Area Rectangle II,92.3,https://leetcode.com/problems/minimum-area-rectangle-ii
Verily,Find All Possible Recipes from Given Supplies,92.3,https://leetcode.com/problems/find-all-possible-recipes-from-given-supplies
Verily,Group Anagrams,92.3,https://leetcode.com/problems/group-anagrams
Verily,Minimum Knight Moves,92.3,https://leetcode.com/problems/minimum-knight-moves
Verily,Kth Largest Element in an Array,92.3,https://leetcode.com/problems/kth-largest-element-in-an-array
Verily,Video Stitching,81.5,https://leetcode.com/problems/video-stitching
Verily,Minimum Area Rectangle,81.5,https://leetcode.com/problems/minimum-area-rectangle
Veritas,Shifting Letters II,100,https://leetcode.com/problems/shifting-letters-ii
Veritas,Reformat Date,74.7,https://leetcode.com/problems/reformat-date
Verkada,Snapshot Array,100,https://leetcode.com/problems/snapshot-array
Verkada,Maximum Profit in Job Scheduling,88.5,https://leetcode.com/problems/maximum-profit-in-job-scheduling
Verkada,Interval List Intersections,84.4,https://leetcode.com/problems/interval-list-intersections
Verkada,Guess the Word,84.4,https://leetcode.com/problems/guess-the-word
Verkada,Non-overlapping Intervals,84.4,https://leetcode.com/problems/non-overlapping-intervals
Verkada,Basic Calculator II,84.4,https://leetcode.com/problems/basic-calculator-ii
Verkada,Merge k Sorted Lists,72.9,https://leetcode.com/problems/merge-k-sorted-lists
Verkada,Remove Sub-Folders from the Filesystem,72.9,https://leetcode.com/problems/remove-sub-folders-from-the-filesystem
Verkada,Transpose Matrix,72.9,https://leetcode.com/problems/transpose-matrix
Verkada,Image Smoother,63.8,https://leetcode.com/problems/image-smoother
Verkada,Basic Calculator III,63.8,https://leetcode.com/problems/basic-calculator-iii
Verkada,LRU Cache,63.8,https://leetcode.com/problems/lru-cache
Verkada,Diameter of Binary Tree,63.8,https://leetcode.com/problems/diameter-of-binary-tree
Verkada,Number of 1 Bits,63.8,https://leetcode.com/problems/number-of-1-bits
Verkada,Time Based Key-Value Store,63.8,https://leetcode.com/problems/time-based-key-value-store
Vimeo,Count Pairs With XOR in a Range,100,https://leetcode.com/problems/count-pairs-with-xor-in-a-range
Vimeo,Flower Planting With No Adjacent,66.4,https://leetcode.com/problems/flower-planting-with-no-adjacent
Vimeo,Maximum Subarray,66.4,https://leetcode.com/problems/maximum-subarray
Vimeo,3Sum,66.4,https://leetcode.com/problems/3sum
Vimeo,LRU Cache,66.4,https://leetcode.com/problems/lru-cache
Vimeo,Min Stack,66.4,https://leetcode.com/problems/min-stack
Virtu Financial,How Many Apples Can You Put into the Basket,100,https://leetcode.com/problems/how-many-apples-can-you-put-into-the-basket
Virtu Financial,Array Transformation,98.9,https://leetcode.com/problems/array-transformation
Virtu Financial,Hexspeak,97.8,https://leetcode.com/problems/hexspeak
Virtu Financial,Count Substrings with Only One Distinct Letter,96.5,https://leetcode.com/problems/count-substrings-with-only-one-distinct-letter
Virtu Financial,Count Number of Homogenous Substrings,92.4,https://leetcode.com/problems/count-number-of-homogenous-substrings
Virtusa,Apply Operations to Make String Empty,100,https://leetcode.com/problems/apply-operations-to-make-string-empty
Virtusa,Pascal's Triangle,74.7,https://leetcode.com/problems/pascals-triangle
Virtusa,Merge Sorted Array,66.2,https://leetcode.com/problems/merge-sorted-array
Virtusa,Longest Substring Without Repeating Characters,66.2,https://leetcode.com/problems/longest-substring-without-repeating-characters
Visa,Length of Longest V-Shaped Diagonal Segment,100,https://leetcode.com/problems/length-of-longest-v-shaped-diagonal-segment
Visa,Two Sum,96.5,https://leetcode.com/problems/two-sum
Visa,Split the Array,93.8,https://leetcode.com/problems/split-the-array
Visa,Rotating the Box,93.8,https://leetcode.com/problems/rotating-the-box
Visa,3Sum,87.4,https://leetcode.com/problems/3sum
Visa,Best Time to Buy and Sell Stock,85.5,https://leetcode.com/problems/best-time-to-buy-and-sell-stock
Visa,Create Target Array in the Given Order,85.5,https://leetcode.com/problems/create-target-array-in-the-given-order
Visa,Longest Substring Without Repeating Characters,83.4,https://leetcode.com/problems/longest-substring-without-repeating-characters
Visa,Maximum Number of Events That Can Be Attended,83.4,https://leetcode.com/problems/maximum-number-of-events-that-can-be-attended
Visa,Match Alphanumerical Pattern in Matrix I,81.1,https://leetcode.com/problems/match-alphanumerical-pattern-in-matrix-i
Visa,Odd String Difference,81.1,https://leetcode.com/problems/odd-string-difference
Visa,Group Anagrams,81.1,https://leetcode.com/problems/group-anagrams
Visa,Earliest Possible Day of Full Bloom,81.1,https://leetcode.com/problems/earliest-possible-day-of-full-bloom
Visa,Divisor Game,81.1,https://leetcode.com/problems/divisor-game
Visa,Block Placement Queries,81.1,https://leetcode.com/problems/block-placement-queries
Visa,Two Furthest Houses With Different Colors,81.1,https://leetcode.com/problems/two-furthest-houses-with-different-colors
Visa,Count Nodes With the Highest Score,81.1,https://leetcode.com/problems/count-nodes-with-the-highest-score
Visa,LRU Cache,75.8,https://leetcode.com/problems/lru-cache
Visa,Longest Common Prefix,75.8,https://leetcode.com/problems/longest-common-prefix
Visa,Trapping Rain Water,72.6,https://leetcode.com/problems/trapping-rain-water
Visa,Search in Rotated Sorted Array,72.6,https://leetcode.com/problems/search-in-rotated-sorted-array
Visa,Valid Parentheses,72.6,https://leetcode.com/problems/valid-parentheses
Visa,Text Justification,68.9,https://leetcode.com/problems/text-justification
Visa,Simplify Path,68.9,https://leetcode.com/problems/simplify-path
Visa,Number of Islands,64.6,https://leetcode.com/problems/number-of-islands
Visa,Merge Intervals,64.6,https://leetcode.com/problems/merge-intervals
Visa,Walls and Gates,64.6,https://leetcode.com/problems/walls-and-gates
Visa,Minimum Operations to Write the Letter Y on a Grid,64.6,https://leetcode.com/problems/minimum-operations-to-write-the-letter-y-on-a-grid
Visa,Longest Palindromic Substring,64.6,https://leetcode.com/problems/longest-palindromic-substring
Visa,Number of Adjacent Elements With the Same Color,64.6,https://leetcode.com/problems/number-of-adjacent-elements-with-the-same-color
Visa,Daily Temperatures,59.3,https://leetcode.com/problems/daily-temperatures
Visa,Reverse Linked List,59.3,https://leetcode.com/problems/reverse-linked-list
Visa,Course Schedule,59.3,https://leetcode.com/problems/course-schedule
Visa,Longest Continuous Subarray With Absolute Diff Less Than or Equal to Limit,59.3,https://leetcode.com/problems/longest-continuous-subarray-with-absolute-diff-less-than-or-equal-to-limit
Visa,Reverse Words in a String,59.3,https://leetcode.com/problems/reverse-words-in-a-string
Visa,Maximum Subarray,59.3,https://leetcode.com/problems/maximum-subarray
Visa,Word Ladder,52.5,https://leetcode.com/problems/word-ladder
Visa,Top K Frequent Elements,52.5,https://leetcode.com/problems/top-k-frequent-elements
Visa,Number of Black Blocks,52.5,https://leetcode.com/problems/number-of-black-blocks
Visa,Restore IP Addresses,52.5,https://leetcode.com/problems/restore-ip-addresses
Visa,Find Peak Element,52.5,https://leetcode.com/problems/find-peak-element
Visa,Roman to Integer,52.5,https://leetcode.com/problems/roman-to-integer
Visa,Check If Array Pairs Are Divisible by k,52.5,https://leetcode.com/problems/check-if-array-pairs-are-divisible-by-k
Visa,Reverse Nodes in k-Group,52.5,https://leetcode.com/problems/reverse-nodes-in-k-group
Visa,Word Search,52.5,https://leetcode.com/problems/word-search
Visa,Rotate String,52.5,https://leetcode.com/problems/rotate-string
Visa,Diameter of Binary Tree,52.5,https://leetcode.com/problems/diameter-of-binary-tree
Visa,Shortest Palindrome,52.5,https://leetcode.com/problems/shortest-palindrome
Visa,Largest Number,42.9,https://leetcode.com/problems/largest-number
Visa,Brightest Position on Street,42.9,https://leetcode.com/problems/brightest-position-on-street
Visa,Valid Sudoku,42.9,https://leetcode.com/problems/valid-sudoku
Visa,Sum Root to Leaf Numbers,42.9,https://leetcode.com/problems/sum-root-to-leaf-numbers
Visa,Contains Duplicate,42.9,https://leetcode.com/problems/contains-duplicate
Visa,Partition Equal Subset Sum,42.9,https://leetcode.com/problems/partition-equal-subset-sum
Visa,Number of Matching Subsequences,42.9,https://leetcode.com/problems/number-of-matching-subsequences
Visa,Edit Distance,42.9,https://leetcode.com/problems/edit-distance
Visa,Integer to Roman,42.9,https://leetcode.com/problems/integer-to-roman
Visa,House Robber II,42.9,https://leetcode.com/problems/house-robber-ii
Visa,Substrings of Size Three with Distinct Characters,42.9,https://leetcode.com/problems/substrings-of-size-three-with-distinct-characters
Visa,Number of Subarrays That Match a Pattern I,42.9,https://leetcode.com/problems/number-of-subarrays-that-match-a-pattern-i
Visa,Merge Two Sorted Lists,42.9,https://leetcode.com/problems/merge-two-sorted-lists
Visa,Candy Crush,42.9,https://leetcode.com/problems/candy-crush
Visa,Find the Length of the Longest Common Prefix,42.9,https://leetcode.com/problems/find-the-length-of-the-longest-common-prefix
Visa,Sliding Window Maximum,42.9,https://leetcode.com/problems/sliding-window-maximum
Visa,Image Smoother,42.9,https://leetcode.com/problems/image-smoother
Visa,Plus One,42.9,https://leetcode.com/problems/plus-one
Visa,Search a 2D Matrix,42.9,https://leetcode.com/problems/search-a-2d-matrix
Visa,Best Time to Buy and Sell Stock with Cooldown,42.9,https://leetcode.com/problems/best-time-to-buy-and-sell-stock-with-cooldown
Visa,Split Message Based on Limit,42.9,https://leetcode.com/problems/split-message-based-on-limit
Visa,Find Servers That Handled Most Number of Requests,42.9,https://leetcode.com/problems/find-servers-that-handled-most-number-of-requests
Visa,Binary Tree Cameras,42.9,https://leetcode.com/problems/binary-tree-cameras
Visa,Find Score of an Array After Marking All Elements,42.9,https://leetcode.com/problems/find-score-of-an-array-after-marking-all-elements
Visa,Spiral Matrix,42.9,https://leetcode.com/problems/spiral-matrix
Visa,Palindrome Number,42.9,https://leetcode.com/problems/palindrome-number
Visa,K Closest Points to Origin,42.9,https://leetcode.com/problems/k-closest-points-to-origin
Visa,Second Highest Salary,42.9,https://leetcode.com/problems/second-highest-salary
Visa,Valid Palindrome,42.9,https://leetcode.com/problems/valid-palindrome
Visa,Rotate Array,42.9,https://leetcode.com/problems/rotate-array
Visa,Valid Anagram,42.9,https://leetcode.com/problems/valid-anagram
Visa,Best Time to Buy and Sell Stock III,42.9,https://leetcode.com/problems/best-time-to-buy-and-sell-stock-iii
Visa,Median of Two Sorted Arrays,42.9,https://leetcode.com/problems/median-of-two-sorted-arrays
Visa,Minimum Time Difference,42.9,https://leetcode.com/problems/minimum-time-difference
Visa,Container With Most Water,42.9,https://leetcode.com/problems/container-with-most-water
Visa,LFU Cache,42.9,https://leetcode.com/problems/lfu-cache
VK,Maximize Distance to Closest Person,100,https://leetcode.com/problems/maximize-distance-to-closest-person
VK,Move Zeroes,95.6,https://leetcode.com/problems/move-zeroes
VK,Valid Parentheses,90.2,https://leetcode.com/problems/valid-parentheses
VK,Merge Sorted Array,83.2,https://leetcode.com/problems/merge-sorted-array
VK,Summary Ranges,83.2,https://leetcode.com/problems/summary-ranges
VK,Valid Palindrome,73.3,https://leetcode.com/problems/valid-palindrome
VK,Longest Subarray of 1's After Deleting One Element,73.3,https://leetcode.com/problems/longest-subarray-of-1s-after-deleting-one-element
VMware,Find Palindrome With Fixed Length,100,https://leetcode.com/problems/find-palindrome-with-fixed-length
VMware,Make Array Non-decreasing or Non-increasing,100,https://leetcode.com/problems/make-array-non-decreasing-or-non-increasing
VMware,Break a Palindrome,100,https://leetcode.com/problems/break-a-palindrome
VMware,Median of Two Sorted Arrays,87.6,https://leetcode.com/problems/median-of-two-sorted-arrays
VMware,Best Time to Buy and Sell Stock,83.2,https://leetcode.com/problems/best-time-to-buy-and-sell-stock
VMware,Two Sum,77.8,https://leetcode.com/problems/two-sum
VMware,Course Schedule,70.9,https://leetcode.com/problems/course-schedule
VMware,LRU Cache,61.1,https://leetcode.com/problems/lru-cache
VMware,Time Based Key-Value Store,61.1,https://leetcode.com/problems/time-based-key-value-store
VMware,Search in Rotated Sorted Array,61.1,https://leetcode.com/problems/search-in-rotated-sorted-array
VMware,Next Permutation,61.1,https://leetcode.com/problems/next-permutation
VMware,Reverse Nodes in k-Group,61.1,https://leetcode.com/problems/reverse-nodes-in-k-group
VMware,Longest Common Prefix,61.1,https://leetcode.com/problems/longest-common-prefix
VMware,Integer to Roman,61.1,https://leetcode.com/problems/integer-to-roman
VMware,Koko Eating Bananas,61.1,https://leetcode.com/problems/koko-eating-bananas
VMware,Longest Palindromic Substring,61.1,https://leetcode.com/problems/longest-palindromic-substring
VMware,Course Schedule II,61.1,https://leetcode.com/problems/course-schedule-ii
VMware,Copy List with Random Pointer,61.1,https://leetcode.com/problems/copy-list-with-random-pointer
VMware,Rotting Oranges,61.1,https://leetcode.com/problems/rotting-oranges
VMware,Intersection of Two Linked Lists,61.1,https://leetcode.com/problems/intersection-of-two-linked-lists
Walmart Labs,Longest Substring Without Repeating Characters,100,https://leetcode.com/problems/longest-substring-without-repeating-characters
Walmart Labs,LRU Cache,96.3,https://leetcode.com/problems/lru-cache
Walmart Labs,Valid Parentheses,86.5,https://leetcode.com/problems/valid-parentheses
Walmart Labs,Max Stack,84.9,https://leetcode.com/problems/max-stack
Walmart Labs,Merge Intervals,81.5,https://leetcode.com/problems/merge-intervals
Walmart Labs,Trapping Rain Water,81.5,https://leetcode.com/problems/trapping-rain-water
Walmart Labs,Best Time to Buy and Sell Stock,79.5,https://leetcode.com/problems/best-time-to-buy-and-sell-stock
Walmart Labs,Two Sum,77.4,https://leetcode.com/problems/two-sum
Walmart Labs,Longest Palindromic Substring,77.4,https://leetcode.com/problems/longest-palindromic-substring
Walmart Labs,Word Break,77.4,https://leetcode.com/problems/word-break
Walmart Labs,Divide Intervals Into Minimum Number of Groups,77.4,https://leetcode.com/problems/divide-intervals-into-minimum-number-of-groups
Walmart Labs,Minimum Number of Operations to Make Arrays Similar,75.1,https://leetcode.com/problems/minimum-number-of-operations-to-make-arrays-similar
Walmart Labs,Count Good Triplets in an Array,75.1,https://leetcode.com/problems/count-good-triplets-in-an-array
Walmart Labs,Minimum Operations to Make Array Equal II,75.1,https://leetcode.com/problems/minimum-operations-to-make-array-equal-ii
Walmart Labs,Maximum Number of Tasks You Can Assign,75.1,https://leetcode.com/problems/maximum-number-of-tasks-you-can-assign
Walmart Labs,Middle of the Linked List,75.1,https://leetcode.com/problems/middle-of-the-linked-list
Walmart Labs,Number of Ways to Separate Numbers,75.1,https://leetcode.com/problems/number-of-ways-to-separate-numbers
Walmart Labs,The Winner University,75.1,https://leetcode.com/problems/the-winner-university
Walmart Labs,Generate Parentheses,75.1,https://leetcode.com/problems/generate-parentheses
Walmart Labs,Kth Largest Element in an Array,72.6,https://leetcode.com/problems/kth-largest-element-in-an-array
Walmart Labs,Search in Rotated Sorted Array,72.6,https://leetcode.com/problems/search-in-rotated-sorted-array
Walmart Labs,Group Anagrams,72.6,https://leetcode.com/problems/group-anagrams
Walmart Labs,Number of Islands,72.6,https://leetcode.com/problems/number-of-islands
Walmart Labs,Spiral Matrix,72.6,https://leetcode.com/problems/spiral-matrix
Walmart Labs,Longest Consecutive Sequence,69.8,https://leetcode.com/problems/longest-consecutive-sequence
Walmart Labs,Sort Colors,69.8,https://leetcode.com/problems/sort-colors
Walmart Labs,Valid Sudoku,66.5,https://leetcode.com/problems/valid-sudoku
Walmart Labs,Coin Change,66.5,https://leetcode.com/problems/coin-change
Walmart Labs,Binary Tree Zigzag Level Order Traversal,66.5,https://leetcode.com/problems/binary-tree-zigzag-level-order-traversal
Walmart Labs,Move Zeroes,66.5,https://leetcode.com/problems/move-zeroes
Walmart Labs,Combination Sum,66.5,https://leetcode.com/problems/combination-sum
Walmart Labs,Rotate Array,62.8,https://leetcode.com/problems/rotate-array
Walmart Labs,Degree of an Array,62.8,https://leetcode.com/problems/degree-of-an-array
Walmart Labs,All Nodes Distance K in Binary Tree,62.8,https://leetcode.com/problems/all-nodes-distance-k-in-binary-tree
Walmart Labs,3Sum,62.8,https://leetcode.com/problems/3sum
Walmart Labs,Top K Frequent Elements,62.8,https://leetcode.com/problems/top-k-frequent-elements
Walmart Labs,"Pow(x, n)",62.8,https://leetcode.com/problems/powx-n
Walmart Labs,Median of Two Sorted Arrays,62.8,https://leetcode.com/problems/median-of-two-sorted-arrays
Walmart Labs,House Robber,58.5,https://leetcode.com/problems/house-robber
Walmart Labs,LFU Cache,58.5,https://leetcode.com/problems/lfu-cache
Walmart Labs,Flatten Nested List Iterator,58.5,https://leetcode.com/problems/flatten-nested-list-iterator
Walmart Labs,Reverse Nodes in k-Group,58.5,https://leetcode.com/problems/reverse-nodes-in-k-group
Walmart Labs,Longest Common Prefix,58.5,https://leetcode.com/problems/longest-common-prefix
Walmart Labs,Daily Temperatures,58.5,https://leetcode.com/problems/daily-temperatures
Walmart Labs,Merge k Sorted Lists,58.5,https://leetcode.com/problems/merge-k-sorted-lists
Walmart Labs,First Missing Positive,58.5,https://leetcode.com/problems/first-missing-positive
Walmart Labs,Word Search,58.5,https://leetcode.com/problems/word-search
Walmart Labs,Add Binary,58.5,https://leetcode.com/problems/add-binary
Walmart Labs,Copy List with Random Pointer,58.5,https://leetcode.com/problems/copy-list-with-random-pointer
Walmart Labs,Search a 2D Matrix,58.5,https://leetcode.com/problems/search-a-2d-matrix
Walmart Labs,Maximum Subarray,53.1,https://leetcode.com/problems/maximum-subarray
Walmart Labs,Squares of a Sorted Array,53.1,https://leetcode.com/problems/squares-of-a-sorted-array
Walmart Labs,Min Stack,53.1,https://leetcode.com/problems/min-stack
Walmart Labs,Minimum Window Substring,53.1,https://leetcode.com/problems/minimum-window-substring
Walmart Labs,Binary Tree Right Side View,53.1,https://leetcode.com/problems/binary-tree-right-side-view
Walmart Labs,Keys and Rooms,53.1,https://leetcode.com/problems/keys-and-rooms
Walmart Labs,Course Schedule II,53.1,https://leetcode.com/problems/course-schedule-ii
Walmart Labs,Max Consecutive Ones III,46.3,https://leetcode.com/problems/max-consecutive-ones-iii
Walmart Labs,Flatten Deeply Nested Array,46.3,https://leetcode.com/problems/flatten-deeply-nested-array
Walmart Labs,First Unique Character in a String,46.3,https://leetcode.com/problems/first-unique-character-in-a-string
Walmart Labs,Maximum Profit From Trading Stocks,46.3,https://leetcode.com/problems/maximum-profit-from-trading-stocks
Walmart Labs,Container With Most Water,46.3,https://leetcode.com/problems/container-with-most-water
Walmart Labs,Partition Equal Subset Sum,46.3,https://leetcode.com/problems/partition-equal-subset-sum
Walmart Labs,Merge Two Sorted Lists,46.3,https://leetcode.com/problems/merge-two-sorted-lists
Walmart Labs,Subarray Sum Equals K,46.3,https://leetcode.com/problems/subarray-sum-equals-k
Walmart Labs,Interleaving String,46.3,https://leetcode.com/problems/interleaving-string
Walmart Labs,Boundary of Binary Tree,46.3,https://leetcode.com/problems/boundary-of-binary-tree
Walmart Labs,Path Sum II,46.3,https://leetcode.com/problems/path-sum-ii
Walmart Labs,Populating Next Right Pointers in Each Node,46.3,https://leetcode.com/problems/populating-next-right-pointers-in-each-node
Walmart Labs,Wildcard Matching,46.3,https://leetcode.com/problems/wildcard-matching
Walmart Labs,Course Schedule,46.3,https://leetcode.com/problems/course-schedule
Walmart Labs,Koko Eating Bananas,46.3,https://leetcode.com/problems/koko-eating-bananas
Walmart Labs,Best Time to Buy and Sell Stock II,46.3,https://leetcode.com/problems/best-time-to-buy-and-sell-stock-ii
Walmart Labs,Jump Game II,46.3,https://leetcode.com/problems/jump-game-ii
Walmart Labs,Palindrome Number,36.8,https://leetcode.com/problems/palindrome-number
Walmart Labs,Valid Palindrome II,36.8,https://leetcode.com/problems/valid-palindrome-ii
Walmart Labs,Boats to Save People,36.8,https://leetcode.com/problems/boats-to-save-people
Walmart Labs,Fruit Into Baskets,36.8,https://leetcode.com/problems/fruit-into-baskets
Walmart Labs,Minimum Add to Make Parentheses Valid,36.8,https://leetcode.com/problems/minimum-add-to-make-parentheses-valid
Walmart Labs,Reverse Words in a String III,36.8,https://leetcode.com/problems/reverse-words-in-a-string-iii
Walmart Labs,Reorganize String,36.8,https://leetcode.com/problems/reorganize-string
Walmart Labs,Linked List Cycle,36.8,https://leetcode.com/problems/linked-list-cycle
Walmart Labs,Maximum Number of Non-overlapping Palindrome Substrings,36.8,https://leetcode.com/problems/maximum-number-of-non-overlapping-palindrome-substrings
Walmart Labs,Largest Rectangle in Histogram,36.8,https://leetcode.com/problems/largest-rectangle-in-histogram
Walmart Labs,Reverse Words in a String,36.8,https://leetcode.com/problems/reverse-words-in-a-string
Walmart Labs,Add Two Numbers,36.8,https://leetcode.com/problems/add-two-numbers
Walmart Labs,Second Highest Salary,36.8,https://leetcode.com/problems/second-highest-salary
Walmart Labs,Palindrome Partitioning,36.8,https://leetcode.com/problems/palindrome-partitioning
Walmart Labs,Binary Tree Maximum Path Sum,36.8,https://leetcode.com/problems/binary-tree-maximum-path-sum
Walmart Labs,Count Primes,36.8,https://leetcode.com/problems/count-primes
Walmart Labs,Populating Next Right Pointers in Each Node II,36.8,https://leetcode.com/problems/populating-next-right-pointers-in-each-node-ii
Walmart Labs,Maximal Square,36.8,https://leetcode.com/problems/maximal-square
Walmart Labs,Product of Array Except Self,36.8,https://leetcode.com/problems/product-of-array-except-self
Walmart Labs,Valid Anagram,36.8,https://leetcode.com/problems/valid-anagram
Walmart Labs,Perfect Squares,36.8,https://leetcode.com/problems/perfect-squares
Walmart Labs,Binary Tree Longest Consecutive Sequence,36.8,https://leetcode.com/problems/binary-tree-longest-consecutive-sequence
Walmart Labs,Decode Ways,36.8,https://leetcode.com/problems/decode-ways
Walmart Labs,Merge Sorted Array,36.8,https://leetcode.com/problems/merge-sorted-array
Walmart Labs,Longest Palindrome,36.8,https://leetcode.com/problems/longest-palindrome
Walmart Labs,Decode String,36.8,https://leetcode.com/problems/decode-string
Warnermedia,Integer to English Words,100,https://leetcode.com/problems/integer-to-english-words
Warnermedia,Number of Accounts That Did Not Stream,96,https://leetcode.com/problems/number-of-accounts-that-did-not-stream
Warnermedia,Product of Array Except Self,88.2,https://leetcode.com/problems/product-of-array-except-self
Warnermedia,Merge k Sorted Lists,84.8,https://leetcode.com/problems/merge-k-sorted-lists
Warnermedia,Game of Life,84.8,https://leetcode.com/problems/game-of-life
Warnermedia,Missing Number,80.9,https://leetcode.com/problems/missing-number
Warnermedia,Find the Index of the First Occurrence in a String,80.9,https://leetcode.com/problems/find-the-index-of-the-first-occurrence-in-a-string
Warnermedia,Flatten Nested List Iterator,69.7,https://leetcode.com/problems/flatten-nested-list-iterator
Warnermedia,3Sum,60.8,https://leetcode.com/problems/3sum
Warnermedia,Roman to Integer,60.8,https://leetcode.com/problems/roman-to-integer
WatchGuard,Rotate Image,100,https://leetcode.com/problems/rotate-image
WatchGuard,Spiral Matrix,100,https://leetcode.com/problems/spiral-matrix
Wayfair,Maximum Product Subarray,100,https://leetcode.com/problems/maximum-product-subarray
Wayfair,Largest Magic Square,94.3,https://leetcode.com/problems/largest-magic-square
Wayfair,Minimum Moves to Reach Target Score,94.3,https://leetcode.com/problems/minimum-moves-to-reach-target-score
Wayfair,Team Scores in Football Tournament,94.3,https://leetcode.com/problems/team-scores-in-football-tournament
Wayfair,Tournament Winners,92,https://leetcode.com/problems/tournament-winners
Wayfair,Best Sightseeing Pair,92,https://leetcode.com/problems/best-sightseeing-pair
Wayfair,Design A Leaderboard,92,https://leetcode.com/problems/design-a-leaderboard
Wayfair,Alert Using Same Key-Card Three or More Times in a One Hour Period,92,https://leetcode.com/problems/alert-using-same-key-card-three-or-more-times-in-a-one-hour-period
Wayfair,Maximum Number of Balloons,92,https://leetcode.com/problems/maximum-number-of-balloons
Wayfair,Delete Characters to Make Fancy String,92,https://leetcode.com/problems/delete-characters-to-make-fancy-string
Wayfair,Longest Happy String,92,https://leetcode.com/problems/longest-happy-string
Wayfair,Add Strings,89.5,https://leetcode.com/problems/add-strings
Wayfair,Number of Divisible Substrings,86.7,https://leetcode.com/problems/number-of-divisible-substrings
Wayfair,Longest Palindromic Substring,75.5,https://leetcode.com/problems/longest-palindromic-substring
Wayfair,Group Anagrams,70.2,https://leetcode.com/problems/group-anagrams
Wayfair,Reaching Points,63.4,https://leetcode.com/problems/reaching-points
Wayfair,Valid Palindrome,63.4,https://leetcode.com/problems/valid-palindrome
Wayfair,Longest Increasing Subsequence,53.9,https://leetcode.com/problems/longest-increasing-subsequence
Wayfair,Maximum Number of Vowels in a Substring of Given Length,53.9,https://leetcode.com/problems/maximum-number-of-vowels-in-a-substring-of-given-length
Wayfair,Palindromic Substrings,53.9,https://leetcode.com/problems/palindromic-substrings
Wayfair,Backspace String Compare,53.9,https://leetcode.com/problems/backspace-string-compare
Wayfair,Reverse Words in a String,53.9,https://leetcode.com/problems/reverse-words-in-a-string
Wayfair,Last Person to Fit in the Bus,53.9,https://leetcode.com/problems/last-person-to-fit-in-the-bus
Wayfair,Sliding Window Maximum,53.9,https://leetcode.com/problems/sliding-window-maximum
Waymo,Max Points on a Line,100,https://leetcode.com/problems/max-points-on-a-line
Waymo,Number of Islands,77.5,https://leetcode.com/problems/number-of-islands
Waymo,Meeting Rooms II,77.5,https://leetcode.com/problems/meeting-rooms-ii
Waymo,Shortest Distance from All Buildings,71.1,https://leetcode.com/problems/shortest-distance-from-all-buildings
Waymo,Minimum Knight Moves,71.1,https://leetcode.com/problems/minimum-knight-moves
Waymo,Possible Bipartition,62.1,https://leetcode.com/problems/possible-bipartition
Waymo,Valid Sudoku,62.1,https://leetcode.com/problems/valid-sudoku
Waymo,Divide Array in Sets of K Consecutive Numbers,62.1,https://leetcode.com/problems/divide-array-in-sets-of-k-consecutive-numbers
Waymo,Design Tic-Tac-Toe,62.1,https://leetcode.com/problems/design-tic-tac-toe
Waymo,Find Peak Element,62.1,https://leetcode.com/problems/find-peak-element
Wealthfront,Minimum Number of Steps to Make Two Strings Anagram II,100,https://leetcode.com/problems/minimum-number-of-steps-to-make-two-strings-anagram-ii
Wells Fargo,Shortest and Lexicographically Smallest Beautiful String,100,https://leetcode.com/problems/shortest-and-lexicographically-smallest-beautiful-string
Wells Fargo,Verbal Arithmetic Puzzle,86,https://leetcode.com/problems/verbal-arithmetic-puzzle
Wells Fargo,Find the Safest Path in a Grid,70.1,https://leetcode.com/problems/find-the-safest-path-in-a-grid
Wells Fargo,Minimizing Array After Replacing Pairs With Their Product,70.1,https://leetcode.com/problems/minimizing-array-after-replacing-pairs-with-their-product
Wells Fargo,Maximum Number of Weeks for Which You Can Work,70.1,https://leetcode.com/problems/maximum-number-of-weeks-for-which-you-can-work
Wells Fargo,Count and Say,60.8,https://leetcode.com/problems/count-and-say
Wells Fargo,Best Time to Buy and Sell Stock II,60.8,https://leetcode.com/problems/best-time-to-buy-and-sell-stock-ii
Wells Fargo,Water and Jug Problem,60.8,https://leetcode.com/problems/water-and-jug-problem
Wells Fargo,Product of Array Except Self,60.8,https://leetcode.com/problems/product-of-array-except-self
Wells Fargo,Rotate String,60.8,https://leetcode.com/problems/rotate-string
Wells Fargo,Merge Strings Alternately,60.8,https://leetcode.com/problems/merge-strings-alternately
Wells Fargo,Kth Largest Element in a Stream,60.8,https://leetcode.com/problems/kth-largest-element-in-a-stream
Wells Fargo,Spiral Matrix,60.8,https://leetcode.com/problems/spiral-matrix
Wells Fargo,3Sum,60.8,https://leetcode.com/problems/3sum
Wells Fargo,Longest Common Prefix,60.8,https://leetcode.com/problems/longest-common-prefix
WeRide,Find Edges in Shortest Paths,100,https://leetcode.com/problems/find-edges-in-shortest-paths
WeRide,Maximize Greatness of an Array,85.3,https://leetcode.com/problems/maximize-greatness-of-an-array
WeRide,Maximum Profit in Job Scheduling,80.6,https://leetcode.com/problems/maximum-profit-in-job-scheduling
WeRide,Longest Increasing Path in a Matrix,74.5,https://leetcode.com/problems/longest-increasing-path-in-a-matrix
WeRide,Swim in Rising Water,65.9,https://leetcode.com/problems/swim-in-rising-water
WeRide,Text Justification,65.9,https://leetcode.com/problems/text-justification
Western Digital,Two Sum,100,https://leetcode.com/problems/two-sum
Whatnot,Number of Islands,100,https://leetcode.com/problems/number-of-islands
Whatnot,Valid Palindrome II,100,https://leetcode.com/problems/valid-palindrome-ii
Whatnot,Group Anagrams,87.8,https://leetcode.com/problems/group-anagrams
Whatnot,Remove All Adjacent Duplicates In String,87.8,https://leetcode.com/problems/remove-all-adjacent-duplicates-in-string
Whatnot,Search a 2D Matrix II,78.1,https://leetcode.com/problems/search-a-2d-matrix-ii
Whatnot,Word Search,78.1,https://leetcode.com/problems/word-search
Whatnot,Squares of a Sorted Array,78.1,https://leetcode.com/problems/squares-of-a-sorted-array
WinZO,Smallest Range Covering Elements from K Lists,100,https://leetcode.com/problems/smallest-range-covering-elements-from-k-lists
WinZO,Regular Expression Matching,83.1,https://leetcode.com/problems/regular-expression-matching
WinZO,Domino and Tromino Tiling,83.1,https://leetcode.com/problems/domino-and-tromino-tiling
WinZO,IPO,83.1,https://leetcode.com/problems/ipo
Wipro,Two Sum,100,https://leetcode.com/problems/two-sum
Wipro,Minimum Moves to Capture The Queen,100,https://leetcode.com/problems/minimum-moves-to-capture-the-queen
Wipro,Reverse Integer,82.8,https://leetcode.com/problems/reverse-integer
Wipro,Second Highest Salary,77.2,https://leetcode.com/problems/second-highest-salary
Wipro,Median of Two Sorted Arrays,77.2,https://leetcode.com/problems/median-of-two-sorted-arrays
Wipro,Remove Duplicates from Sorted Array,77.2,https://leetcode.com/problems/remove-duplicates-from-sorted-array
Wipro,Count Primes,77.2,https://leetcode.com/problems/count-primes
Wipro,Valid Anagram,70.1,https://leetcode.com/problems/valid-anagram
Wipro,Kth Largest Element in an Array,70.1,https://leetcode.com/problems/kth-largest-element-in-an-array
Wipro,Longest Substring Without Repeating Characters,70.1,https://leetcode.com/problems/longest-substring-without-repeating-characters
Wipro,Rotate Array,70.1,https://leetcode.com/problems/rotate-array
Wipro,Valid Palindrome,70.1,https://leetcode.com/problems/valid-palindrome
Wipro,Valid Parentheses,70.1,https://leetcode.com/problems/valid-parentheses
Wipro,Palindrome Number,70.1,https://leetcode.com/problems/palindrome-number
Wipro,Linked List Cycle,60.1,https://leetcode.com/problems/linked-list-cycle
Wipro,Merge Sorted Array,60.1,https://leetcode.com/problems/merge-sorted-array
Wipro,Article Views I,60.1,https://leetcode.com/problems/article-views-i
Wipro,Binary Search,60.1,https://leetcode.com/problems/binary-search
Wipro,Jump Game,60.1,https://leetcode.com/problems/jump-game
Wipro,Roman to Integer,60.1,https://leetcode.com/problems/roman-to-integer
Wipro,Climbing Stairs,60.1,https://leetcode.com/problems/climbing-stairs
Wipro,Sort Characters By Frequency,60.1,https://leetcode.com/problems/sort-characters-by-frequency
Wipro,Create Hello World Function,60.1,https://leetcode.com/problems/create-hello-world-function
Wipro,Power of Two,60.1,https://leetcode.com/problems/power-of-two
Wipro,Group Anagrams,60.1,https://leetcode.com/problems/group-anagrams
Wise,Maximal Square,100,https://leetcode.com/problems/maximal-square
Wise,Subarray Product Less Than K,73.5,https://leetcode.com/problems/subarray-product-less-than-k
Wise,Two Sum,60.2,https://leetcode.com/problems/two-sum
Wise,Max Area of Island,60.2,https://leetcode.com/problems/max-area-of-island
Wise,Roman to Integer,60.2,https://leetcode.com/problems/roman-to-integer
Wish,Find Servers That Handled Most Number of Requests,100,https://leetcode.com/problems/find-servers-that-handled-most-number-of-requests
Wish,Rabbits in Forest,100,https://leetcode.com/problems/rabbits-in-forest
Wish,Monthly Transactions I,100,https://leetcode.com/problems/monthly-transactions-i
Wish,Monthly Transactions II,100,https://leetcode.com/problems/monthly-transactions-ii
Wissen Technology,Two Sum,100,https://leetcode.com/problems/two-sum
Wissen Technology,Reverse Words in a String III,89.3,https://leetcode.com/problems/reverse-words-in-a-string-iii
Wissen Technology,Longest Consecutive Sequence,89.3,https://leetcode.com/problems/longest-consecutive-sequence
Wix,Integer to Roman,100,https://leetcode.com/problems/integer-to-roman
Wix,Merge Intervals,91.3,https://leetcode.com/problems/merge-intervals
Wix,Number of Islands,91.3,https://leetcode.com/problems/number-of-islands
Wix,Longest Palindromic Substring,89.1,https://leetcode.com/problems/longest-palindromic-substring
Wix,Container With Most Water,89.1,https://leetcode.com/problems/container-with-most-water
Wix,Add Two Numbers,86.7,https://leetcode.com/problems/add-two-numbers
Wix,Unique Email Addresses,86.7,https://leetcode.com/problems/unique-email-addresses
Wix,Binary Tree Maximum Path Sum,86.7,https://leetcode.com/problems/binary-tree-maximum-path-sum
Wix,All Nodes Distance K in Binary Tree,86.7,https://leetcode.com/problems/all-nodes-distance-k-in-binary-tree
Wix,Clone Graph,86.7,https://leetcode.com/problems/clone-graph
Wix,Is Subsequence,86.7,https://leetcode.com/problems/is-subsequence
Wix,Employees Earning More Than Their Managers,86.7,https://leetcode.com/problems/employees-earning-more-than-their-managers
Wix,Verifying an Alien Dictionary,86.7,https://leetcode.com/problems/verifying-an-alien-dictionary
Wix,Binary Tree Right Side View,86.7,https://leetcode.com/problems/binary-tree-right-side-view
Wix,Longest String Chain,86.7,https://leetcode.com/problems/longest-string-chain
Wix,Lowest Common Ancestor of a Binary Tree,86.7,https://leetcode.com/problems/lowest-common-ancestor-of-a-binary-tree
Wix,Shortest Word Distance,86.7,https://leetcode.com/problems/shortest-word-distance
Wix,K Closest Points to Origin,86.7,https://leetcode.com/problems/k-closest-points-to-origin
Wix,Invalid Transactions,86.7,https://leetcode.com/problems/invalid-transactions
Wix,Group Shifted Strings,86.7,https://leetcode.com/problems/group-shifted-strings
Wix,Search Suggestions System,86.7,https://leetcode.com/problems/search-suggestions-system
Wix,Copy List with Random Pointer,86.7,https://leetcode.com/problems/copy-list-with-random-pointer
Wix,Validate Binary Search Tree,86.7,https://leetcode.com/problems/validate-binary-search-tree
Wix,Design HashSet,86.7,https://leetcode.com/problems/design-hashset
Wix,Intersection of Two Arrays,86.7,https://leetcode.com/problems/intersection-of-two-arrays
Wix,3Sum,86.7,https://leetcode.com/problems/3sum
Wix,Merge Two Sorted Lists,86.7,https://leetcode.com/problems/merge-two-sorted-lists
Wix,Move Zeroes,86.7,https://leetcode.com/problems/move-zeroes
Wix,Diameter of Binary Tree,86.7,https://leetcode.com/problems/diameter-of-binary-tree
Wix,Minimum Distance Between BST Nodes,86.7,https://leetcode.com/problems/minimum-distance-between-bst-nodes
Wix,Trapping Rain Water,86.7,https://leetcode.com/problems/trapping-rain-water
Wix,Alien Dictionary,86.7,https://leetcode.com/problems/alien-dictionary
Wix,"Pow(x, n)",86.7,https://leetcode.com/problems/powx-n
Wix,Unique Morse Code Words,86.7,https://leetcode.com/problems/unique-morse-code-words
Wix,Subdomain Visit Count,86.7,https://leetcode.com/problems/subdomain-visit-count
Wix,Palindrome Pairs,86.7,https://leetcode.com/problems/palindrome-pairs
Wix,Power of Four,86.7,https://leetcode.com/problems/power-of-four
Wix,Maximum Subarray,86.7,https://leetcode.com/problems/maximum-subarray
Wix,Median of Two Sorted Arrays,84.1,https://leetcode.com/problems/median-of-two-sorted-arrays
Wix,Strong Password Checker,81.1,https://leetcode.com/problems/strong-password-checker
Wix,Rotting Oranges,81.1,https://leetcode.com/problems/rotting-oranges
Wix,Decode String,77.8,https://leetcode.com/problems/decode-string
Wix,Subsets,69.4,https://leetcode.com/problems/subsets
Wix,Word Search II,69.4,https://leetcode.com/problems/word-search-ii
Wix,Roman to Integer,69.4,https://leetcode.com/problems/roman-to-integer
Wix,Escape The Ghosts,63.8,https://leetcode.com/problems/escape-the-ghosts
Wix,As Far from Land as Possible,63.8,https://leetcode.com/problems/as-far-from-land-as-possible
Wix,Reconstruct Original Digits from English,63.8,https://leetcode.com/problems/reconstruct-original-digits-from-english
Wix,Word Search,56.6,https://leetcode.com/problems/word-search
Wix,Find Peak Element,46.6,https://leetcode.com/problems/find-peak-element
Wix,Count and Say,46.6,https://leetcode.com/problems/count-and-say
Wix,Pascal's Triangle,46.6,https://leetcode.com/problems/pascals-triangle
Wix,Minimum Time Takes to Reach Destination Without Drowning,46.6,https://leetcode.com/problems/minimum-time-takes-to-reach-destination-without-drowning
Wix,Valid Parentheses,46.6,https://leetcode.com/problems/valid-parentheses
Wix,Lowest Common Ancestor of a Binary Tree III,46.6,https://leetcode.com/problems/lowest-common-ancestor-of-a-binary-tree-iii
Wix,Two Sum,46.6,https://leetcode.com/problems/two-sum
Wix,Shortest Distance from All Buildings,46.6,https://leetcode.com/problems/shortest-distance-from-all-buildings
Workday,Group Anagrams,100,https://leetcode.com/problems/group-anagrams
Workday,Reaching Points,88,https://leetcode.com/problems/reaching-points
Workday,Serialize and Deserialize Binary Tree,88,https://leetcode.com/problems/serialize-and-deserialize-binary-tree
Workday,Merge Intervals,88,https://leetcode.com/problems/merge-intervals
Workday,Convert Binary Number in a Linked List to Integer,88,https://leetcode.com/problems/convert-binary-number-in-a-linked-list-to-integer
Workday,LRU Cache,88,https://leetcode.com/problems/lru-cache
Workday,Course Schedule II,88,https://leetcode.com/problems/course-schedule-ii
Workday,Permutations,88,https://leetcode.com/problems/permutations
Works Applications,3Sum,100,https://leetcode.com/problems/3sum
Works Applications,Course Schedule III,100,https://leetcode.com/problems/course-schedule-iii
Works Applications,K Inverse Pairs Array,100,https://leetcode.com/problems/k-inverse-pairs-array
Works Applications,Largest Number,100,https://leetcode.com/problems/largest-number
WorldQuant,Meeting Rooms II,100,https://leetcode.com/problems/meeting-rooms-ii
WorldQuant,Regular Expression Matching,89.7,https://leetcode.com/problems/regular-expression-matching
WorldQuant,Minimum Number of Visited Cells in a Grid,89.7,https://leetcode.com/problems/minimum-number-of-visited-cells-in-a-grid
WorldQuant,Find Median from Data Stream,89.7,https://leetcode.com/problems/find-median-from-data-stream
X,Insert Delete GetRandom O(1),100,https://leetcode.com/problems/insert-delete-getrandom-o1
X,Flatten Nested List Iterator,96.3,https://leetcode.com/problems/flatten-nested-list-iterator
X,Trapping Rain Water,96.3,https://leetcode.com/problems/trapping-rain-water
X,Design Twitter,94.2,https://leetcode.com/problems/design-twitter
X,Tweet Counts Per Frequency,94.2,https://leetcode.com/problems/tweet-counts-per-frequency
X,Merge Intervals,94.2,https://leetcode.com/problems/merge-intervals
X,Implement Trie (Prefix Tree),94.2,https://leetcode.com/problems/implement-trie-prefix-tree
X,Best Meeting Point,91.9,https://leetcode.com/problems/best-meeting-point
X,LRU Cache,91.9,https://leetcode.com/problems/lru-cache
X,Investments in 2016,91.9,https://leetcode.com/problems/investments-in-2016
X,Customer Placing the Largest Number of Orders,89.4,https://leetcode.com/problems/customer-placing-the-largest-number-of-orders
X,Minimum Genetic Mutation,89.4,https://leetcode.com/problems/minimum-genetic-mutation
X,Minimum Number of Steps to Make Two Strings Anagram,89.4,https://leetcode.com/problems/minimum-number-of-steps-to-make-two-strings-anagram
X,Validate IP Address,89.4,https://leetcode.com/problems/validate-ip-address
X,Count Student Number in Departments,89.4,https://leetcode.com/problems/count-student-number-in-departments
X,Rectangles Area,89.4,https://leetcode.com/problems/rectangles-area
X,Invalid Tweets,89.4,https://leetcode.com/problems/invalid-tweets
X,Tree Node,89.4,https://leetcode.com/problems/tree-node
X,Number of Black Blocks,89.4,https://leetcode.com/problems/number-of-black-blocks
X,Masking Personal Information,89.4,https://leetcode.com/problems/masking-personal-information
X,Design Authentication Manager,89.4,https://leetcode.com/problems/design-authentication-manager
X,Minimum Elements to Add to Form a Given Sum,89.4,https://leetcode.com/problems/minimum-elements-to-add-to-form-a-given-sum
X,Binary Gap,89.4,https://leetcode.com/problems/binary-gap
X,Finding the Users Active Minutes,89.4,https://leetcode.com/problems/finding-the-users-active-minutes
X,Process Tasks Using Servers,89.4,https://leetcode.com/problems/process-tasks-using-servers
X,Remove All Occurrences of a Substring,89.4,https://leetcode.com/problems/remove-all-occurrences-of-a-substring
X,Count Sub Islands,89.4,https://leetcode.com/problems/count-sub-islands
X,Trapping Rain Water II,89.4,https://leetcode.com/problems/trapping-rain-water-ii
X,Regular Expression Matching,89.4,https://leetcode.com/problems/regular-expression-matching
X,Kth Smallest Element in a Sorted Matrix,89.4,https://leetcode.com/problems/kth-smallest-element-in-a-sorted-matrix
X,Integer to Roman,89.4,https://leetcode.com/problems/integer-to-roman
X,Valid Parentheses,89.4,https://leetcode.com/problems/valid-parentheses
X,Merge k Sorted Lists,89.4,https://leetcode.com/problems/merge-k-sorted-lists
X,Multiply Strings,89.4,https://leetcode.com/problems/multiply-strings
X,Wildcard Matching,89.4,https://leetcode.com/problems/wildcard-matching
X,Permutation Sequence,89.4,https://leetcode.com/problems/permutation-sequence
X,Pascal's Triangle,89.4,https://leetcode.com/problems/pascals-triangle
X,Word Break II,89.4,https://leetcode.com/problems/word-break-ii
X,Time Needed to Buy Tickets,89.4,https://leetcode.com/problems/time-needed-to-buy-tickets
X,Max Points on a Line,89.4,https://leetcode.com/problems/max-points-on-a-line
X,One Edit Distance,89.4,https://leetcode.com/problems/one-edit-distance
X,Happy Number,89.4,https://leetcode.com/problems/happy-number
X,Reverse Linked List,89.4,https://leetcode.com/problems/reverse-linked-list
X,The Skyline Problem,89.4,https://leetcode.com/problems/the-skyline-problem
X,Lowest Common Ancestor of a Binary Search Tree,89.4,https://leetcode.com/problems/lowest-common-ancestor-of-a-binary-search-tree
X,Flatten 2D Vector,89.4,https://leetcode.com/problems/flatten-2d-vector
X,Alien Dictionary,89.4,https://leetcode.com/problems/alien-dictionary
X,Design Skiplist,89.4,https://leetcode.com/problems/design-skiplist
X,Number of Connected Components in an Undirected Graph,89.4,https://leetcode.com/problems/number-of-connected-components-in-an-undirected-graph
X,Random Pick with Weight,47.6,https://leetcode.com/problems/random-pick-with-weight
X,Number of Islands,47.6,https://leetcode.com/problems/number-of-islands
X,Rotting Oranges,47.6,https://leetcode.com/problems/rotting-oranges
Yahoo,Two Sum,100,https://leetcode.com/problems/two-sum
Yahoo,Longest Substring Without Repeating Characters,75.8,https://leetcode.com/problems/longest-substring-without-repeating-characters
Yahoo,Container With Most Water,73.8,https://leetcode.com/problems/container-with-most-water
Yahoo,Roman to Integer,72.7,https://leetcode.com/problems/roman-to-integer
Yahoo,Maximum Depth of Binary Tree,71.5,https://leetcode.com/problems/maximum-depth-of-binary-tree
Yahoo,Median of Two Sorted Arrays,70.3,https://leetcode.com/problems/median-of-two-sorted-arrays
Yahoo,Remove Duplicates from Sorted Array,70.3,https://leetcode.com/problems/remove-duplicates-from-sorted-array
Yahoo,3Sum,70.3,https://leetcode.com/problems/3sum
Yahoo,Add Two Numbers,69,https://leetcode.com/problems/add-two-numbers
Yahoo,Merge Sorted Array,69,https://leetcode.com/problems/merge-sorted-array
Yahoo,LRU Cache,67.7,https://leetcode.com/problems/lru-cache
Yahoo,Longest Palindromic Substring,67.7,https://leetcode.com/problems/longest-palindromic-substring
Yahoo,Rotate Image,64.6,https://leetcode.com/problems/rotate-image
Yahoo,Word Break,64.6,https://leetcode.com/problems/word-break
Yahoo,Best Time to Buy and Sell Stock,64.6,https://leetcode.com/problems/best-time-to-buy-and-sell-stock
Yahoo,Merge Two Sorted Lists,62.9,https://leetcode.com/problems/merge-two-sorted-lists
Yahoo,Valid Parentheses,62.9,https://leetcode.com/problems/valid-parentheses
Yahoo,Linked List Cycle,62.9,https://leetcode.com/problems/linked-list-cycle
Yahoo,Climbing Stairs,62.9,https://leetcode.com/problems/climbing-stairs
Yahoo,Longest Common Prefix,62.9,https://leetcode.com/problems/longest-common-prefix
Yahoo,Palindrome Number,62.9,https://leetcode.com/problems/palindrome-number
Yahoo,Merge Intervals,61.1,https://leetcode.com/problems/merge-intervals
Yahoo,Generate Parentheses,61.1,https://leetcode.com/problems/generate-parentheses
Yahoo,Jump Game,59.1,https://leetcode.com/problems/jump-game
Yahoo,Spiral Matrix,56.9,https://leetcode.com/problems/spiral-matrix
Yahoo,Group Anagrams,54.4,https://leetcode.com/problems/group-anagrams
Yahoo,Trapping Rain Water,54.4,https://leetcode.com/problems/trapping-rain-water
Yahoo,Search Insert Position,54.4,https://leetcode.com/problems/search-insert-position
Yahoo,Remove Element,54.4,https://leetcode.com/problems/remove-element
Yahoo,Combination Sum,51.6,https://leetcode.com/problems/combination-sum
Yahoo,Plus One,51.6,https://leetcode.com/problems/plus-one
Yahoo,Find the Index of the First Occurrence in a String,51.6,https://leetcode.com/problems/find-the-index-of-the-first-occurrence-in-a-string
Yahoo,Count and Say,51.6,https://leetcode.com/problems/count-and-say
Yahoo,Reverse Integer,51.6,https://leetcode.com/problems/reverse-integer
Yahoo,Find First and Last Position of Element in Sorted Array,51.6,https://leetcode.com/problems/find-first-and-last-position-of-element-in-sorted-array
Yahoo,Subsets,51.6,https://leetcode.com/problems/subsets
Yahoo,Sqrt(x),48.3,https://leetcode.com/problems/sqrtx
Yahoo,Set Matrix Zeroes,48.3,https://leetcode.com/problems/set-matrix-zeroes
Yahoo,Letter Combinations of a Phone Number,48.3,https://leetcode.com/problems/letter-combinations-of-a-phone-number
Yahoo,Divide Two Integers,48.3,https://leetcode.com/problems/divide-two-integers
Yahoo,Pascal's Triangle,48.3,https://leetcode.com/problems/pascals-triangle
Yahoo,Maximum Subarray,48.3,https://leetcode.com/problems/maximum-subarray
Yahoo,Binary Tree Level Order Traversal,44.5,https://leetcode.com/problems/binary-tree-level-order-traversal
Yahoo,Zigzag Conversion,44.5,https://leetcode.com/problems/zigzag-conversion
Yahoo,Next Permutation,44.5,https://leetcode.com/problems/next-permutation
Yahoo,Regular Expression Matching,44.5,https://leetcode.com/problems/regular-expression-matching
Yahoo,"Pow(x, n)",44.5,https://leetcode.com/problems/powx-n
Yahoo,Valid Palindrome,44.5,https://leetcode.com/problems/valid-palindrome
Yahoo,Largest Rectangle in Histogram,44.5,https://leetcode.com/problems/largest-rectangle-in-histogram
Yahoo,Gas Station,39.9,https://leetcode.com/problems/gas-station
Yahoo,Sort Colors,39.9,https://leetcode.com/problems/sort-colors
Yahoo,Length of Last Word,39.9,https://leetcode.com/problems/length-of-last-word
Yahoo,Search in Rotated Sorted Array,39.9,https://leetcode.com/problems/search-in-rotated-sorted-array
Yahoo,3Sum Closest,39.9,https://leetcode.com/problems/3sum-closest
Yahoo,Permutations,39.9,https://leetcode.com/problems/permutations
Yahoo,Longest Consecutive Sequence,39.9,https://leetcode.com/problems/longest-consecutive-sequence
Yahoo,Single Number,39.9,https://leetcode.com/problems/single-number
Yahoo,Validate Binary Search Tree,39.9,https://leetcode.com/problems/validate-binary-search-tree
Yahoo,Recover Binary Search Tree,39.9,https://leetcode.com/problems/recover-binary-search-tree
Yahoo,Search a 2D Matrix,39.9,https://leetcode.com/problems/search-a-2d-matrix
Yahoo,Maximum Product Subarray,34,https://leetcode.com/problems/maximum-product-subarray
Yahoo,Symmetric Tree,34,https://leetcode.com/problems/symmetric-tree
Yahoo,Best Time to Buy and Sell Stock II,34,https://leetcode.com/problems/best-time-to-buy-and-sell-stock-ii
Yahoo,Binary Tree Preorder Traversal,34,https://leetcode.com/problems/binary-tree-preorder-traversal
Yahoo,Unique Paths,34,https://leetcode.com/problems/unique-paths
Yahoo,Remove Duplicates from Sorted Array II,34,https://leetcode.com/problems/remove-duplicates-from-sorted-array-ii
Yahoo,String to Integer (atoi),34,https://leetcode.com/problems/string-to-integer-atoi
Yahoo,Valid Sudoku,34,https://leetcode.com/problems/valid-sudoku
Yahoo,Integer to Roman,34,https://leetcode.com/problems/integer-to-roman
Yahoo,4Sum,34,https://leetcode.com/problems/4sum
Yahoo,Remove Nth Node From End of List,34,https://leetcode.com/problems/remove-nth-node-from-end-of-list
Yahoo,Sudoku Solver,34,https://leetcode.com/problems/sudoku-solver
Yahoo,Search in Rotated Sorted Array II,25.9,https://leetcode.com/problems/search-in-rotated-sorted-array-ii
Yahoo,Reverse Nodes in k-Group,25.9,https://leetcode.com/problems/reverse-nodes-in-k-group
Yahoo,Palindrome Partitioning,25.9,https://leetcode.com/problems/palindrome-partitioning
Yahoo,Clone Graph,25.9,https://leetcode.com/problems/clone-graph
Yahoo,Longest Valid Parentheses,25.9,https://leetcode.com/problems/longest-valid-parentheses
Yahoo,Merge k Sorted Lists,25.9,https://leetcode.com/problems/merge-k-sorted-lists
Yahoo,Single Number II,25.9,https://leetcode.com/problems/single-number-ii
Yahoo,Copy List with Random Pointer,25.9,https://leetcode.com/problems/copy-list-with-random-pointer
Yahoo,Reorder List,25.9,https://leetcode.com/problems/reorder-list
Yahoo,Sort List,25.9,https://leetcode.com/problems/sort-list
Yahoo,Word Ladder,25.9,https://leetcode.com/problems/word-ladder
Yahoo,N-Queens,25.9,https://leetcode.com/problems/n-queens
Yahoo,Maximal Rectangle,25.9,https://leetcode.com/problems/maximal-rectangle
Yahoo,Insert Interval,25.9,https://leetcode.com/problems/insert-interval
Yahoo,Pascal's Triangle II,25.9,https://leetcode.com/problems/pascals-triangle-ii
Yahoo,Rotate List,25.9,https://leetcode.com/problems/rotate-list
Yahoo,Flatten Binary Tree to Linked List,25.9,https://leetcode.com/problems/flatten-binary-tree-to-linked-list
Yahoo,Construct Binary Tree from Preorder and Inorder Traversal,25.9,https://leetcode.com/problems/construct-binary-tree-from-preorder-and-inorder-traversal
Yahoo,Unique Paths II,25.9,https://leetcode.com/problems/unique-paths-ii
Yahoo,Minimum Path Sum,25.9,https://leetcode.com/problems/minimum-path-sum
Yahoo,Simplify Path,25.9,https://leetcode.com/problems/simplify-path
Yahoo,Same Tree,25.9,https://leetcode.com/problems/same-tree
Yahoo,Edit Distance,25.9,https://leetcode.com/problems/edit-distance
Yahoo,Minimum Window Substring,25.9,https://leetcode.com/problems/minimum-window-substring
Yahoo,Interleaving String,25.9,https://leetcode.com/problems/interleaving-string
Yahoo,Unique Binary Search Trees,25.9,https://leetcode.com/problems/unique-binary-search-trees
Yahoo,Reverse Linked List II,25.9,https://leetcode.com/problems/reverse-linked-list-ii
Yahoo,Find Minimum in Rotated Sorted Array,25.9,https://leetcode.com/problems/find-minimum-in-rotated-sorted-array
Yandex,Longest Subarray of 1's After Deleting One Element,100,https://leetcode.com/problems/longest-subarray-of-1s-after-deleting-one-element
Yandex,Summary Ranges,95.2,https://leetcode.com/problems/summary-ranges
Yandex,String Compression,89.2,https://leetcode.com/problems/string-compression
Yandex,Find K Closest Elements,88.3,https://leetcode.com/problems/find-k-closest-elements
Yandex,Isomorphic Strings,83.9,https://leetcode.com/problems/isomorphic-strings
Yandex,Subarray Sum Equals K,82.3,https://leetcode.com/problems/subarray-sum-equals-k
Yandex,Permutation in String,81.9,https://leetcode.com/problems/permutation-in-string
Yandex,Insert Delete GetRandom O(1),81,https://leetcode.com/problems/insert-delete-getrandom-o1
Yandex,Valid Palindrome,81,https://leetcode.com/problems/valid-palindrome
Yandex,Move Zeroes,80.6,https://leetcode.com/problems/move-zeroes
Yandex,Line Reflection,80.1,https://leetcode.com/problems/line-reflection
Yandex,Longest Substring Without Repeating Characters,79.7,https://leetcode.com/problems/longest-substring-without-repeating-characters
Yandex,Merge Intervals,77.6,https://leetcode.com/problems/merge-intervals
Yandex,Group Anagrams,76.6,https://leetcode.com/problems/group-anagrams
Yandex,Two Sum,74.8,https://leetcode.com/problems/two-sum
Yandex,Number of Islands,73.5,https://leetcode.com/problems/number-of-islands
Yandex,Valid Parentheses,72.9,https://leetcode.com/problems/valid-parentheses
Yandex,One Edit Distance,72.9,https://leetcode.com/problems/one-edit-distance
Yandex,Valid Palindrome II,72.2,https://leetcode.com/problems/valid-palindrome-ii
Yandex,Interval List Intersections,69.9,https://leetcode.com/problems/interval-list-intersections
Yandex,Trapping Rain Water,67.4,https://leetcode.com/problems/trapping-rain-water
Yandex,Find All Anagrams in a String,65.4,https://leetcode.com/problems/find-all-anagrams-in-a-string
Yandex,Min Stack,65.4,https://leetcode.com/problems/min-stack
Yandex,Longest Palindromic Substring,65.4,https://leetcode.com/problems/longest-palindromic-substring
Yandex,Merge Sorted Array,64.4,https://leetcode.com/problems/merge-sorted-array
Yandex,Design an ATM Machine,62.2,https://leetcode.com/problems/design-an-atm-machine
Yandex,Generate Parentheses,62.2,https://leetcode.com/problems/generate-parentheses
Yandex,Design Hit Counter,59.6,https://leetcode.com/problems/design-hit-counter
Yandex,LRU Cache,58.2,https://leetcode.com/problems/lru-cache
Yandex,Evaluate Reverse Polish Notation,58.2,https://leetcode.com/problems/evaluate-reverse-polish-notation
Yandex,Is Subsequence,58.2,https://leetcode.com/problems/is-subsequence
Yandex,Validate Binary Search Tree,56.7,https://leetcode.com/problems/validate-binary-search-tree
Yandex,Merge Two Sorted Lists,56.7,https://leetcode.com/problems/merge-two-sorted-lists
Yandex,Longest Substring with At Most K Distinct Characters,56.7,https://leetcode.com/problems/longest-substring-with-at-most-k-distinct-characters
Yandex,Minimum Window Substring,55,https://leetcode.com/problems/minimum-window-substring
Yandex,Binary Tree Right Side View,55,https://leetcode.com/problems/binary-tree-right-side-view
Yandex,Best Time to Buy and Sell Stock,55,https://leetcode.com/problems/best-time-to-buy-and-sell-stock
Yandex,Destination City,55,https://leetcode.com/problems/destination-city
Yandex,Reconstruct Itinerary,53.2,https://leetcode.com/problems/reconstruct-itinerary
Yandex,Lowest Common Ancestor of a Binary Tree,53.2,https://leetcode.com/problems/lowest-common-ancestor-of-a-binary-tree
Yandex,Max Consecutive Ones III,53.2,https://leetcode.com/problems/max-consecutive-ones-iii
Yandex,Simplify Path,53.2,https://leetcode.com/problems/simplify-path
Yandex,Merge k Sorted Lists,53.2,https://leetcode.com/problems/merge-k-sorted-lists
Yandex,Find Duplicate Subtrees,53.2,https://leetcode.com/problems/find-duplicate-subtrees
Yandex,Median of Two Sorted Arrays,51.2,https://leetcode.com/problems/median-of-two-sorted-arrays
Yandex,Intersection of Two Arrays II,51.2,https://leetcode.com/problems/intersection-of-two-arrays-ii
Yandex,Binary Tree Maximum Path Sum,51.2,https://leetcode.com/problems/binary-tree-maximum-path-sum
Yandex,Search in Rotated Sorted Array,51.2,https://leetcode.com/problems/search-in-rotated-sorted-array
Yandex,Symmetric Tree,51.2,https://leetcode.com/problems/symmetric-tree
Yandex,Container With Most Water,46.4,https://leetcode.com/problems/container-with-most-water
Yandex,Max Consecutive Ones II,43.5,https://leetcode.com/problems/max-consecutive-ones-ii
Yandex,Max Consecutive Ones,43.5,https://leetcode.com/problems/max-consecutive-ones
Yandex,Product of Array Except Self,43.5,https://leetcode.com/problems/product-of-array-except-self
Yandex,Add Two Numbers,43.5,https://leetcode.com/problems/add-two-numbers
Yandex,Single Number,43.5,https://leetcode.com/problems/single-number
Yandex,Candy,43.5,https://leetcode.com/problems/candy
Yandex,Remove Element,43.5,https://leetcode.com/problems/remove-element
Yandex,Longest Increasing Subsequence,40.1,https://leetcode.com/problems/longest-increasing-subsequence
Yandex,Longest Repeating Character Replacement,40.1,https://leetcode.com/problems/longest-repeating-character-replacement
Yandex,Longest Substring with At Least K Repeating Characters,40.1,https://leetcode.com/problems/longest-substring-with-at-least-k-repeating-characters
Yandex,Intersection of Two Arrays,40.1,https://leetcode.com/problems/intersection-of-two-arrays
Yandex,Perfect Squares,40.1,https://leetcode.com/problems/perfect-squares
Yandex,Find Minimum in Rotated Sorted Array,40.1,https://leetcode.com/problems/find-minimum-in-rotated-sorted-array
Yandex,Valid Anagram,40.1,https://leetcode.com/problems/valid-anagram
Yandex,Lowest Common Ancestor of a Binary Search Tree,40.1,https://leetcode.com/problems/lowest-common-ancestor-of-a-binary-search-tree
Yandex,Continuous Subarray Sum,40.1,https://leetcode.com/problems/continuous-subarray-sum
Yandex,Meeting Rooms II,35.9,https://leetcode.com/problems/meeting-rooms-ii
Yandex,Binary Tree Zigzag Level Order Traversal,35.9,https://leetcode.com/problems/binary-tree-zigzag-level-order-traversal
Yandex,Kth Largest Element in an Array,35.9,https://leetcode.com/problems/kth-largest-element-in-an-array
Yandex,Balanced Binary Tree,35.9,https://leetcode.com/problems/balanced-binary-tree
Yandex,Palindrome Number,35.9,https://leetcode.com/problems/palindrome-number
Yandex,Best Time to Buy and Sell Stock II,35.9,https://leetcode.com/problems/best-time-to-buy-and-sell-stock-ii
Yandex,Reverse Integer,35.9,https://leetcode.com/problems/reverse-integer
Yandex,Two Sum II - Input Array Is Sorted,35.9,https://leetcode.com/problems/two-sum-ii-input-array-is-sorted
Yandex,First Unique Character in a String,35.9,https://leetcode.com/problems/first-unique-character-in-a-string
Yandex,Can Place Flowers,30.6,https://leetcode.com/problems/can-place-flowers
Yandex,Reverse Words in a String III,30.6,https://leetcode.com/problems/reverse-words-in-a-string-iii
Yandex,Top K Frequent Words,30.6,https://leetcode.com/problems/top-k-frequent-words
Yandex,Flatten Nested List Iterator,30.6,https://leetcode.com/problems/flatten-nested-list-iterator
Yandex,Sort the Matrix Diagonally,30.6,https://leetcode.com/problems/sort-the-matrix-diagonally
Yandex,Contains Duplicate,30.6,https://leetcode.com/problems/contains-duplicate
Yandex,Reverse Linked List,30.6,https://leetcode.com/problems/reverse-linked-list
Yandex,Top K Frequent Elements,30.6,https://leetcode.com/problems/top-k-frequent-elements
Yandex,Remove Duplicates from Sorted Array II,30.6,https://leetcode.com/problems/remove-duplicates-from-sorted-array-ii
Yandex,Find the Difference of Two Arrays,23.3,https://leetcode.com/problems/find-the-difference-of-two-arrays
Yandex,Search a 2D Matrix,23.3,https://leetcode.com/problems/search-a-2d-matrix
Yandex,3Sum,23.3,https://leetcode.com/problems/3sum
Yandex,Find the Index of the First Occurrence in a String,23.3,https://leetcode.com/problems/find-the-index-of-the-first-occurrence-in-a-string
Yandex,Robot Return to Origin,23.3,https://leetcode.com/problems/robot-return-to-origin
Yandex,Rotate Image,23.3,https://leetcode.com/problems/rotate-image
Yandex,Climbing Stairs,23.3,https://leetcode.com/problems/climbing-stairs
Yandex,Path Crossing,23.3,https://leetcode.com/problems/path-crossing
Yandex,Longest Consecutive Sequence,23.3,https://leetcode.com/problems/longest-consecutive-sequence
Yandex,Maximum Depth of Binary Tree,23.3,https://leetcode.com/problems/maximum-depth-of-binary-tree
Yandex,Majority Element,23.3,https://leetcode.com/problems/majority-element
Yandex,Contains Duplicate III,23.3,https://leetcode.com/problems/contains-duplicate-iii
Yandex,Palindrome Linked List,23.3,https://leetcode.com/problems/palindrome-linked-list
Yandex,Non-overlapping Intervals,23.3,https://leetcode.com/problems/non-overlapping-intervals
Yandex,Palindrome Pairs,23.3,https://leetcode.com/problems/palindrome-pairs
Yandex,Minimum Size Subarray Sum,23.3,https://leetcode.com/problems/minimum-size-subarray-sum
Yelp,Destination City,100,https://leetcode.com/problems/destination-city
Yelp,"Filter Restaurants by Vegan-Friendly, Price and Distance",100,https://leetcode.com/problems/filter-restaurants-by-vegan-friendly-price-and-distance
Yelp,Course Schedule,100,https://leetcode.com/problems/course-schedule
Yelp,Two Sum,97.5,https://leetcode.com/problems/two-sum
Yelp,Longest Substring Without Repeating Characters,97.5,https://leetcode.com/problems/longest-substring-without-repeating-characters
Yelp,Letter Case Permutation,97.5,https://leetcode.com/problems/letter-case-permutation
Yelp,Top K Frequent Words,97.5,https://leetcode.com/problems/top-k-frequent-words
Yelp,Minimum Index Sum of Two Lists,97.5,https://leetcode.com/problems/minimum-index-sum-of-two-lists
Yelp,Find the Closest Palindrome,97.5,https://leetcode.com/problems/find-the-closest-palindrome
Yelp,Check If a Word Occurs As a Prefix of Any Word in a Sentence,97.5,https://leetcode.com/problems/check-if-a-word-occurs-as-a-prefix-of-any-word-in-a-sentence
Yelp,String Compression,97.5,https://leetcode.com/problems/string-compression
Yelp,Decode String,97.5,https://leetcode.com/problems/decode-string
Yelp,Insert Delete GetRandom O(1) - Duplicates allowed,97.5,https://leetcode.com/problems/insert-delete-getrandom-o1-duplicates-allowed
Yelp,Insert Delete GetRandom O(1),97.5,https://leetcode.com/problems/insert-delete-getrandom-o1
Yelp,Top K Frequent Elements,97.5,https://leetcode.com/problems/top-k-frequent-elements
Yelp,Valid Anagram,97.5,https://leetcode.com/problems/valid-anagram
Yelp,The Skyline Problem,97.5,https://leetcode.com/problems/the-skyline-problem
Yelp,Reverse Linked List,97.5,https://leetcode.com/problems/reverse-linked-list
Yelp,Active Businesses,97.5,https://leetcode.com/problems/active-businesses
Yelp,Reverse Words in a String,97.5,https://leetcode.com/problems/reverse-words-in-a-string
Yelp,Word Ladder,97.5,https://leetcode.com/problems/word-ladder
Yelp,Word Ladder II,97.5,https://leetcode.com/problems/word-ladder-ii
Yelp,Merge Intervals,97.5,https://leetcode.com/problems/merge-intervals
Yelp,Group Anagrams,97.5,https://leetcode.com/problems/group-anagrams
Yelp,Longest Common Prefix,97.5,https://leetcode.com/problems/longest-common-prefix
Yelp,Remove Colored Pieces if Both Neighbors are the Same Color,97.5,https://leetcode.com/problems/remove-colored-pieces-if-both-neighbors-are-the-same-color
Yelp,Random Pick with Weight,79.5,https://leetcode.com/problems/random-pick-with-weight
Yelp,Minimum String Length After Removing Substrings,55.8,https://leetcode.com/problems/minimum-string-length-after-removing-substrings
Yelp,Shortest and Lexicographically Smallest Beautiful String,55.8,https://leetcode.com/problems/shortest-and-lexicographically-smallest-beautiful-string
Yext,Design Tic-Tac-Toe,100,https://leetcode.com/problems/design-tic-tac-toe
Yext,Excel Sheet Column Title,90.1,https://leetcode.com/problems/excel-sheet-column-title
Yext,Integer to English Words,90.1,https://leetcode.com/problems/integer-to-english-words
Yext,Minesweeper,90.1,https://leetcode.com/problems/minesweeper
Zalando,String Without AAA or BBB,100,https://leetcode.com/problems/string-without-aaa-or-bbb
Zalando,LRU Cache,70.3,https://leetcode.com/problems/lru-cache
Zalando,Lemonade Change,70.3,https://leetcode.com/problems/lemonade-change
Zalando,Construct the Longest New String,62.2,https://leetcode.com/problems/construct-the-longest-new-string
Zalando,Merge Intervals,62.2,https://leetcode.com/problems/merge-intervals
Zalando,Largest Number,62.2,https://leetcode.com/problems/largest-number
Zendesk,Categorize Box According to Criteria,100,https://leetcode.com/problems/categorize-box-according-to-criteria
Zendesk,Distribute Money to Maximum Children,100,https://leetcode.com/problems/distribute-money-to-maximum-children
Zendesk,Evaluate Reverse Polish Notation,67.3,https://leetcode.com/problems/evaluate-reverse-polish-notation
Zenefits,Majority Element,100,https://leetcode.com/problems/majority-element
Zenefits,Number of Islands,97.6,https://leetcode.com/problems/number-of-islands
Zenefits,Graph Valid Tree,97.6,https://leetcode.com/problems/graph-valid-tree
Zenefits,Verify Preorder Sequence in Binary Search Tree,97.6,https://leetcode.com/problems/verify-preorder-sequence-in-binary-search-tree
Zenefits,Flatten 2D Vector,97.6,https://leetcode.com/problems/flatten-2d-vector
Zenefits,Sliding Window Maximum,97.6,https://leetcode.com/problems/sliding-window-maximum
Zenefits,Majority Element II,97.6,https://leetcode.com/problems/majority-element-ii
Zenefits,Course Schedule II,97.6,https://leetcode.com/problems/course-schedule-ii
Zenefits,Course Schedule,97.6,https://leetcode.com/problems/course-schedule
Zenefits,Reverse Linked List,97.6,https://leetcode.com/problems/reverse-linked-list
Zenefits,Median of Two Sorted Arrays,97.6,https://leetcode.com/problems/median-of-two-sorted-arrays
Zenefits,Valid Parentheses,97.6,https://leetcode.com/problems/valid-parentheses
Zenefits,Excel Sheet Column Title,97.6,https://leetcode.com/problems/excel-sheet-column-title
Zenefits,Min Stack,97.6,https://leetcode.com/problems/min-stack
Zenefits,LRU Cache,97.6,https://leetcode.com/problems/lru-cache
Zenefits,Valid Palindrome,97.6,https://leetcode.com/problems/valid-palindrome
Zenefits,Convert Sorted List to Binary Search Tree,97.6,https://leetcode.com/problems/convert-sorted-list-to-binary-search-tree
Zenefits,N-Queens II,97.6,https://leetcode.com/problems/n-queens-ii
Zenefits,Trapping Rain Water,97.6,https://leetcode.com/problems/trapping-rain-water
Zenefits,Generate Parentheses,97.6,https://leetcode.com/problems/generate-parentheses
Zenefits,Shortest Distance from All Buildings,97.6,https://leetcode.com/problems/shortest-distance-from-all-buildings
Zepto,Longest Univalue Path,100,https://leetcode.com/problems/longest-univalue-path
Zepto,Merge Intervals,100,https://leetcode.com/problems/merge-intervals
Zepto,Path Sum III,100,https://leetcode.com/problems/path-sum-iii
Zepto,Car Pooling,93.4,https://leetcode.com/problems/car-pooling
Zepto,Largest Rectangle in Histogram,84.8,https://leetcode.com/problems/largest-rectangle-in-histogram
Zepto,Minimum Cost For Tickets,84.8,https://leetcode.com/problems/minimum-cost-for-tickets
Zepto,Find Peak Element,84.8,https://leetcode.com/problems/find-peak-element
Zepto,Koko Eating Bananas,84.8,https://leetcode.com/problems/koko-eating-bananas
Zepto,Sliding Window Maximum,84.8,https://leetcode.com/problems/sliding-window-maximum
Zepto,Longest Consecutive Sequence,84.8,https://leetcode.com/problems/longest-consecutive-sequence
Zepto,Unique Paths II,72.8,https://leetcode.com/problems/unique-paths-ii
Zepto,Rotting Oranges,72.8,https://leetcode.com/problems/rotting-oranges
Zepto,Divide Two Integers,72.8,https://leetcode.com/problems/divide-two-integers
Zepto,Maximum Width Ramp,72.8,https://leetcode.com/problems/maximum-width-ramp
Zepto,Number of Islands,72.8,https://leetcode.com/problems/number-of-islands
Zepto,Next Permutation,72.8,https://leetcode.com/problems/next-permutation
Zepto,Longest Repeating Character Replacement,72.8,https://leetcode.com/problems/longest-repeating-character-replacement
Zepto,Longest Palindromic Substring,72.8,https://leetcode.com/problems/longest-palindromic-substring
Zepto,Search in Rotated Sorted Array,72.8,https://leetcode.com/problems/search-in-rotated-sorted-array
Zepto,Gas Station,72.8,https://leetcode.com/problems/gas-station
Zepto,Word Search,72.8,https://leetcode.com/problems/word-search
Zepto,Rabbits in Forest,72.8,https://leetcode.com/problems/rabbits-in-forest
Zepto,Count Sub Islands,72.8,https://leetcode.com/problems/count-sub-islands
Zepto,Make Array Empty,72.8,https://leetcode.com/problems/make-array-empty
Zepto,Find the Distance Value Between Two Arrays,72.8,https://leetcode.com/problems/find-the-distance-value-between-two-arrays
Zepto,LRU Cache,72.8,https://leetcode.com/problems/lru-cache
Zepto,Open the Lock,72.8,https://leetcode.com/problems/open-the-lock
Zepto,Maximum Sum BST in Binary Tree,72.8,https://leetcode.com/problems/maximum-sum-bst-in-binary-tree
Zepto,Jump Game II,72.8,https://leetcode.com/problems/jump-game-ii
Zepto,Trapping Rain Water,72.8,https://leetcode.com/problems/trapping-rain-water
Zepto,Maximum Good Subarray Sum,72.8,https://leetcode.com/problems/maximum-good-subarray-sum
Zeta,Apply Operations to Make Two Strings Equal,100,https://leetcode.com/problems/apply-operations-to-make-two-strings-equal
Zeta,Split Array Largest Sum,70.6,https://leetcode.com/problems/split-array-largest-sum
Zeta,Task Scheduler,70.6,https://leetcode.com/problems/task-scheduler
Zeta,Evaluate Division,70.6,https://leetcode.com/problems/evaluate-division
Zeta,IPO,70.6,https://leetcode.com/problems/ipo
Zeta,Next Greater Element II,70.6,https://leetcode.com/problems/next-greater-element-ii
Zeta,Insert Delete GetRandom O(1),70.6,https://leetcode.com/problems/insert-delete-getrandom-o1
Zeta,Maximum Profit in Job Scheduling,70.6,https://leetcode.com/problems/maximum-profit-in-job-scheduling
Zeta,Capacity To Ship Packages Within D Days,60.8,https://leetcode.com/problems/capacity-to-ship-packages-within-d-days
Zeta,Longest Valid Parentheses,60.8,https://leetcode.com/problems/longest-valid-parentheses
Zeta,Minimum Window Substring,60.8,https://leetcode.com/problems/minimum-window-substring
Zeta,Count Univalue Subtrees,60.8,https://leetcode.com/problems/count-univalue-subtrees
Zeta,Trapping Rain Water,60.8,https://leetcode.com/problems/trapping-rain-water
Zeta,Minimum Operations to Write the Letter Y on a Grid,60.8,https://leetcode.com/problems/minimum-operations-to-write-the-letter-y-on-a-grid
Zeta,Substring with Concatenation of All Words,60.8,https://leetcode.com/problems/substring-with-concatenation-of-all-words
Zeta,Interleaving String,60.8,https://leetcode.com/problems/interleaving-string
Zeta,Longest Substring Without Repeating Characters,60.8,https://leetcode.com/problems/longest-substring-without-repeating-characters
Zeta,Number of Islands,60.8,https://leetcode.com/problems/number-of-islands
Zeta,Find a Peak Element II,60.8,https://leetcode.com/problems/find-a-peak-element-ii
Zeta,Insert Delete GetRandom O(1) - Duplicates allowed,60.8,https://leetcode.com/problems/insert-delete-getrandom-o1-duplicates-allowed
Zeta,Reverse Nodes in k-Group,60.8,https://leetcode.com/problems/reverse-nodes-in-k-group
zeta suite,Count Equal and Divisible Pairs in an Array,100,https://leetcode.com/problems/count-equal-and-divisible-pairs-in-an-array
zeta suite,Task Scheduler,66.8,https://leetcode.com/problems/task-scheduler
zeta suite,Best Time to Buy and Sell Stock,66.8,https://leetcode.com/problems/best-time-to-buy-and-sell-stock
Zillow,Valid Parentheses,100,https://leetcode.com/problems/valid-parentheses
Zillow,Number of Islands,89.3,https://leetcode.com/problems/number-of-islands
Zillow,Find First and Last Position of Element in Sorted Array,89.3,https://leetcode.com/problems/find-first-and-last-position-of-element-in-sorted-array
ZipRecruiter,Find the Length of the Longest Common Prefix,100,https://leetcode.com/problems/find-the-length-of-the-longest-common-prefix
ZipRecruiter,Rotting Oranges,92.7,https://leetcode.com/problems/rotting-oranges
ZipRecruiter,Split Message Based on Limit,82.4,https://leetcode.com/problems/split-message-based-on-limit
ZipRecruiter,Minimum Operations to Write the Letter Y on a Grid,82.4,https://leetcode.com/problems/minimum-operations-to-write-the-letter-y-on-a-grid
Zluri,Maximum Array Hopping Score I,100,https://leetcode.com/problems/maximum-array-hopping-score-i
Zluri,Maximum Array Hopping Score II,100,https://leetcode.com/problems/maximum-array-hopping-score-ii
Zoho,Climbing Stairs,100,https://leetcode.com/problems/climbing-stairs
Zoho,Best Time to Buy and Sell Stock,96.4,https://leetcode.com/problems/best-time-to-buy-and-sell-stock
Zoho,Spiral Matrix,96.4,https://leetcode.com/problems/spiral-matrix
Zoho,Longest Palindromic Substring,94.4,https://leetcode.com/problems/longest-palindromic-substring
Zoho,Group Anagrams,94.4,https://leetcode.com/problems/group-anagrams
Zoho,Longest Substring Without Repeating Characters,92.2,https://leetcode.com/problems/longest-substring-without-repeating-characters
Zoho,Decode String,88.5,https://leetcode.com/problems/decode-string
Zoho,Valid Parentheses,88.5,https://leetcode.com/problems/valid-parentheses
Zoho,Number of Islands,87.2,https://leetcode.com/problems/number-of-islands
Zoho,Trapping Rain Water,85.7,https://leetcode.com/problems/trapping-rain-water
Zoho,Move Zeroes,85.7,https://leetcode.com/problems/move-zeroes
Zoho,Merge Intervals,85.7,https://leetcode.com/problems/merge-intervals
Zoho,Two Sum,84.1,https://leetcode.com/problems/two-sum
Zoho,Sort Even and Odd Indices Independently,82.5,https://leetcode.com/problems/sort-even-and-odd-indices-independently
Zoho,Compare Version Numbers,80.7,https://leetcode.com/problems/compare-version-numbers
Zoho,Rotate Image,78.8,https://leetcode.com/problems/rotate-image
Zoho,Largest Number,78.8,https://leetcode.com/problems/largest-number
Zoho,Generate Parentheses,78.8,https://leetcode.com/problems/generate-parentheses
Zoho,Rotate Array,76.7,https://leetcode.com/problems/rotate-array
Zoho,Excel Sheet Column Number,76.7,https://leetcode.com/problems/excel-sheet-column-number
Zoho,Zigzag Conversion,76.7,https://leetcode.com/problems/zigzag-conversion
Zoho,Find Winner on a Tic Tac Toe Game,76.7,https://leetcode.com/problems/find-winner-on-a-tic-tac-toe-game
Zoho,Container With Most Water,74.4,https://leetcode.com/problems/container-with-most-water
Zoho,Longest Common Prefix,74.4,https://leetcode.com/problems/longest-common-prefix
Zoho,Remove All Occurrences of a Substring,74.4,https://leetcode.com/problems/remove-all-occurrences-of-a-substring
Zoho,Wildcard Matching,69.1,https://leetcode.com/problems/wildcard-matching
Zoho,Regular Expression Matching,69.1,https://leetcode.com/problems/regular-expression-matching
Zoho,Word Pattern,65.9,https://leetcode.com/problems/word-pattern
Zoho,Text Justification,65.9,https://leetcode.com/problems/text-justification
Zoho,Median of Two Sorted Arrays,65.9,https://leetcode.com/problems/median-of-two-sorted-arrays
Zoho,Roman to Integer,65.9,https://leetcode.com/problems/roman-to-integer
Zoho,Valid Sudoku,65.9,https://leetcode.com/problems/valid-sudoku
Zoho,Merge Sorted Array,62.2,https://leetcode.com/problems/merge-sorted-array
Zoho,Non-overlapping Intervals,62.2,https://leetcode.com/problems/non-overlapping-intervals
Zoho,Replace Elements with Greatest Element on Right Side,62.2,https://leetcode.com/problems/replace-elements-with-greatest-element-on-right-side
Zoho,Edit Distance,62.2,https://leetcode.com/problems/edit-distance
Zoho,Happy Number,62.2,https://leetcode.com/problems/happy-number
Zoho,Longest Valid Parentheses,62.2,https://leetcode.com/problems/longest-valid-parentheses
Zoho,Basic Calculator II,62.2,https://leetcode.com/problems/basic-calculator-ii
Zoho,Best Time to Buy and Sell Stock II,57.8,https://leetcode.com/problems/best-time-to-buy-and-sell-stock-ii
Zoho,Largest Rectangle in Histogram,57.8,https://leetcode.com/problems/largest-rectangle-in-histogram
Zoho,Search in Rotated Sorted Array,57.8,https://leetcode.com/problems/search-in-rotated-sorted-array
Zoho,Combination Sum,57.8,https://leetcode.com/problems/combination-sum
Zoho,Count and Say,57.8,https://leetcode.com/problems/count-and-say
Zoho,Product of Array Except Self,57.8,https://leetcode.com/problems/product-of-array-except-self
Zoho,Find the Duplicate Number,57.8,https://leetcode.com/problems/find-the-duplicate-number
Zoho,Sort Colors,57.8,https://leetcode.com/problems/sort-colors
Zoho,Restore IP Addresses,57.8,https://leetcode.com/problems/restore-ip-addresses
Zoho,Decode Ways,57.8,https://leetcode.com/problems/decode-ways
Zoho,3Sum,57.8,https://leetcode.com/problems/3sum
Zoho,Jump Game,57.8,https://leetcode.com/problems/jump-game
Zoho,Letter Combinations of a Phone Number,57.8,https://leetcode.com/problems/letter-combinations-of-a-phone-number
Zoho,Partition Equal Subset Sum,57.8,https://leetcode.com/problems/partition-equal-subset-sum
Zoho,Merge Strings Alternately,52.5,https://leetcode.com/problems/merge-strings-alternately
Zoho,Shuffle the Array,52.5,https://leetcode.com/problems/shuffle-the-array
Zoho,Reverse Vowels of a String,52.5,https://leetcode.com/problems/reverse-vowels-of-a-string
Zoho,Palindrome Number,52.5,https://leetcode.com/problems/palindrome-number
Zoho,Integer to English Words,52.5,https://leetcode.com/problems/integer-to-english-words
Zoho,Word Search II,52.5,https://leetcode.com/problems/word-search-ii
Zoho,Diagonal Traverse,52.5,https://leetcode.com/problems/diagonal-traverse
Zoho,Single Number,52.5,https://leetcode.com/problems/single-number
Zoho,Find the Index of the First Occurrence in a String,52.5,https://leetcode.com/problems/find-the-index-of-the-first-occurrence-in-a-string
Zoho,Word Search,52.5,https://leetcode.com/problems/word-search
Zoho,Maximum Subarray,52.5,https://leetcode.com/problems/maximum-subarray
Zoho,Spiral Matrix II,52.5,https://leetcode.com/problems/spiral-matrix-ii
Zoho,Add to Array-Form of Integer,52.5,https://leetcode.com/problems/add-to-array-form-of-integer
Zoho,Longest Consecutive Sequence,52.5,https://leetcode.com/problems/longest-consecutive-sequence
Zoho,N-Queens,52.5,https://leetcode.com/problems/n-queens
Zoho,3Sum Closest,52.5,https://leetcode.com/problems/3sum-closest
Zoho,Remove Duplicates from Sorted Array,52.5,https://leetcode.com/problems/remove-duplicates-from-sorted-array
Zoho,Maximum Population Year,45.7,https://leetcode.com/problems/maximum-population-year
Zoho,Asteroid Collision,45.7,https://leetcode.com/problems/asteroid-collision
Zoho,Permutations,45.7,https://leetcode.com/problems/permutations
Zoho,Subsets,45.7,https://leetcode.com/problems/subsets
Zoho,Integer to Roman,45.7,https://leetcode.com/problems/integer-to-roman
Zoho,Reverse Only Letters,45.7,https://leetcode.com/problems/reverse-only-letters
Zoho,Minimum Time Difference,45.7,https://leetcode.com/problems/minimum-time-difference
Zoho,Coin Change,45.7,https://leetcode.com/problems/coin-change
Zoho,Longest Increasing Subsequence,45.7,https://leetcode.com/problems/longest-increasing-subsequence
Zoho,Search Insert Position,45.7,https://leetcode.com/problems/search-insert-position
Zoho,Word Break,45.7,https://leetcode.com/problems/word-break
Zoho,Find Triangular Sum of an Array,45.7,https://leetcode.com/problems/find-triangular-sum-of-an-array
Zoho,Reverse Words in a String,45.7,https://leetcode.com/problems/reverse-words-in-a-string
Zoho,House Robber,45.7,https://leetcode.com/problems/house-robber
Zoho,Find the Winner of the Circular Game,45.7,https://leetcode.com/problems/find-the-winner-of-the-circular-game
Zoho,Middle of the Linked List,36.3,https://leetcode.com/problems/middle-of-the-linked-list
Zoho,Remove All Adjacent Duplicates In String,36.3,https://leetcode.com/problems/remove-all-adjacent-duplicates-in-string
Zoho,Next Permutation,36.3,https://leetcode.com/problems/next-permutation
Zoho,Isomorphic Strings,36.3,https://leetcode.com/problems/isomorphic-strings
Zoho,Binary Search,36.3,https://leetcode.com/problems/binary-search
Zoho,Cinema Seat Allocation,36.3,https://leetcode.com/problems/cinema-seat-allocation
Zoho,Palindrome Linked List,36.3,https://leetcode.com/problems/palindrome-linked-list
Zoho,Remove K Digits,36.3,https://leetcode.com/problems/remove-k-digits
Zoho,First Unique Character in a String,36.3,https://leetcode.com/problems/first-unique-character-in-a-string
Zoho,Remove Duplicates from Sorted Array II,36.3,https://leetcode.com/problems/remove-duplicates-from-sorted-array-ii
Zoho,The Latest Time to Catch a Bus,36.3,https://leetcode.com/problems/the-latest-time-to-catch-a-bus
Zoho,Reverse Linked List II,36.3,https://leetcode.com/problems/reverse-linked-list-ii
Zoho,Unique Binary Search Trees,36.3,https://leetcode.com/problems/unique-binary-search-trees
Zoho,Excel Sheet Column Title,36.3,https://leetcode.com/problems/excel-sheet-column-title
Zoho,Maximum Sum of an Hourglass,36.3,https://leetcode.com/problems/maximum-sum-of-an-hourglass
Zomato,Maximum Spending After Buying Items,100,https://leetcode.com/problems/maximum-spending-after-buying-items
Zomato,Split the Array to Make Coprime Products,100,https://leetcode.com/problems/split-the-array-to-make-coprime-products
Zomato,Bitwise OR of All Subsequence Sums,100,https://leetcode.com/problems/bitwise-or-of-all-subsequence-sums
Zomato,Shortest Cycle in a Graph,100,https://leetcode.com/problems/shortest-cycle-in-a-graph
Zomato,Number of Ways to Divide a Long Corridor,100,https://leetcode.com/problems/number-of-ways-to-divide-a-long-corridor
Zomato,Count the Hidden Sequences,94.3,https://leetcode.com/problems/count-the-hidden-sequences
Zomato,Find and Replace Pattern,82.2,https://leetcode.com/problems/find-and-replace-pattern
Zomato,Total Cost to Hire K Workers,82.2,https://leetcode.com/problems/total-cost-to-hire-k-workers
Zomato,Cherry Pickup,76.5,https://leetcode.com/problems/cherry-pickup
Zomato,Count Zero Request Servers,69.2,https://leetcode.com/problems/count-zero-request-servers
Zomato,First Missing Positive,69.2,https://leetcode.com/problems/first-missing-positive
Zomato,Frog Jump,58.9,https://leetcode.com/problems/frog-jump
Zomato,Optimal Account Balancing,58.9,https://leetcode.com/problems/optimal-account-balancing
Zomato,Unique Paths,58.9,https://leetcode.com/problems/unique-paths
Zomato,Largest Rectangle in Histogram,58.9,https://leetcode.com/problems/largest-rectangle-in-histogram
Zomato,3Sum,58.9,https://leetcode.com/problems/3sum
Zomato,LFU Cache,58.9,https://leetcode.com/problems/lfu-cache
Zomato,Number of Islands,58.9,https://leetcode.com/problems/number-of-islands
Zomato,Self Crossing,58.9,https://leetcode.com/problems/self-crossing
Zomato,Unique Paths II,58.9,https://leetcode.com/problems/unique-paths-ii
Zomato,Jump Game II,58.9,https://leetcode.com/problems/jump-game-ii
Zomato,Two Sum II - Input Array Is Sorted,58.9,https://leetcode.com/problems/two-sum-ii-input-array-is-sorted
Zomato,Snakes and Ladders,58.9,https://leetcode.com/problems/snakes-and-ladders
Zomato,Maximum Subarray,58.9,https://leetcode.com/problems/maximum-subarray
Zoom,User Activity for the Past 30 Days I,100,https://leetcode.com/problems/user-activity-for-the-past-30-days-i
Zoom,User Activity for the Past 30 Days II,100,https://leetcode.com/problems/user-activity-for-the-past-30-days-ii
Zoom,Container With Most Water,66,https://leetcode.com/problems/container-with-most-water
Zoox,Best Time to Buy and Sell Stock,100,https://leetcode.com/problems/best-time-to-buy-and-sell-stock
Zoox,Minimum Number of Frogs Croaking,72.5,https://leetcode.com/problems/minimum-number-of-frogs-croaking
Zoox,Basic Calculator II,72.5,https://leetcode.com/problems/basic-calculator-ii
Zoox,H-Index,58.8,https://leetcode.com/problems/h-index
Zoox,4Sum,58.8,https://leetcode.com/problems/4sum
Zoox,Rotting Oranges,58.8,https://leetcode.com/problems/rotting-oranges
Zoox,Fibonacci Number,58.8,https://leetcode.com/problems/fibonacci-number
Zoox,Design Circular Queue,58.8,https://leetcode.com/problems/design-circular-queue
Zoox,String Compression,58.8,https://leetcode.com/problems/string-compression
Zopsmart,Zigzag Conversion,100,https://leetcode.com/problems/zigzag-conversion
Zopsmart,Trapping Rain Water,84.5,https://leetcode.com/problems/trapping-rain-water
Zopsmart,Reverse Nodes in Even Length Groups,82.6,https://leetcode.com/problems/reverse-nodes-in-even-length-groups
Zopsmart,Minimum Window Substring,72.5,https://leetcode.com/problems/minimum-window-substring
Zopsmart,Bulls and Cows,68.9,https://leetcode.com/problems/bulls-and-cows
Zopsmart,Fraction Addition and Subtraction,68.9,https://leetcode.com/problems/fraction-addition-and-subtraction
Zopsmart,Remove K Digits,64.5,https://leetcode.com/problems/remove-k-digits
Zopsmart,Container With Most Water,58.8,https://leetcode.com/problems/container-with-most-water
Zopsmart,Group Anagrams,58.8,https://leetcode.com/problems/group-anagrams
Zopsmart,Reverse Words in a String,58.8,https://leetcode.com/problems/reverse-words-in-a-string
Zopsmart,3Sum,50.8,https://leetcode.com/problems/3sum
Zopsmart,Best Time to Buy and Sell Stock,50.8,https://leetcode.com/problems/best-time-to-buy-and-sell-stock
Zopsmart,Add Two Numbers,50.8,https://leetcode.com/problems/add-two-numbers
Zopsmart,Letter Combinations of a Phone Number,50.8,https://leetcode.com/problems/letter-combinations-of-a-phone-number
Zopsmart,Reverse Linked List,50.8,https://leetcode.com/problems/reverse-linked-list
Zopsmart,Reverse Nodes in k-Group,50.8,https://leetcode.com/problems/reverse-nodes-in-k-group
Zopsmart,Longest Palindromic Substring,50.8,https://leetcode.com/problems/longest-palindromic-substring
Zopsmart,Sort Colors,50.8,https://leetcode.com/problems/sort-colors
ZS Associates,Longest Harmonious Subsequence,100,https://leetcode.com/problems/longest-harmonious-subsequence
ZS Associates,Distribute Candies Among Children II,88.5,https://leetcode.com/problems/distribute-candies-among-children-ii
ZS Associates,Longest Unequal Adjacent Groups Subsequence I,88.5,https://leetcode.com/problems/longest-unequal-adjacent-groups-subsequence-i
ZS Associates,Largest 1-Bordered Square,88.5,https://leetcode.com/problems/largest-1-bordered-square
ZS Associates,Crawler Log Folder,88.5,https://leetcode.com/problems/crawler-log-folder
ZS Associates,Managers with at Least 5 Direct Reports,88.5,https://leetcode.com/problems/managers-with-at-least-5-direct-reports
ZS Associates,The Number of Employees Which Report to Each Employee,88.5,https://leetcode.com/problems/the-number-of-employees-which-report-to-each-employee
ZS Associates,Nth Highest Salary,88.5,https://leetcode.com/problems/nth-highest-salary
ZS Associates,Product of Array Except Self,88.5,https://leetcode.com/problems/product-of-array-except-self
ZScaler,Largest Number After Digit Swaps by Parity,100,https://leetcode.com/problems/largest-number-after-digit-swaps-by-parity
ZScaler,Day of the Year,100,https://leetcode.com/problems/day-of-the-year
ZScaler,Apply Operations to Make Sum of Array Greater Than or Equal to k,100,https://leetcode.com/problems/apply-operations-to-make-sum-of-array-greater-than-or-equal-to-k
ZScaler,Maximum Strong Pair XOR I,100,https://leetcode.com/problems/maximum-strong-pair-xor-i
ZScaler,Maximum Strong Pair XOR II,100,https://leetcode.com/problems/maximum-strong-pair-xor-ii
ZScaler,Optimal Account Balancing,94.4,https://leetcode.com/problems/optimal-account-balancing
ZScaler,Robot Bounded In Circle,77.1,https://leetcode.com/problems/robot-bounded-in-circle
ZScaler,Find the Smallest Divisor Given a Threshold,69.9,https://leetcode.com/problems/find-the-smallest-divisor-given-a-threshold
ZScaler,Two Sum,69.9,https://leetcode.com/problems/two-sum
ZScaler,Jump Game,69.9,https://leetcode.com/problems/jump-game
ZScaler,Rotate Image,69.9,https://leetcode.com/problems/rotate-image
ZScaler,Degree of an Array,59.8,https://leetcode.com/problems/degree-of-an-array
ZScaler,Linked List Cycle,59.8,https://leetcode.com/problems/linked-list-cycle
ZScaler,Longest Substring Without Repeating Characters,59.8,https://leetcode.com/problems/longest-substring-without-repeating-characters
ZScaler,Moving Average from Data Stream,59.8,https://leetcode.com/problems/moving-average-from-data-stream
ZScaler,Remove Duplicates from Sorted Array,59.8,https://leetcode.com/problems/remove-duplicates-from-sorted-array
ZScaler,Longest Common Prefix,59.8,https://leetcode.com/problems/longest-common-prefix
ZScaler,Search in Rotated Sorted Array,59.8,https://leetcode.com/problems/search-in-rotated-sorted-array
ZScaler,Contains Duplicate,59.8,https://leetcode.com/problems/contains-duplicate
ZScaler,Palindrome Linked List,59.8,https://leetcode.com/problems/palindrome-linked-list
ZScaler,Number of Divisible Triplet Sums,59.8,https://leetcode.com/problems/number-of-divisible-triplet-sums
ZScaler,LRU Cache,59.8,https://leetcode.com/problems/lru-cache
ZScaler,Minimum Increment to Make Array Unique,59.8,https://leetcode.com/problems/minimum-increment-to-make-array-unique
ZScaler,Word Ladder,59.8,https://leetcode.com/problems/word-ladder
Zynga,Largest Rectangle in Histogram,100,https://leetcode.com/problems/largest-rectangle-in-histogram
Zynga,Asteroid Collision,71.5,https://leetcode.com/problems/asteroid-collision
Zynga,Reverse Linked List,71.5,https://leetcode.com/problems/reverse-linked-list
Zynga,Longest Substring Without Repeating Characters,71.5,https://leetcode.com/problems/longest-substring-without-repeating-characters
